id,type,data
0,0,"[[0,0,0],[1,0,0],[2,0,0],[3,0,0],[4,0,0]]"
1,5,"[[5,0,0],[6,0,0]]"
2,4,"[[7,0,0],[8,0,0]]"
3,1,"[[9,0,0],[10,0,0],[11,0,0],[12,0,0],[13,0,0],[14,0,0],[15,0,0],[16,0,0],[17,0,0],[18,0,0],[19,0,0],[20,0,0],[21,0,0],[22,0,0],[23,0,0],[24,0,0],[25,0,0],[26,0,0],[27,0,0],[28,0,0]]"
4,2,"[[29,0,0],[30,0,0],[31,0,0],[32,0,0],[33,0,0],[34,0,0],[35,0,0],[36,0,0],[37,0,0],[38,0,0],[39,0,0],[40,0,0],[41,0,0],[42,0,0],[43,0,0]]"
5,3,"[[44,10,18],[45,15,21],[45,10,22],[45,11,22],[45,11,21],[45,13,23],[45,18,28],[45,18,23],[45,17,23],[46,22,11],[47,6,14],[47,0,0],[48,13,6],[49,8,1],[50,0,0],[47,0,0],[45,7,19],[45,7,19],[45,21,23],[45,12,28],[45,24,24],[45,16,29],[45,22,12],[45,17,20]]"
6,3,"[[51,0,0],[52,20,0],[52,16,0],[53,20,0],[53,20,0],[52,19,0],[54,26,0],[52,27,0],[52,27,0],[55,0,5],[79,0,0],[79,0,0],[56,0,3],[57,0,2],[58,5,9],[79,0,0],[59,0,0],[59,0,0],[61,5,0],[60,0,0],[61,5,0],[60,0,0],[62,3,0],[63,3,0]]"
7,3,"[[64,3,21],[65,0,9],[65,0,11],[66,0,1],[66,0,1],[67,0,4],[68,0,9],[68,0,3],[68,0,3],[65,5,0],[69,0,0],[79,0,0],[70,19,0],[71,6,0],[72,12,16],[79,0,0],[73,6,12],[73,6,11],[73,0,11],[74,1,5],[75,0,4],[76,3,5],[77,0,1],[78,0,1]]"
8,0,"[[115,0,0],[116,0,0],[117,0,0],[118,0,0],[119,0,-1]]"
9,1,"[[80,0,0],[81,0,0],[82,0,0],[83,0,0],[84,0,0],[85,0,0],[86,0,0],[87,0,0],[88,0,0],[89,0,0],[90,0,0],[91,0,0],[92,0,0],[93,0,0],[94,0,0],[95,0,0],[96,0,0],[97,0,0],[98,0,0],[99,0,0]]"
10,2,"[[100,0,0],[101,0,0],[102,0,0],[103,0,0],[104,0,0],[105,0,0],[106,0,0],[107,0,0],[108,0,0],[109,0,0],[110,0,0],[111,0,0],[112,0,0],[113,0,0],[114,0,0]]"
11,4,"[[120,4,0],[121,3,1]]"
12,0,"[[159,0,0],[160,0,0],[161,0,0],[162,0,0],[163,0,0]]"
13,1,"[[124,0,0],[125,0,0],[126,0,0],[127,0,0],[128,0,0],[129,0,0],[130,0,0],[131,0,0],[132,0,0],[133,0,0],[134,0,0],[135,0,0],[136,0,0],[137,0,0],[138,0,0],[139,0,0],[140,0,0],[141,0,0],[142,0,0],[143,0,0]]"
14,2,"[[144,1,0],[145,0,0],[146,0,0],[147,0,0],[148,0,0],[149,0,0],[150,0,0],[151,0,0],[152,0,0],[153,0,0],[154,0,0],[155,0,0],[156,0,0],[157,0,0],[158,0,0]]"
15,4,"[[164,1,1],[164,3,1]]"
16,0,"[[200,-4,-7],[201,-1,-6],[202,-1,-5],[203,-3,-8],[204,-2,-7]]"
17,1,"[[165,-9,-6],[166,-7,0],[167,-6,-2],[168,-13,0],[169,-7,-7],[170,-10,-6],[171,-14,-5],[172,-3,-4],[173,-10,-3],[174,-12,-1],[175,-8,-2],[176,-5,-2],[177,-8,-5],[178,-7,-3],[179,-8,-5],[180,-3,-2],[181,-11,-5],[182,-11,-4],[183,-8,-3],[184,-6,-6]]"
18,2,"[[185,0,2],[186,0,3],[187,-9,5],[188,-7,5],[189,-7,6],[190,-4,3],[191,-2,3],[192,0,6],[193,3,6],[194,3,6],[195,8,7],[196,0,-4],[197,4,-1],[198,-4,4],[199,-5,0]]"
19,4,"[[205,-1,-5],[206,0,-8]]"
20,0,"[[242,0,0],[243,0,0],[244,0,-3],[245,0,-2],[246,0,0]]"
21,1,"[[207,0,1],[208,-2,1],[209,0,-1],[210,-1,1],[211,-2,1],[212,-2,-1],[213,-4,-1],[214,-2,0],[215,-4,-1],[216,-3,-1],[217,-3,1],[218,-2,0],[219,0,0],[220,0,0],[221,-1,0],[222,0,-1],[223,-2,0],[224,-1,0],[225,-1,1],[226,-2,0]]"
22,2,"[[227,0,0],[228,0,0],[229,0,0],[230,0,0],[231,0,0],[232,0,0],[233,0,0],[234,0,0],[235,0,0],[236,0,0],[237,0,0],[238,0,0],[239,0,0],[240,0,0],[241,0,0]]"
23,4,"[[247,4,-4],[247,3,-2]]"
24,5,"[[248,1,0],[249,1,0]]"
25,4,"[[250,3,-1],[251,3,-1]]"
26,1,"[[252,0,0],[253,0,0],[254,0,0],[255,0,0],[256,0,0],[257,0,0],[258,0,0],[259,0,0],[260,0,0],[261,0,0],[262,0,0],[263,0,0],[264,0,0],[265,0,0],[266,0,0],[267,0,0],[268,0,0],[269,0,0],[270,0,0],[271,0,0]]"
27,2,"[[272,0,0],[273,0,0],[274,-1,0],[275,0,0],[276,0,0],[277,0,0],[278,0,0],[279,0,0],[280,0,0],[281,0,0],[282,0,0],[283,0,0],[284,0,0],[285,0,0],[286,0,0]]"
28,5,"[[287,1,-1],[288,1,-1]]"
29,4,"[[289,3,13],[290,3,13]]"
30,1,"[[291,0,0],[292,0,0],[293,0,0],[294,0,0],[295,0,0],[296,0,0],[297,0,0],[298,0,0],[299,0,0],[300,0,0],[301,0,0],[302,0,0],[303,0,0],[304,0,0],[305,0,0],[306,0,0],[307,0,0],[308,0,0],[309,0,0],[310,0,0]]"
31,2,"[[311,1,0],[312,0,0],[313,-1,0],[314,0,0],[315,0,0],[316,0,0],[317,0,0],[318,0,0],[319,0,0],[320,0,0],[321,0,0],[322,0,0],[323,0,1],[324,0,0],[325,0,0]]"
32,5,"[[326,-1,-2],[327,-1,-2]]"
33,4,"[[328,4,-6],[329,1,-6]]"
34,1,"[[330,0,0],[331,0,0],[332,0,0],[333,0,0],[334,0,0],[335,0,0],[336,0,0],[337,0,0],[338,-1,0],[339,-1,0],[340,0,0],[341,0,0],[342,0,0],[343,0,0],[344,0,0],[345,0,0],[346,0,0],[347,0,0],[348,0,0],[349,0,0]]"
35,2,"[[350,2,0],[351,0,0],[352,0,0],[353,0,0],[354,0,0],[355,1,0],[356,0,0],[357,0,0],[358,0,0],[359,1,0],[360,0,0],[361,0,0],[362,0,1],[363,0,1],[364,0,0]]"
36,5,"[[365,2,1],[366,2,1]]"
37,4,"[[367,3,1],[368,3,1]]"
38,1,"[[369,0,0],[370,0,0],[371,0,0],[372,0,0],[373,0,0],[374,0,0],[375,0,0],[376,0,0],[377,0,0],[378,0,0],[379,0,0],[380,0,0],[381,0,0],[382,0,0],[383,0,0],[384,0,0],[385,0,0],[386,0,0],[387,0,0],[388,0,0]]"
39,2,"[[389,1,0],[390,0,0],[391,-1,0],[392,0,0],[393,0,0],[394,0,0],[395,0,0],[396,1,0],[397,1,0],[398,2,0],[399,1,-1],[400,0,0],[401,0,1],[402,0,0],[403,-1,0]]"
40,5,"[[404,2,-1],[405,2,-1]]"
41,5,"[[406,0,0],[407,1,-1]]"
42,4,"[[408,3,3],[409,3,3]]"
43,1,"[[410,0,0],[411,0,0],[412,0,0],[413,0,0],[414,0,0],[415,0,0],[416,0,0],[417,0,0],[418,0,0],[419,0,0],[420,0,0],[421,0,0],[422,0,0],[423,0,0],[424,0,0],[425,0,0],[426,0,0],[427,0,0],[428,0,0],[429,0,0]]"
44,2,"[[430,0,0],[431,0,0],[432,0,0],[433,0,0],[434,0,0],[435,0,0],[436,-1,0],[437,0,0],[438,0,0],[439,0,0],[440,0,-1],[441,0,0],[442,0,0],[443,0,0],[444,-1,0]]"
45,5,"[[445,1,0],[446,1,0]]"
46,4,"[[447,4,8],[448,5,8]]"
47,1,"[[449,0,0],[450,0,0],[451,0,0],[452,0,0],[453,0,0],[454,0,0],[455,0,0],[456,0,0],[457,0,0],[458,0,0],[459,0,0],[460,0,0],[461,0,0],[462,0,0],[463,0,0],[464,0,0],[465,0,0],[466,0,0],[467,0,0],[468,0,0]]"
48,2,"[[469,0,0],[470,0,0],[471,-1,0],[472,0,0],[473,0,0],[474,0,0],[475,0,0],[476,0,0],[477,0,0],[478,0,0],[479,0,0],[480,0,0],[481,0,1],[482,0,0],[483,-1,0]]"
49,5,"[[484,1,-1],[485,2,-1]]"
50,4,"[[486,1,-3],[487,1,-3]]"
51,1,"[[488,0,0],[489,0,0],[490,0,0],[491,0,0],[492,0,0],[493,0,0],[494,0,0],[495,0,0],[496,0,0],[497,0,0],[498,0,0],[499,0,0],[500,0,0],[501,0,0],[502,0,0],[503,0,0],[504,0,0],[505,0,0],[506,0,0],[507,0,0]]"
52,2,"[[508,1,0],[509,0,0],[510,-1,0],[511,0,0],[512,0,0],[513,0,0],[514,0,0],[515,0,0],[516,0,0],[517,0,0],[518,0,0],[519,0,0],[520,0,1],[521,0,0],[522,0,0]]"
53,5,"[[523,2,0],[524,2,0]]"
54,4,"[[525,2,3],[526,3,3]]"
55,1,"[[527,0,0],[528,0,0],[529,0,0],[530,0,0],[531,0,0],[532,0,0],[533,0,0],[534,0,0],[535,-1,0],[536,-1,0],[537,0,0],[538,0,0],[539,0,0],[540,0,0],[541,0,0],[542,0,0],[543,0,0],[544,0,0],[545,0,0],[546,0,0]]"
56,2,"[[547,1,0],[548,0,0],[549,-1,0],[550,0,0],[551,0,0],[552,0,0],[553,0,0],[554,0,0],[555,0,0],[556,0,0],[557,0,0],[558,0,0],[559,0,0],[560,0,0],[561,0,0]]"
57,5,"[[562,2,1],[563,2,1]]"
58,4,"[[564,3,-2],[565,3,-2]]"
59,1,"[[566,0,0],[567,0,0],[568,0,0],[569,0,0],[570,0,0],[571,0,0],[572,0,0],[573,0,0],[574,0,0],[575,0,0],[576,0,0],[577,0,0],[578,0,0],[579,0,0],[580,0,0],[581,0,0],[582,0,0],[583,0,0],[584,0,0],[585,0,0]]"
60,2,"[[586,1,0],[587,0,0],[588,-1,0],[589,0,0],[590,0,0],[591,0,0],[592,0,0],[593,1,0],[594,1,0],[595,2,0],[596,1,-1],[597,0,0],[598,0,1],[599,0,0],[600,-1,0]]"
61,3,"[[601,-5,2],[79,-1,21],[602,-8,23],[603,-1,-4],[603,-1,-4],[604,8,12],[605,3,-8],[605,3,-14],[605,3,-14],[606,-6,7],[606,-39,0],[606,-48,-15],[607,21,-2],[609,7,7],[610,14,6],[79,0,0],[611,-3,-2],[611,-4,-2],[79,-13,10],[79,-9,21],[605,5,-15],[612,2,-13],[79,0,0],[79,0,0]]"
62,3,"[[613,21,0],[614,20,2],[614,16,1],[614,18,0],[614,19,0],[614,18,0],[614,26,8],[614,27,2],[614,26,1],[614,22,-8],[614,3,-9],[614,-4,-21],[614,15,19],[614,9,20],[614,-2,9],[614,-3,-21],[614,22,-1],[614,21,-1],[614,29,2],[614,21,6],[614,32,2],[614,26,7],[615,-4,1],[616,-4,5]]"
63,3,"[[617,-5,12],[79,25,13],[617,-4,15],[621,0,-1],[621,-1,-1],[618,31,15],[617,-4,17],[617,-4,11],[617,-4,11],[617,1,3],[617,-32,-2],[617,-39,-17],[623,19,3],[623,14,4],[622,14,15],[79,0,0],[79,0,0],[79,0,0],[617,-3,7],[621,4,1],[624,-4,9],[621,5,1],[79,0,0],[79,0,0]]"
64,3,"[[625,-3,20],[626,24,16],[79,1,22],[627,-3,-2],[627,-3,-2],[626,32,16],[628,-6,15],[628,-6,9],[628,-6,9],[79,0,0],[79,0,0],[79,0,0],[626,19,34],[629,0,-4],[630,5,16],[79,0,0],[79,0,0],[79,0,0],[79,0,0],[79,0,0],[631,-8,13],[632,-3,4],[79,0,0],[79,0,0]]"
65,0,"[[666,-2,-3],[667,-2,-3],[668,-1,-2],[669,-2,-4],[670,-1,-4]]"
66,2,"[[651,0,0],[652,0,0],[653,0,0],[654,0,0],[655,0,0],[656,0,0],[657,1,0],[658,0,0],[659,0,1],[660,2,0],[661,0,0],[662,0,1],[663,2,2],[664,1,3],[665,-3,0]]"
67,1,"[[671,0,0],[634,-1,0],[635,0,0],[636,0,0],[637,-3,0],[638,-1,0],[639,-2,0],[640,-2,0],[641,0,0],[642,0,0],[643,0,0],[644,0,0],[645,1,0],[646,2,0],[647,-2,0],[648,0,0],[649,0,0],[673,0,0],[672,0,0],[650,0,0]]"
68,0,"[[707,0,-12],[708,0,-11],[709,-1,-9],[710,-2,-10],[711,6,-11]]"
69,2,"[[692,1,-10],[693,-1,-7],[694,-4,-8],[695,-7,-6],[696,-9,-6],[697,-3,-7],[698,-6,-4],[699,-5,-9],[700,1,-7],[701,-1,-7],[702,0,-7],[703,-5,-5],[704,-5,-9],[705,-2,-8],[706,-4,-9]]"
70,1,"[[674,-8,-16],[675,2,-13],[676,-5,-13],[677,-13,-12],[678,-6,-12],[679,-10,-12],[680,-4,-16],[681,-1,-13],[682,-6,-13],[683,-5,-21],[684,-5,-13],[685,-4,-15],[686,-1,-14],[687,-3,-13],[688,-6,-14],[689,-7,-11],[690,-19,-13],[712,-18,-15],[713,-7,-14],[691,-6,-14]]"
71,0,"[[749,0,-1],[750,0,-1],[751,0,-1],[752,0,-1],[753,-1,-2]]"
72,2,"[[734,0,0],[735,0,0],[736,0,-1],[737,0,0],[738,0,0],[739,0,0],[740,0,-1],[741,-1,0],[742,0,0],[743,0,0],[744,-1,0],[745,0,0],[746,0,0],[747,0,0],[748,-1,0]]"
73,1,"[[714,0,0],[715,0,0],[716,0,0],[717,0,0],[718,0,0],[719,0,0],[720,0,0],[721,0,0],[722,0,0],[723,0,1],[724,0,0],[725,0,0],[726,0,0],[727,0,0],[728,0,0],[729,0,0],[730,0,0],[731,0,0],[732,0,0],[733,0,0]]"
74,0,"[[789,-2,-11],[790,-1,-9],[791,-2,-9],[792,-2,-10],[793,-2,-10]]"
75,2,"[[774,0,-7],[775,9,-9],[776,-1,-7],[777,-3,-4],[778,2,-6],[779,-2,-3],[780,0,-6],[781,4,-7],[782,11,-8],[783,11,-8],[784,3,-5],[785,0,-5],[786,-1,-4],[787,0,-5],[788,2,-5]]"
76,1,"[[754,-5,-11],[755,-5,-9],[756,-3,-10],[757,-1,-6],[758,-1,-10],[759,-1,-8],[760,-2,-12],[761,-2,-9],[762,-5,-9],[763,-5,-9],[764,-5,-7],[765,-3,-8],[766,-5,-8],[767,-6,-8],[768,-3,-10],[769,-2,-6],[770,-3,-10],[771,-2,-6],[772,-2,-9],[773,-2,-10]]"
77,0,"[[829,0,-1],[830,0,0],[831,0,0],[832,0,0],[833,3,-1]]"
78,2,"[[814,-1,0],[815,0,0],[816,-2,0],[817,0,0],[818,-1,0],[819,0,0],[820,0,0],[821,-1,-1],[822,-1,0],[823,-1,0],[824,2,0],[825,2,0],[826,2,0],[827,2,0],[828,-1,0]]"
79,1,"[[794,2,-4],[795,-2,-3],[796,-2,-4],[797,0,-3],[798,-2,-4],[799,0,-1],[800,-3,-2],[801,2,-3],[802,-1,-1],[803,-1,-1],[804,-3,-2],[805,-3,-2],[806,2,-5],[807,3,-3],[808,0,-3],[809,0,-2],[810,-1,-3],[811,-1,-1],[812,-1,-3],[813,0,-2]]"
80,4,"[[834,0,-4],[835,3,-3]]"
81,3,"[[1912,-27,-13],[1919,28,-13],[1914,-27,-1],[1915,-17,-22],[1915,-17,-21],[1917,31,5],[1913,-27,-13],[1913,-26,-18],[1913,-26,-20],[1919,30,-20],[1918,-62,-2],[1918,-59,-14],[1916,23,31],[1919,8,-23],[1919,18,-11],[1918,-56,-13],[1912,-23,-18],[1912,-22,-17],[1919,38,-14],[1919,29,-10],[1914,-37,-10],[1913,-28,-23],[1912,-10,-27],[1912,-11,-26]]"
82,0,"[[880,-2,-19],[881,1,-21],[882,-2,-18],[883,-2,-19],[884,2,-19]]"
83,2,"[[865,-6,-10],[866,-2,-9],[867,-4,-9],[868,-3,-10],[869,-2,-10],[870,-4,-11],[871,-7,-11],[872,-7,-9],[873,-8,-9],[874,-7,-11],[875,2,-9],[876,-7,-10],[877,-6,-10],[878,-1,-12],[879,0,-11]]"
84,1,"[[845,-10,-18],[846,-6,-19],[847,-2,-20],[848,-8,-22],[849,-6,-18],[850,-10,-20],[851,-6,-24],[852,-4,-22],[853,-5,-25],[854,-6,-26],[855,-5,-22],[856,-5,-22],[857,-13,-19],[858,-16,-19],[859,-6,-19],[860,-3,-22],[861,-7,-20],[862,-9,-21],[863,-1,-22],[864,-2,-22]]"
85,0,"[[920,-4,-5],[921,-2,-4],[922,-5,-4],[923,-6,-6],[924,0,-6]]"
86,2,"[[905,0,0],[906,-1,0],[907,-2,0],[908,0,0],[909,0,0],[910,1,0],[911,0,0],[912,0,0],[913,-1,0],[914,0,0],[915,-1,0],[916,0,0],[917,0,1],[918,0,0],[919,0,0]]"
87,1,"[[885,1,-3],[886,-2,-1],[887,0,-3],[888,0,-1],[889,0,-1],[890,1,-1],[891,-2,-2],[892,0,-1],[893,-2,-1],[894,-1,0],[895,-2,-1],[896,0,-1],[897,-1,-3],[898,0,-1],[899,1,-1],[900,0,-1],[901,1,-1],[902,-2,-2],[903,0,-3],[904,-2,-3]]"
88,3,"[[925,-16,-1],[929,-10,-14],[926,-12,13],[927,-5,-5],[927,-6,-5],[928,25,-11],[929,-7,-7],[929,-7,-12],[929,-7,-12],[926,-10,0],[930,-44,-15],[930,-48,-28],[931,7,-8],[932,-3,0],[933,9,-11],[930,-50,-32],[934,-9,-17],[934,-11,-17],[935,3,-22],[929,-8,-15],[925,-18,-3],[929,-9,-14],[926,-1,-4],[929,-5,-19]]"
89,0,"[[974,-2,-7],[975,-2,-7],[976,-1,-7],[977,-2,-7],[978,2,-7]]"
90,2,"[[957,-1,-7],[958,-2,-3],[959,-2,-5],[960,-2,-5],[961,-1,-6],[962,0,-3],[963,0,-2],[964,-2,-5],[965,0,-4],[966,0,-3],[967,2,-5],[968,2,-7],[969,-1,-7],[970,1,-5],[971,-4,-8]]"
91,1,"[[937,0,-10],[938,-1,-6],[939,-3,-7],[940,-1,-9],[941,-3,-6],[942,1,-9],[943,-2,-8],[944,-1,-7],[945,-3,-7],[946,-1,-9],[947,-2,-7],[948,-2,-8],[949,-1,-10],[950,-2,-9],[951,0,-9],[952,0,-8],[953,-2,-7],[954,-1,-7],[955,1,-8],[956,0,-7]]"
92,4,"[[972,-3,-9],[973,1,-6]]"
93,0,"[[1014,0,-5],[1015,2,-4],[1016,0,-5],[1017,-1,-3],[1018,3,-5]]"
94,2,"[[999,1,-7],[1000,0,-4],[1001,-2,-3],[1002,0,-3],[1003,0,-4],[1004,0,-3],[1005,0,-2],[1006,0,-2],[1007,0,-2],[1008,0,-4],[1009,2,-6],[1010,2,-7],[1011,1,-8],[1012,2,-11],[1013,0,-5]]"
95,1,"[[979,0,-5],[980,-1,-4],[981,0,-5],[982,2,-8],[983,0,-5],[984,0,-4],[985,0,-6],[986,2,-5],[987,0,-4],[988,1,-5],[989,0,-5],[990,0,-7],[991,2,-4],[992,1,-6],[993,3,-4],[994,0,-4],[995,0,-4],[996,1,-4],[997,0,-7],[998,1,-6]]"
96,0,"[[1054,3,-20],[1055,3,-21],[1056,3,-21],[1057,3,-20],[1058,3,-21]]"
97,2,"[[1039,0,0],[1040,0,0],[1041,0,0],[1042,0,0],[1043,0,0],[1044,-1,0],[1045,-1,0],[1046,0,0],[1047,0,0],[1048,1,0],[1049,3,0],[1050,4,1],[1051,9,0],[1052,2,-1],[1053,-1,-1]]"
98,1,"[[1019,-4,-18],[1020,-3,-14],[1021,-5,-16],[1022,3,-16],[1023,-3,-16],[1024,-5,-16],[1025,-1,-22],[1026,2,-16],[1027,-9,-22],[1028,-8,-24],[1029,-4,-20],[1030,1,-21],[1031,-1,-19],[1032,0,-17],[1033,-2,-18],[1034,1,-22],[1035,-8,-20],[1036,-3,-20],[1037,-3,-18],[1038,1,-19]]"
99,0,"[[1094,1,-3],[1095,2,-2],[1096,1,-2],[1097,1,-2],[1098,1,-3]]"
100,2,"[[1079,1,0],[1080,0,0],[1081,0,0],[1082,0,0],[1083,0,0],[1084,0,0],[1085,0,0],[1086,0,0],[1087,0,0],[1088,0,0],[1089,0,0],[1090,0,0],[1091,0,0],[1092,0,0],[1093,0,0]]"
101,1,"[[1059,1,-1],[1060,-1,0],[1061,-1,-1],[1062,0,0],[1063,0,0],[1064,0,-1],[1065,0,0],[1066,-1,-1],[1067,0,-1],[1068,0,0],[1069,0,-1],[1070,0,-1],[1071,2,-1],[1072,-1,-1],[1073,1,-2],[1074,1,1],[1075,0,0],[1076,0,0],[1077,1,-1],[1078,0,-1]]"
102,3,"[[1099,5,17],[1100,-10,7],[1101,-11,15],[1102,-7,-2],[1102,-6,-2],[1103,-8,-4],[1116,-7,-1],[1116,-8,-8],[1116,-9,-8],[1101,-9,0],[1105,-34,-17],[1106,-45,-24],[1107,15,-14],[1108,-1,-15],[1109,-1,14],[1110,-40,-17],[1111,3,9],[1111,-2,9],[79,-10,2],[79,-5,0],[79,-6,-3],[79,-5,-2],[79,-7,-11],[79,-10,-10]]"
103,3,"[[1117,1,15],[1118,-11,9],[1119,-7,4],[1120,-4,6],[1120,-5,6],[1121,-6,-3],[1122,-9,-1],[1122,-8,-7],[1122,-9,-7],[1119,-1,-5],[1124,-34,-2],[1125,-43,-19],[1126,16,-7],[1127,-2,-10],[1128,9,-2],[1129,-43,-18],[1130,9,12],[1130,8,9],[1131,-6,10],[1135,-11,1],[1132,-9,0],[1133,-8,-5],[1134,-1,-18],[1135,-3,-6]]"
104,0,"[[1171,-1,-11],[1172,0,-8],[1173,-1,-8],[1174,-1,-8],[1175,2,-11]]"
105,2,"[[1156,-2,-6],[1157,-2,-4],[1158,-2,-4],[1159,-3,-4],[1160,-2,-4],[1161,0,-5],[1162,1,-2],[1163,1,-4],[1164,2,-2],[1165,2,-4],[1166,2,-5],[1167,-1,-6],[1168,2,-6],[1169,0,-6],[1170,2,-5]]"
106,1,"[[1136,-6,-10],[1137,-4,-8],[1138,-4,-10],[1139,-2,-12],[1140,0,-11],[1141,-1,-7],[1142,-2,-9],[1143,-3,-11],[1144,-3,-4],[1145,-2,-6],[1146,-2,-6],[1147,-4,-9],[1148,-8,-8],[1149,-8,-8],[1150,1,-9],[1151,-1,-8],[1152,-1,-7],[1153,-3,-5],[1154,0,-9],[1155,-5,-10]]"
107,0,"[[1211,1,0],[1212,-1,0],[1213,1,-2],[1214,0,-2],[1215,3,-3]]"
108,2,"[[1196,0,0],[1197,0,0],[1198,0,0],[1199,0,0],[1200,0,0],[1201,0,0],[1202,0,0],[1203,0,0],[1204,0,0],[1205,0,0],[1206,0,0],[1207,0,0],[1208,0,0],[1209,0,0],[1210,0,0]]"
109,1,"[[1176,0,0],[1177,0,0],[1178,0,0],[1179,0,0],[1180,0,0],[1181,0,0],[1182,0,0],[1183,0,0],[1184,0,0],[1185,0,0],[1186,0,0],[1187,0,0],[1188,0,0],[1189,0,0],[1190,0,0],[1191,0,0],[1192,0,0],[1193,0,0],[1194,0,0],[1195,0,0]]"
110,0,"[[1251,-5,-22],[1252,-8,-21],[1253,-8,-22],[1254,-6,-27],[1255,-4,-23]]"
111,2,"[[1236,2,-2],[1237,0,0],[1238,0,0],[1239,0,0],[1240,0,0],[1241,0,0],[1242,0,0],[1243,0,0],[1244,0,0],[1245,0,0],[1246,0,0],[1247,0,0],[1248,0,0],[1249,0,0],[1250,0,0]]"
112,1,"[[1216,-14,-25],[1217,-13,-12],[1218,-8,-13],[1219,-11,-15],[1220,-16,-13],[1221,-13,-15],[1222,-15,-13],[1223,-17,-12],[1224,-6,-20],[1225,-8,-18],[1226,-8,-13],[1227,-22,-11],[1228,-17,-24],[1229,-15,-23],[1230,-10,-14],[1231,-9,-18],[1232,-13,-13],[1233,-16,-19],[1234,-4,-14],[1235,-7,-17]]"
113,0,"[[1291,0,-7],[1292,0,-7],[1293,-1,-6],[1294,-1,-8],[1295,2,-6]]"
114,2,"[[1276,0,-2],[1277,1,-2],[1278,0,-3],[1279,-2,-2],[1280,-3,-2],[1281,1,-2],[1282,0,-2],[1283,0,-2],[1284,-1,-2],[1285,-1,-3],[1286,4,-4],[1287,0,-4],[1288,1,-4],[1289,3,-6],[1290,2,-4]]"
115,1,"[[1256,-1,-7],[1257,-2,-6],[1258,1,-7],[1259,0,-5],[1260,-1,-6],[1261,0,-6],[1262,-2,-5],[1263,1,-4],[1264,-1,-8],[1265,-1,-5],[1266,-3,-5],[1267,-1,-6],[1268,0,-6],[1269,0,-6],[1270,-1,-6],[1271,2,-6],[1272,-2,-8],[1273,-1,-7],[1274,1,-7],[1275,0,-6]]"
116,0,"[[1331,-1,-17],[1332,0,-19],[1333,-1,-19],[1334,-4,-22],[1335,4,-16]]"
117,2,"[[1316,-3,-5],[1317,-6,-4],[1318,-3,-4],[1319,-3,-5],[1320,-3,-4],[1321,-1,-4],[1322,-1,-5],[1323,-3,-4],[1324,-4,-4],[1325,-3,-4],[1326,2,-5],[1327,-2,-6],[1328,3,-4],[1329,-1,-8],[1330,-4,-5]]"
118,1,"[[1296,-10,-16],[1297,-5,-14],[1298,-5,-16],[1299,-11,-27],[1300,-9,-21],[1301,-12,-18],[1302,-9,-14],[1303,-3,-15],[1304,-6,-26],[1305,-6,-28],[1306,-4,-22],[1307,-17,-21],[1308,-4,-17],[1309,-6,-15],[1310,-8,-18],[1311,-5,-20],[1312,-14,-17],[1313,-12,-20],[1314,-9,-16],[1315,-9,-17]]"
119,0,"[[1372,-8,-20],[1373,-5,-23],[1374,-5,-22],[1375,-6,-22],[1376,0,-23]]"
120,2,"[[1357,-3,-12],[1358,-5,-10],[1359,0,-13],[1360,-6,-10],[1361,-5,-12],[1362,-1,-13],[1363,0,-10],[1364,-5,-11],[1365,-3,-9],[1366,-1,-10],[1367,4,-10],[1368,2,-12],[1369,3,-11],[1370,4,-14],[1371,1,-10]]"
121,1,"[[1337,-9,-31],[1338,-5,-28],[1339,-3,-32],[1340,-15,-28],[1341,-7,-29],[1342,-12,-29],[1343,-9,-32],[1344,-5,-35],[1345,-3,-28],[1346,-4,-30],[1347,-5,-29],[1348,-14,-32],[1349,-4,-34],[1350,-4,-33],[1351,-6,-35],[1352,-7,-29],[1353,-12,-34],[1354,-11,-31],[1355,-6,-36],[1356,-5,-36]]"
122,0,"[[1412,-2,-8],[1413,1,-9],[1414,-1,-13],[1415,-3,-12],[1416,1,-11]]"
123,2,"[[1397,0,-1],[1398,0,0],[1399,-2,0],[1400,-3,0],[1401,-1,-1],[1402,-3,-1],[1403,-1,0],[1404,0,0],[1405,0,0],[1406,0,0],[1407,7,0],[1408,2,0],[1409,0,0],[1410,4,0],[1411,-1,0]]"
124,1,"[[1377,-4,-5],[1378,-1,-6],[1379,-1,-5],[1380,-3,-8],[1381,-4,-3],[1382,-3,-7],[1383,-6,-5],[1384,2,-5],[1385,-5,-10],[1386,-5,-10],[1387,-2,-6],[1388,-2,-5],[1389,0,-8],[1390,-3,-7],[1391,-5,-7],[1392,-3,-7],[1393,-4,-6],[1394,-4,-6],[1395,-1,-8],[1396,-2,-8]]"
125,0,"[[1452,0,-2],[1453,0,-2],[1454,0,-2],[1455,0,-3],[1456,0,-2]]"
126,2,"[[1437,1,0],[1438,0,0],[1439,0,0],[1440,0,0],[1441,0,0],[1442,0,0],[1443,0,0],[1444,0,0],[1445,0,0],[1446,1,0],[1447,0,0],[1448,0,0],[1449,0,0],[1450,0,0],[1451,0,0]]"
127,1,"[[1417,0,0],[1418,0,0],[1419,0,-2],[1420,0,0],[1421,0,0],[1422,0,0],[1423,0,0],[1424,0,0],[1425,0,0],[1426,0,0],[1427,0,-1],[1428,0,0],[1429,0,0],[1430,0,0],[1431,0,0],[1432,0,0],[1433,0,0],[1434,0,0],[1435,0,0],[1436,0,0]]"
128,4,"[[1457,5,-1],[1460,5,0]]"
129,0,"[[1496,0,-4],[1497,0,-3],[1498,0,-4],[1499,0,-3],[1500,0,-3]]"
130,2,"[[1481,1,0],[1482,-1,0],[1483,-1,0],[1484,0,0],[1485,0,0],[1486,-1,0],[1487,1,0],[1488,2,0],[1489,0,0],[1490,0,0],[1491,0,0],[1492,1,0],[1493,0,0],[1494,0,0],[1495,-1,0]]"
131,1,"[[1461,0,-1],[1462,0,0],[1463,0,-2],[1464,0,0],[1465,0,0],[1466,0,0],[1467,0,0],[1468,0,0],[1469,0,0],[1470,0,0],[1471,0,0],[1472,0,0],[1473,0,0],[1474,0,0],[1475,0,0],[1476,0,0],[1477,0,0],[1478,0,0],[1479,0,0],[1480,0,0]]"
132,0,"[[1521,1,0],[1522,1,0],[1523,1,0],[1524,1,0],[1525,1,0]]"
133,2,"[[1590,0,0],[1591,0,0],[1592,0,0],[1593,0,0],[1594,0,0],[1595,0,0],[1596,0,0],[1597,0,0],[1598,0,0],[1599,0,0],[1600,0,0],[1601,0,0],[1602,2,0],[1603,0,0],[1604,0,0]]"
134,1,"[[1501,0,0],[1502,0,0],[1503,0,-2],[1504,0,0],[1505,0,0],[1506,0,0],[1507,0,0],[1508,0,0],[1509,0,0],[1510,0,0],[1511,0,0],[1512,0,0],[1513,0,0],[1514,0,0],[1515,0,0],[1516,0,0],[1517,0,0],[1518,0,0],[1519,0,0],[1520,0,0]]"
135,4,"[[1526,5,-1],[1528,5,1]]"
136,0,"[[1565,1,-4],[1566,0,-4],[1567,-2,-5],[1568,-1,-6],[1569,-1,-4]]"
137,2,"[[1550,4,0],[1551,0,0],[1552,1,0],[1553,1,0],[1554,2,0],[1555,1,1],[1556,0,0],[1557,0,0],[1558,0,0],[1559,0,0],[1560,5,-2],[1561,0,0],[1562,0,-2],[1563,0,0],[1564,-1,0]]"
138,1,"[[1530,0,-4],[1531,0,-3],[1532,0,-4],[1533,-2,-1],[1534,-1,-1],[1535,0,-3],[1536,-2,-3],[1537,0,-3],[1538,-4,-4],[1539,-4,-4],[1540,-5,-2],[1541,-9,-2],[1542,1,-5],[1543,-3,-3],[1544,3,-4],[1545,1,-3],[1546,-1,-3],[1547,-1,-3],[1548,3,-6],[1549,-1,-5]]"
139,0,"[[1605,0,-5],[1606,0,-4],[1607,0,-5],[1608,0,-5],[1609,0,-4]]"
140,2,"[[1590,0,0],[1591,0,0],[1592,0,0],[1593,0,0],[1594,0,0],[1595,0,0],[1596,0,0],[1597,0,0],[1598,0,0],[1599,0,0],[1600,0,0],[1601,0,0],[1602,2,0],[1603,0,0],[1604,0,0]]"
141,1,"[[1570,0,0],[1571,0,0],[1572,0,-2],[1573,0,0],[1574,0,0],[1575,0,0],[1576,0,0],[1577,0,0],[1578,0,0],[1579,0,0],[1580,0,0],[1581,0,0],[1582,0,0],[1583,0,0],[1584,0,0],[1585,0,0],[1586,0,0],[1587,0,0],[1588,0,0],[1589,0,0]]"
142,0,"[[1645,0,-2],[1646,0,-1],[1647,0,-2],[1648,0,-3],[1649,0,-1]]"
143,2,"[[1630,0,0],[1631,0,0],[1632,0,0],[1633,0,0],[1634,0,0],[1635,0,0],[1636,0,0],[1637,0,0],[1638,7,1],[1639,0,0],[1640,0,0],[1641,0,0],[1642,0,0],[1643,0,0],[1644,-1,0]]"
144,1,"[[1610,1,0],[1611,-2,1],[1612,0,0],[1613,0,0],[1614,0,0],[1615,0,0],[1616,0,0],[1617,0,0],[1618,0,0],[1619,0,0],[1620,0,0],[1621,0,0],[1622,0,0],[1623,0,0],[1624,0,0],[1625,0,0],[1626,0,0],[1627,0,0],[1628,0,0],[1629,0,0]]"
145,0,"[[1685,-1,-3],[1686,0,-3],[1687,-1,-3],[1688,-1,-3],[1689,0,-3]]"
146,2,"[[1670,0,0],[1671,0,0],[1672,0,0],[1673,0,0],[1674,0,0],[1675,0,0],[1676,0,0],[1677,0,0],[1678,0,0],[1679,0,0],[1680,0,0],[1681,0,0],[1682,0,0],[1683,0,0],[1684,0,0]]"
147,1,"[[1650,0,0],[1651,0,0],[1652,0,0],[1653,0,0],[1654,0,0],[1655,0,0],[1656,0,0],[1657,0,0],[1658,0,0],[1659,0,0],[1660,0,0],[1661,0,0],[1662,0,0],[1663,0,0],[1664,0,0],[1665,0,0],[1666,0,0],[1667,0,0],[1668,0,0],[1669,0,0]]"
148,0,"[[1725,-2,-2],[1726,1,-5],[1727,1,-4],[1728,1,-5],[1729,1,-5]]"
149,2,"[[1710,0,0],[1711,0,0],[1712,-2,0],[1713,0,0],[1714,0,0],[1715,0,0],[1716,0,0],[1717,0,0],[1718,0,0],[1719,0,0],[1720,4,-2],[1721,1,0],[1722,0,-2],[1723,0,0],[1724,-1,0]]"
150,1,"[[1690,-5,-4],[1691,-1,-5],[1692,0,-6],[1693,-5,-6],[1694,-4,-4],[1695,-3,-6],[1696,-3,-5],[1697,-2,-5],[1698,-4,-11],[1699,-4,-8],[1700,-3,-5],[1701,-1,-6],[1702,0,-8],[1703,-2,-7],[1704,-2,-7],[1705,0,-8],[1706,-3,-7],[1707,-3,-7],[1708,2,-7],[1709,2,-6]]"
151,0,"[[1765,0,-2],[1766,1,-2],[1767,1,-3],[1768,0,-4],[1769,2,-3]]"
152,2,"[[1750,0,0],[1751,0,0],[1752,0,0],[1753,-1,0],[1754,-1,0],[1755,0,0],[1756,0,0],[1757,0,0],[1758,0,0],[1759,0,0],[1760,0,0],[1761,0,0],[1762,0,0],[1763,0,0],[1764,0,0]]"
153,1,"[[1730,0,1],[1731,0,0],[1732,0,0],[1733,0,0],[1734,0,0],[1735,0,0],[1736,0,0],[1737,0,0],[1738,0,0],[1739,0,0],[1740,0,0],[1741,0,0],[1742,0,-1],[1743,0,0],[1744,0,0],[1745,0,0],[1746,0,0],[1747,0,0],[1748,1,0],[1749,0,0]]"
154,0,"[[1805,-1,-1],[1806,-1,-1],[1807,-1,-1],[1808,-1,-1],[1809,-1,-1]]"
155,2,"[[1790,0,0],[1791,0,0],[1792,0,0],[1793,0,0],[1794,0,0],[1795,0,0],[1796,0,0],[1797,0,0],[1798,0,0],[1799,0,0],[1800,4,0],[1801,0,0],[1802,0,0],[1803,1,0],[1804,0,0]]"
156,1,"[[1770,0,0],[1771,-1,0],[1772,0,-1],[1773,0,-1],[1774,-1,0],[1775,-2,-1],[1776,-3,-1],[1777,0,0],[1778,-3,0],[1779,-2,0],[1780,-2,-1],[1781,-1,0],[1782,0,0],[1783,0,0],[1784,-1,0],[1785,0,-1],[1786,-1,-1],[1787,-2,0],[1788,0,-1],[1789,0,-1]]"
157,0,"[[1830,-1,0],[1831,-1,0],[1832,-1,0],[1833,-1,0],[1834,-1,-1]]"
158,2,"[[1630,0,0],[1631,0,0],[1632,0,0],[1633,0,0],[1634,0,0],[1635,0,0],[1636,0,0],[1637,0,0],[1638,5,1],[1639,0,0],[1640,0,0],[1641,0,0],[1642,-1,0],[1643,0,0],[1644,0,0]]"
159,1,"[[1810,0,1],[1811,-1,1],[1812,-1,0],[1813,0,0],[1814,0,0],[1815,0,0],[1816,0,0],[1817,1,0],[1818,-1,0],[1819,-1,1],[1820,0,0],[1821,0,0],[1822,-1,0],[1823,-1,0],[1824,0,0],[1825,0,0],[1826,-1,0],[1827,-1,0],[1828,0,0],[1829,0,0]]"
160,0,"[[1855,-3,-5],[1856,-1,-3],[1857,-2,-4],[1858,0,-3],[1859,-1,-6]]"
161,2,"[[1550,0,0],[1551,0,0],[1552,0,0],[1553,0,0],[1554,4,0],[1555,0,1],[1556,0,0],[1557,0,0],[1558,-1,0],[1559,0,0],[1560,4,0],[1561,0,0],[1562,0,-3],[1563,3,3],[1564,-2,0]]"
162,1,"[[1835,-4,-4],[1836,0,-3],[1837,-2,-3],[1838,0,-2],[1839,-1,-2],[1840,-1,-2],[1841,-7,-3],[1842,-5,-4],[1843,-3,-3],[1844,-4,-4],[1845,-5,-2],[1846,1,-1],[1847,-1,-1],[1848,0,-4],[1849,4,-2],[1850,2,-1],[1851,-1,-1],[1852,0,-1],[1853,3,-4],[1854,-1,-4]]"
163,3,"[[1861,-9,11],[1862,24,17],[1862,19,23],[1863,-11,15],[1863,-11,15],[1867,33,7],[1864,9,3],[1864,9,-3],[1864,9,-3],[1862,24,12],[1865,-40,3],[79,-1,-5],[1862,19,36],[1866,11,7],[1867,13,10],[1865,-44,-11],[1861,0,7],[1861,0,5],[79,32,17],[79,26,24],[79,-2,-12],[79,6,-9],[79,-7,-8],[79,-7,-12]]"
164,0,"[[1906,-3,-6],[1907,-2,-6],[1908,-2,-6],[1909,-4,-8],[1910,-2,-6]]"
165,1,"[[1871,-2,-5],[1872,-3,-2],[1873,-2,-3],[1874,-3,-3],[1875,-2,-5],[1876,-2,-5],[1877,-3,-3],[1878,-1,-3],[1879,-4,-3],[1880,-5,-2],[1881,-5,-3],[1882,-1,-4],[1883,1,-5],[1884,3,-4],[1885,-1,-3],[1886,-1,-3],[1887,-1,-3],[1888,-1,-4],[1889,-1,-3],[1890,-1,-3]]"
166,2,"[[1891,0,-1],[1892,0,-1],[1893,0,-1],[1894,0,0],[1895,0,-1],[1896,0,-1],[1897,0,-1],[1898,0,-1],[1899,0,-1],[1900,2,-1],[1901,5,0],[1902,3,0],[1903,3,0],[1904,3,0],[1905,3,-1]]"
167,3,"[[1912,-18,-16],[1919,23,-14],[1914,-28,-4],[1915,-7,-24],[1915,-7,-24],[1917,23,6],[1913,-18,-15],[1913,-18,-21],[1913,-18,-21],[1919,25,-22],[1918,-48,-1],[1918,-51,-17],[1911,19,32],[1919,7,-24],[1919,12,-13],[1918,-49,-18],[1912,-17,-19],[1912,-16,-17],[1919,32,-10],[1919,25,-5],[1914,-25,-10],[1913,-18,-22],[1912,-6,-27],[1912,-11,-24]]"
168,0,"[[1955,0,-1],[1956,1,-1],[1957,0,-1],[1958,0,-1],[1959,0,0]]"
169,1,"[[1920,0,0],[1921,-1,1],[1922,0,-1],[1923,0,0],[1924,0,0],[1925,0,0],[1926,0,0],[1927,1,2],[1928,-1,0],[1929,-1,0],[1930,-1,0],[1931,0,0],[1932,1,0],[1933,1,0],[1934,0,0],[1935,0,0],[1936,0,0],[1937,0,1],[1938,0,1],[1939,0,1]]"
170,2,"[[1940,1,-1],[1941,0,0],[1942,0,0],[1943,0,0],[1944,0,0],[1945,0,0],[1946,0,0],[1947,1,0],[1948,1,0],[1949,2,0],[1950,3,0],[1951,0,0],[1952,0,1],[1953,0,0],[1954,0,0]]"
171,3,"[[1960,5,17],[1961,-5,8],[1961,-4,7],[1962,17,-5],[1962,17,-5],[1963,-6,18],[1964,3,-10],[1964,4,-17],[1964,4,-17],[1961,1,-4],[1961,-9,-7],[1968,-6,-5],[1965,10,-1],[1966,3,9],[1967,-3,17],[1968,-4,-2],[1961,6,5],[1961,6,4],[79,-1,3],[79,0,0],[79,0,0],[79,0,0],[79,0,0],[79,0,0]]"
172,0,"[[2004,-1,-3],[2005,-1,-4],[2006,-1,-4],[2007,-1,-5],[2008,0,-3]]"
173,1,"[[1969,-1,-4],[1970,-2,-3],[1971,0,-3],[1972,-1,-2],[1973,-2,-2],[1974,0,-5],[1975,-1,-5],[1976,0,-4],[1977,-2,-4],[1978,-2,-4],[1979,0,-5],[1980,0,-3],[1981,1,-4],[1982,-1,-3],[1983,1,-4],[1984,-1,-3],[1985,-3,-5],[1986,-2,-5],[1987,-1,-4],[1988,-3,-4]]"
174,2,"[[1989,-1,-2],[1990,0,-1],[1991,0,0],[1992,-1,-1],[1993,0,-1],[1994,0,-2],[1995,0,-2],[1996,1,-2],[1997,0,-2],[1998,0,-2],[1999,2,0],[2000,0,-2],[2001,0,-1],[2002,1,-2],[2003,0,-2]]"
175,3,"[[2009,5,0],[2010,0,2],[2010,-3,2],[2010,-1,-1],[2010,-1,-1],[2010,0,2],[2011,-2,-19],[2011,-2,-25],[2011,-2,-25],[2010,2,-8],[79,-19,-9],[79,-8,-17],[2012,10,0],[2013,6,-5],[2014,8,17],[79,0,0],[2015,5,0],[2015,3,-1],[2015,13,5],[2015,7,9],[2015,14,3],[2015,9,8],[2015,14,-5],[2015,10,-1]]"
176,3,"[[2016,-1,23],[2017,25,19],[79,0,14],[2018,-2,1],[2018,-2,1],[2019,24,16],[2020,7,10],[2020,7,4],[2020,7,4],[79,27,10],[79,1,-4],[79,0,0],[2017,20,37],[2022,9,5],[2023,11,10],[79,0,0],[2018,1,4],[2018,-1,4],[79,0,0],[79,0,0],[2018,5,5],[2023,9,6],[79,0,0],[79,0,0]]"
177,3,"[[2024,3,4],[2025,21,0],[2026,16,4],[2026,19,0],[2026,20,0],[2025,20,0],[2031,25,4],[2025,28,0],[2025,28,0],[2050,2,7],[79,0,0],[79,0,0],[2027,2,3],[2028,-3,10],[2029,3,11],[79,0,0],[2030,6,6],[2030,5,5],[2031,3,-1],[2032,-1,3],[2031,3,-1],[2032,0,3],[2033,5,-1],[2034,2,-1]]"
178,3,"[[2035,-3,20],[2036,23,17],[2041,-4,16],[2037,-2,0],[2037,-1,-1],[2036,32,17],[2038,3,12],[2038,3,6],[2038,3,6],[79,24,9],[79,0,0],[79,0,0],[2036,18,35],[2039,4,-3],[2040,12,18],[79,6,-1],[2038,-3,5],[2038,-1,7],[79,0,0],[79,0,0],[2041,-1,13],[2038,1,5],[79,0,0],[79,0,0]]"
179,3,"[[2042,-13,11],[2043,26,17],[2042,-12,9],[2051,0,3],[2051,0,4],[2044,20,13],[2045,0,3],[2045,-1,-2],[2045,-2,-2],[2042,-7,-2],[79,0,0],[79,0,0],[2043,21,36],[2046,1,7],[2047,13,10],[79,0,0],[2045,-3,-5],[2045,-5,-2],[79,0,0],[79,0,0],[2048,10,-6],[2049,8,-5],[79,0,0],[79,0,0]]"
180,3,"[[2052,-4,21],[2053,11,2],[2054,-2,5],[2052,15,18],[2052,14,19],[2053,9,0],[2055,3,7],[2055,4,1],[2055,3,1],[2054,3,-6],[79,0,0],[79,7,-9],[2056,22,4],[2057,17,11],[2053,16,14],[79,0,0],[2054,6,3],[2054,6,2],[79,0,0],[79,0,0],[2058,6,0],[2059,9,2],[79,0,0],[79,0,0]]"
181,3,"[[2060,-7,22],[2061,11,0],[2062,-6,3],[2060,10,19],[2060,11,18],[2061,9,-2],[2063,3,3],[2063,3,-3],[2063,3,-3],[2062,-1,-8],[79,0,0],[79,0,0],[2064,22,3],[2065,16,12],[2061,17,11],[79,0,0],[2062,1,0],[2062,1,-1],[79,5,-6],[79,0,0],[2063,3,-4],[2066,8,-4],[79,0,0],[79,0,0]]"
182,3,"[[2067,1,0],[2068,21,-2],[2068,17,-2],[2069,20,-1],[2069,20,-1],[2069,18,2],[2070,27,0],[2070,27,-6],[2070,27,-6],[2071,-1,5],[79,0,0],[79,0,0],[2072,0,2],[2073,2,2],[2074,5,9],[79,0,0],[2075,1,1],[2075,1,1],[2077,5,0],[2076,0,0],[2077,5,0],[2076,0,0],[2078,3,0],[2079,2,0]]"
183,3,"[[2081,11,16],[2080,14,21],[2080,9,22],[2080,10,21],[2080,10,19],[2080,13,22],[2080,18,27],[2080,18,22],[2080,16,21],[2490,24,13],[79,9,6],[79,-6,-3],[2082,20,4],[2083,9,0],[2084,13,0],[79,-10,-4],[2080,6,18],[2080,7,17],[79,20,20],[79,12,25],[79,23,22],[79,15,28],[79,21,10],[79,16,19]]"
184,3,"[[2085,3,21],[2086,0,8],[2086,0,10],[2087,1,1],[2087,1,1],[2088,-2,1],[2089,-2,7],[2089,-1,2],[2089,-1,2],[2086,5,0],[2090,0,0],[79,0,0],[2091,19,-1],[2092,6,-2],[2093,12,16],[79,0,0],[2094,1,10],[2094,1,10],[2094,-3,10],[2095,-1,3],[2096,-2,3],[2097,1,4],[2098,-2,2],[2099,-2,0]]"
185,5,"[[2100,1,-1],[2101,1,-1]]"
186,4,"[[2102,0,0],[2103,0,0]]"
187,1,"[[2104,0,0],[2105,0,0],[2106,0,0],[2107,0,0],[2108,0,0],[2109,0,0],[2110,0,0],[2111,0,0],[2112,0,0],[2113,0,0],[2114,0,0],[2115,0,0],[2116,0,0],[2117,0,0],[2118,0,0],[2119,0,0],[2120,0,0],[2121,0,0],[2122,0,0],[2123,0,0]]"
188,2,"[[2124,0,0],[2125,0,0],[2126,0,0],[2127,0,0],[2128,0,0],[2129,0,0],[2130,0,0],[2131,0,0],[2132,0,0],[2133,0,0],[2134,0,0],[2135,0,0],[2136,0,0],[2137,0,0],[2138,0,0]]"
189,5,"[[2139,2,-1],[2140,1,-1]]"
190,4,"[[2141,3,5],[2142,3,4]]"
191,1,"[[2143,0,0],[2144,0,0],[2145,0,0],[2146,0,0],[2147,0,0],[2148,0,0],[2149,0,0],[2150,0,0],[2151,0,0],[2152,0,0],[2153,0,0],[2154,0,0],[2155,0,0],[2156,0,0],[2157,0,0],[2158,0,0],[2159,0,0],[2160,0,0],[2161,0,0],[2162,0,0]]"
192,2,"[[2163,0,0],[2164,0,0],[2165,0,0],[2166,0,0],[2167,0,0],[2168,0,0],[2169,0,0],[2170,0,0],[2171,0,0],[2172,0,0],[2173,0,0],[2174,0,0],[2175,0,1],[2176,0,0],[2177,0,0]]"
193,5,"[[2178,2,-1],[2179,1,-1]]"
194,4,"[[2180,2,-3],[2181,0,-3]]"
195,1,"[[2182,0,0],[2183,0,0],[2184,0,0],[2185,0,0],[2186,0,0],[2187,0,0],[2188,0,0],[2189,0,0],[2190,0,0],[2191,0,0],[2192,0,0],[2193,0,0],[2194,0,0],[2195,0,0],[2196,0,0],[2197,0,0],[2198,0,0],[2199,0,0],[2200,0,0],[2201,0,0]]"
196,2,"[[2202,1,0],[2203,0,0],[2204,0,0],[2205,0,0],[2206,0,0],[2207,0,0],[2208,0,0],[2209,0,0],[2210,0,0],[2211,0,0],[2212,0,0],[2213,0,0],[2214,0,1],[2215,0,0],[2216,0,0]]"
197,5,"[[2217,1,0],[2218,1,0]]"
198,4,"[[2219,3,0],[2220,3,-2]]"
199,1,"[[2221,0,0],[2222,0,0],[2223,0,0],[2224,0,0],[2225,0,0],[2226,0,0],[2227,0,0],[2228,0,0],[2229,0,0],[2230,0,0],[2231,0,0],[2232,0,0],[2233,0,0],[2234,0,0],[2235,0,0],[2236,0,0],[2237,0,0],[2238,0,0],[2239,0,0],[2240,0,0]]"
200,2,"[[2241,0,0],[2242,0,0],[2243,0,0],[2244,0,0],[2245,0,0],[2246,0,0],[2247,0,0],[2248,0,0],[2249,0,0],[2250,0,0],[2251,0,0],[2252,0,0],[2253,0,0],[2254,0,0],[2255,0,0]]"
201,5,"[[2256,3,2],[2257,3,2]]"
202,4,"[[2258,3,0],[2259,3,0]]"
203,1,"[[2260,0,0],[2261,0,0],[2262,0,0],[2263,0,0],[2264,0,0],[2265,0,0],[2266,0,0],[2267,0,0],[2268,0,0],[2269,0,0],[2270,0,0],[2271,0,0],[2272,0,0],[2273,0,0],[2274,0,0],[2275,0,0],[2276,0,0],[2277,0,0],[2278,0,0],[2279,0,0]]"
204,2,"[[2280,0,0],[2281,0,0],[2282,0,0],[2283,0,0],[2284,0,0],[2285,0,0],[2286,0,0],[2287,0,0],[2288,0,0],[2289,0,0],[2290,0,0],[2291,0,0],[2292,0,0],[2293,0,0],[2294,0,0]]"
205,5,"[[2295,0,-3],[2296,0,-3]]"
206,4,"[[2297,1,-1],[2298,1,-1]]"
207,1,"[[2299,0,0],[2300,0,0],[2301,0,0],[2302,0,0],[2303,0,0],[2304,0,0],[2305,0,0],[2306,0,0],[2307,0,0],[2308,0,0],[2309,0,0],[2310,0,0],[2311,0,0],[2312,0,0],[2313,0,0],[2314,0,0],[2315,0,0],[2316,0,0],[2317,0,0],[2318,0,0]]"
208,2,"[[2319,0,0],[2320,0,0],[2321,0,0],[2322,0,0],[2323,0,0],[2324,0,0],[2325,0,0],[2326,0,0],[2327,0,0],[2328,0,0],[2329,0,0],[2330,0,0],[2331,0,0],[2332,0,0],[2333,0,0]]"
209,5,"[[2334,1,-2],[2335,1,-2]]"
210,4,"[[2336,4,3],[2337,3,3]]"
211,1,"[[2338,0,0],[2339,0,0],[2340,0,0],[2341,0,0],[2342,0,0],[2343,0,0],[2344,0,0],[2345,0,0],[2346,0,0],[2347,0,0],[2348,0,0],[2349,0,0],[2350,0,0],[2351,0,0],[2352,0,0],[2353,0,0],[2354,0,0],[2355,0,0],[2356,0,0],[2357,0,0]]"
212,2,"[[2358,0,0],[2359,0,0],[2360,0,0],[2361,0,0],[2362,0,0],[2363,0,0],[2364,0,0],[2365,0,0],[2366,1,0],[2367,0,0],[2368,0,0],[2369,0,0],[2370,0,0],[2371,0,0],[2372,0,0]]"
213,5,"[[2373,-1,-1],[2374,0,-3]]"
214,4,"[[2375,4,9],[2376,3,8]]"
215,1,"[[2377,0,0],[2378,0,0],[2379,0,0],[2380,0,0],[2381,0,0],[2382,0,0],[2383,0,0],[2384,0,0],[2385,0,0],[2386,0,0],[2387,0,0],[2388,0,0],[2389,0,0],[2390,0,0],[2391,0,0],[2392,0,0],[2393,0,0],[2394,0,0],[2395,0,0],[2396,0,0]]"
216,2,"[[2397,0,0],[2398,0,0],[2399,0,0],[2400,0,0],[2401,0,0],[2402,0,0],[2403,0,0],[2404,0,0],[2405,0,0],[2406,0,0],[2407,0,0],[2408,0,0],[2409,0,1],[2410,0,0],[2411,0,0]]"
217,5,"[[2412,1,0],[2413,2,0]]"
218,4,"[[2414,3,0],[2415,4,-1]]"
219,1,"[[2416,0,0],[2417,0,0],[2418,0,0],[2419,0,0],[2420,0,0],[2421,0,0],[2422,0,0],[2423,0,0],[2424,0,0],[2425,0,0],[2426,0,0],[2427,0,0],[2428,0,0],[2429,0,0],[2430,0,0],[2431,0,0],[2432,0,0],[2433,0,0],[2434,0,0],[2435,0,0]]"
220,2,"[[2436,0,0],[2437,0,0],[2438,0,0],[2439,0,0],[2440,0,0],[2441,0,0],[2442,0,0],[2443,0,0],[2444,0,0],[2445,0,0],[2446,0,0],[2447,0,0],[2448,0,1],[2449,0,0],[2450,0,0]]"
221,5,"[[2451,1,-1],[2452,0,-1]]"
222,4,"[[2453,5,9],[2454,3,7]]"
223,1,"[[2455,0,0],[2456,0,0],[2457,0,0],[2458,0,0],[2459,0,0],[2460,0,0],[2461,0,0],[2462,0,0],[2463,0,0],[2464,0,0],[2465,0,0],[2466,0,0],[2467,0,0],[2468,0,0],[2469,0,0],[2470,0,0],[2471,0,0],[2472,0,0],[2473,0,0],[2474,0,0]]"
224,2,"[[2475,1,0],[2476,0,0],[2477,0,0],[2478,0,0],[2479,0,0],[2480,0,0],[2481,0,0],[2482,1,0],[2483,1,0],[2484,2,0],[2485,1,-1],[2486,0,0],[2487,0,1],[2488,0,0],[2489,-1,0]]"
225,3,"[[2492,11,16],[2491,15,21],[2491,10,22],[2491,11,22],[2491,11,21],[2491,13,23],[2491,18,28],[2491,18,23],[2491,17,23],[2496,26,12],[79,0,0],[79,0,0],[2493,21,4],[2494,10,1],[2495,13,0],[79,0,0],[2491,7,19],[2491,7,19],[79,0,0],[79,0,0],[79,0,0],[79,0,0],[79,0,0],[79,0,0]]"
226,3,"[[2497,-6,12],[2498,26,15],[2498,21,20],[2499,-13,14],[2499,-13,15],[2503,34,8],[2500,5,8],[2500,4,2],[2500,5,3],[2498,25,9],[2501,-29,4],[79,0,0],[2498,20,8],[2502,11,5],[2503,12,12],[2501,-35,-13],[2497,-5,4],[2497,-7,5],[79,0,0],[79,0,0],[79,0,0],[79,0,0],[79,0,0],[79,0,0]]"
227,3,"[[2505,0,0],[2506,20,0],[2506,16,0],[2507,20,0],[2507,20,0],[2506,19,0],[2508,26,0],[2506,27,0],[2506,27,0],[2509,0,5],[79,0,0],[79,0,0],[2510,0,3],[2511,0,2],[2512,5,9],[79,0,0],[2513,0,0],[2513,0,0],[2515,5,0],[2514,0,0],[2515,5,0],[2514,0,0],[2516,3,0],[2517,3,0]]"
228,3,"[[2518,3,21],[2519,0,8],[2519,0,10],[2520,0,1],[2520,0,0],[2521,-2,2],[2522,-1,8],[2522,-1,2],[2522,-1,2],[2519,5,-1],[2523,0,0],[79,0,0],[2524,17,-2],[2525,8,-1],[2526,13,17],[79,0,0],[2527,3,10],[2527,3,9],[2527,-3,9],[2528,-1,3],[2529,-2,3],[2530,2,3],[2531,-2,1],[2532,-3,0]]"
229,4,"[[2533,3,0],[2534,3,0]]"
230,1,"[[2535,0,0],[2536,0,0],[2537,0,0],[2538,0,0],[2539,0,0],[2540,0,0],[2541,0,0],[2542,0,0],[2543,0,0],[2544,0,0],[2545,0,0],[2546,0,0],[2547,0,0],[2548,0,0],[2549,0,0],[2550,0,0],[2551,0,0],[2552,0,0],[2553,0,0],[2554,0,0]]"
231,2,"[[2555,0,0],[2556,0,0],[2557,0,0],[2558,0,0],[2559,0,0],[2560,0,0],[2561,0,0],[2562,0,0],[2563,0,0],[2564,0,0],[2565,0,0],[2566,0,0],[2567,0,0],[2568,0,0],[2569,0,0]]"
232,4,"[[2570,3,0],[2571,3,0]]"
233,1,"[[2572,0,0],[2573,0,0],[2574,0,0],[2575,0,0],[2576,0,0],[2577,0,0],[2578,0,0],[2579,0,0],[2580,0,0],[2581,0,0],[2582,0,0],[2583,0,0],[2584,0,0],[2585,0,0],[2586,0,0],[2587,0,0],[2588,0,0],[2589,0,0],[2590,0,0],[2591,0,0]]"
234,2,"[[2592,0,0],[2593,0,0],[2594,0,0],[2595,0,0],[2596,0,0],[2597,0,0],[2598,0,0],[2599,0,0],[2600,0,0],[2601,0,0],[2602,0,0],[2603,0,0],[2604,0,0],[2605,0,0],[2606,0,0]]"
235,4,"[[2607,1,-2],[2608,1,-2]]"
236,1,"[[2609,0,0],[2610,0,0],[2611,0,0],[2612,0,0],[2613,0,0],[2614,0,0],[2615,0,0],[2616,0,0],[2617,0,0],[2618,0,0],[2619,0,0],[2620,0,0],[2621,0,0],[2622,0,0],[2623,0,0],[2624,0,0],[2625,0,0],[2626,0,0],[2627,0,0],[2628,0,0]]"
237,2,"[[2629,0,0],[2630,0,0],[2631,0,0],[2632,0,0],[2633,0,0],[2634,0,0],[2635,0,0],[2636,0,0],[2637,0,0],[2638,0,0],[2639,0,0],[2640,0,0],[2641,0,1],[2642,0,0],[2643,0,0]]"
238,4,"[[2644,5,9],[2645,5,9]]"
239,1,"[[2646,0,0],[2647,0,0],[2648,0,0],[2649,0,0],[2650,0,0],[2651,0,0],[2652,0,0],[2653,0,0],[2654,-1,0],[2655,-1,0],[2656,0,0],[2657,0,0],[2658,0,0],[2659,0,0],[2660,0,0],[2661,0,0],[2662,0,0],[2663,0,0],[2664,0,0],[2665,0,0]]"
240,2,"[[2666,2,0],[2667,0,0],[2668,0,0],[2669,0,0],[2670,0,1],[2671,2,0],[2672,0,0],[2673,0,0],[2674,0,0],[2675,0,0],[2676,0,0],[2677,0,0],[2678,0,0],[2679,0,0],[2680,0,0]]"
241,4,"[[2681,1,-1],[2682,0,-1]]"
242,1,"[[2683,0,0],[2684,0,0],[2685,0,0],[2686,0,0],[2687,0,0],[2688,0,0],[2689,0,0],[2690,0,0],[2691,0,0],[2692,0,0],[2693,0,0],[2694,0,0],[2695,0,0],[2696,0,0],[2697,0,0],[2698,0,0],[2699,0,0],[2700,0,0],[2701,0,0],[2702,0,0]]"
243,2,"[[2703,1,0],[2704,0,0],[2705,-1,0],[2706,0,0],[2707,0,0],[2708,0,0],[2709,0,0],[2710,1,0],[2711,0,0],[2712,2,0],[2713,1,-1],[2714,0,0],[2715,0,1],[2716,0,0],[2717,-1,0]]"
244,3,"[[2719,10,17],[2718,15,20],[2718,10,21],[2718,11,21],[2718,11,20],[2718,13,22],[2718,18,27],[2718,18,22],[2718,17,22],[2723,26,12],[79,0,0],[79,0,0],[2720,21,6],[2721,10,1],[2722,13,0],[79,0,0],[2718,7,18],[2718,7,18],[79,0,0],[79,0,0],[79,0,0],[79,0,0],[79,0,0],[79,0,0]]"
245,3,"[[2724,-6,12],[2725,25,14],[2725,20,20],[2726,-12,16],[2726,-13,14],[2730,33,8],[2727,5,7],[2727,5,1],[2727,5,1],[2725,26,10],[2728,-30,3],[79,0,0],[2725,20,33],[2729,13,4],[2730,14,12],[2728,-34,-11],[2724,-7,4],[2724,-7,6],[79,0,0],[79,0,0],[79,0,0],[79,0,0],[79,0,0],[79,0,0]]"
246,3,"[[2732,0,0],[2733,20,0],[2733,16,0],[2734,20,0],[2734,20,0],[2733,19,0],[2735,26,0],[2733,27,0],[2733,27,0],[2736,0,5],[79,0,0],[79,0,0],[2737,0,3],[2738,0,2],[2739,5,9],[79,0,0],[2740,0,0],[2740,0,0],[2742,5,0],[2741,0,0],[2742,5,0],[2741,0,0],[2743,3,0],[2744,3,0]]"
247,3,"[[2745,3,21],[2746,0,8],[2746,0,10],[2747,1,1],[2747,1,1],[2748,-2,2],[2749,-1,8],[2749,-1,2],[2749,-1,2],[2746,5,-1],[2750,0,0],[79,1,-1],[2751,18,-2],[2752,6,-2],[2753,13,17],[79,0,0],[2754,3,10],[2754,3,9],[2754,-3,9],[2755,-1,3],[2756,-2,2],[2757,2,3],[2758,-2,1],[2759,-2,0]]"
248,4,"[[2760,3,0],[2761,3,0]]"
249,1,"[[2762,0,0],[2763,0,0],[2764,0,0],[2765,0,0],[2766,0,0],[2767,0,0],[2768,0,0],[2769,0,0],[2770,0,0],[2771,0,0],[2772,0,0],[2773,0,0],[2774,0,0],[2775,0,0],[2776,0,0],[2777,0,0],[2778,0,0],[2779,0,0],[2780,0,0],[2781,0,0]]"
250,2,"[[2782,0,0],[2783,0,0],[2784,0,0],[2785,0,0],[2786,0,0],[2787,0,0],[2788,0,0],[2789,0,0],[2790,0,0],[2791,0,0],[2792,0,0],[2793,0,0],[2794,0,0],[2795,0,0],[2796,0,0]]"
251,4,"[[2797,5,3],[2798,5,3]]"
252,1,"[[2799,0,0],[2800,0,0],[2801,0,0],[2802,0,0],[2803,0,0],[2804,0,0],[2805,0,0],[2806,0,0],[2807,0,0],[2808,0,0],[2809,0,0],[2810,0,0],[2811,0,0],[2812,0,0],[2813,0,0],[2814,0,0],[2815,0,0],[2816,0,0],[2817,0,0],[2818,0,0]]"
253,2,"[[2819,0,0],[2820,0,0],[2821,0,0],[2822,0,0],[2823,0,0],[2824,0,0],[2825,0,0],[2826,0,0],[2827,0,0],[2828,0,0],[2829,0,0],[2830,0,0],[2831,0,0],[2832,0,0],[2833,0,0]]"
254,4,"[[2834,0,-1],[2835,0,-1]]"
255,1,"[[2836,0,0],[2837,0,0],[2838,0,0],[2839,0,0],[2840,0,0],[2841,0,0],[2842,0,0],[2843,0,0],[2844,0,0],[2845,0,0],[2846,0,0],[2847,0,0],[2848,0,0],[2849,0,0],[2850,0,0],[2851,0,0],[2852,0,0],[2853,0,0],[2854,0,0],[2855,0,0]]"
256,2,"[[2856,0,0],[2857,0,0],[2858,0,0],[2859,0,0],[2860,0,0],[2861,0,0],[2862,0,0],[2863,0,0],[2864,0,0],[2865,0,0],[2866,0,0],[2867,0,0],[2868,0,0],[2869,0,0],[2870,0,0]]"
257,4,"[[2871,5,9],[2872,5,9]]"
258,1,"[[2873,0,0],[2874,0,0],[2875,0,0],[2876,0,0],[2877,0,0],[2878,0,0],[2879,0,0],[2880,0,0],[2881,0,0],[2882,0,0],[2883,0,0],[2884,0,0],[2885,0,0],[2886,0,0],[2887,0,0],[2888,0,0],[2889,0,0],[2890,0,0],[2891,0,0],[2892,0,0]]"
259,2,"[[2893,1,0],[2894,0,0],[2895,0,0],[2896,0,0],[2897,0,0],[2898,0,0],[2899,0,0],[2900,0,0],[2901,0,0],[2902,0,0],[2903,0,0],[2904,0,0],[2905,0,1],[2906,0,1],[2907,0,0]]"
260,3,"[[2909,10,17],[2908,15,20],[2908,10,21],[2908,11,21],[2908,11,20],[2908,13,22],[2908,18,27],[2908,18,22],[2908,17,22],[2913,26,12],[79,0,0],[79,0,0],[2910,21,6],[2911,10,1],[2912,13,0],[79,0,0],[2908,7,18],[2908,7,18],[79,0,0],[79,0,0],[79,0,0],[79,0,0],[79,0,0],[79,0,0]]"
261,3,"[[2914,-5,13],[2915,24,16],[2915,19,21],[2916,-8,16],[2916,-9,16],[2920,33,8],[2917,6,5],[2917,7,-1],[2917,6,-1],[2915,23,11],[2918,14,4],[79,0,0],[2915,18,36],[2919,10,6],[2920,13,11],[79,0,0],[2914,-5,4],[2914,-6,4],[79,0,0],[79,0,0],[79,0,0],[79,0,0],[79,0,0],[79,0,0]]"
262,3,"[[2922,0,0],[2923,20,0],[2923,16,0],[2924,20,0],[2924,20,0],[2923,19,0],[2925,26,0],[2923,27,0],[2923,27,0],[2926,0,5],[79,13,4],[79,0,0],[2927,0,3],[2928,0,2],[2929,5,9],[79,0,0],[2930,0,0],[2930,0,0],[2932,5,0],[2931,0,0],[2932,5,0],[2931,0,0],[2933,3,0],[2934,3,0]]"
263,3,"[[2935,3,20],[2936,0,8],[2936,0,10],[2937,1,1],[2937,1,1],[2938,-2,2],[2939,-1,8],[2939,-1,2],[2939,-1,2],[2936,5,-1],[2940,0,0],[79,11,0],[2941,18,-1],[2942,8,-2],[2943,12,15],[79,18,4],[2944,3,10],[2944,3,9],[2944,-3,9],[2945,-1,3],[2946,-2,2],[2947,2,3],[2948,-2,1],[2949,-2,0]]"
264,4,"[[2950,3,0],[2951,3,0]]"
265,1,"[[2952,0,0],[2953,0,0],[2954,0,0],[2955,0,0],[2956,0,0],[2957,0,0],[2958,0,0],[2959,0,0],[2960,0,0],[2961,0,0],[2962,0,0],[2963,0,0],[2964,0,0],[2965,0,0],[2966,0,0],[2967,0,0],[2968,0,0],[2969,0,0],[2970,0,0],[2971,0,0]]"
266,2,"[[2972,0,0],[2973,0,0],[2974,0,0],[2975,0,0],[2976,0,0],[2977,0,0],[2978,0,0],[2979,0,0],[2980,0,0],[2981,0,0],[2982,0,0],[2983,0,0],[2984,0,0],[2985,0,0],[2986,0,0]]"
267,4,"[[2987,4,0],[2988,3,1]]"
268,1,"[[2989,0,0],[2990,0,0],[2991,0,0],[2992,0,0],[2993,0,0],[2994,0,0],[2995,0,0],[2996,0,0],[2997,0,0],[2998,0,0],[2999,0,0],[3000,0,0],[3001,0,0],[3002,0,0],[3003,0,0],[3004,0,0],[3005,0,0],[3006,0,0],[3007,0,0],[3008,0,0]]"
269,2,"[[3009,0,0],[3010,0,0],[3011,0,0],[3012,0,0],[3013,0,0],[3014,0,0],[3015,0,0],[3016,0,0],[3017,0,0],[3018,0,0],[3019,0,0],[3020,0,0],[3021,0,0],[3022,0,0],[3023,0,0]]"
270,4,"[[3024,0,0],[3025,0,0]]"
271,1,"[[3026,0,0],[3027,0,0],[3028,0,0],[3029,0,0],[3030,0,0],[3031,0,0],[3032,0,0],[3033,0,0],[3034,0,0],[3035,0,0],[3036,0,0],[3037,0,0],[3038,0,0],[3039,0,0],[3040,0,0],[3041,0,0],[3042,0,0],[3043,0,0],[3044,0,0],[3045,0,0]]"
272,2,"[[3046,1,0],[3047,0,0],[3048,0,0],[3049,0,0],[3050,0,0],[3051,0,0],[3052,0,0],[3053,0,0],[3054,0,0],[3055,0,0],[3056,0,0],[3057,0,0],[3058,0,0],[3059,0,0],[3060,0,0]]"
273,4,"[[3061,3,2],[3062,4,2]]"
274,1,"[[3063,0,0],[3064,0,0],[3065,0,0],[3066,0,0],[3067,0,0],[3068,0,0],[3069,0,0],[3070,0,0],[3071,-1,0],[3072,-1,0],[3073,0,0],[3074,0,0],[3075,0,0],[3076,0,0],[3077,0,0],[3078,0,0],[3079,0,0],[3080,0,0],[3081,0,0],[3082,0,0]]"
275,2,"[[3083,1,0],[3084,0,0],[3085,0,0],[3086,0,0],[3087,0,0],[3088,0,0],[3089,0,0],[3090,0,0],[3091,0,0],[3092,0,0],[3093,0,0],[3094,0,0],[3095,0,1],[3096,0,1],[3097,0,0]]"
276,4,"[[3098,2,0],[3099,2,0]]"
277,1,"[[3100,0,0],[3101,0,0],[3102,0,0],[3103,0,0],[3104,0,0],[3105,0,0],[3106,0,0],[3107,0,0],[3108,0,0],[3109,0,0],[3110,0,0],[3111,0,0],[3112,0,0],[3113,0,0],[3114,0,0],[3115,0,0],[3116,0,0],[3117,0,0],[3118,0,0],[3119,0,0]]"
278,2,"[[3120,1,0],[3121,0,0],[3122,-1,0],[3123,0,0],[3124,0,0],[3125,0,0],[3126,0,0],[3127,1,0],[3128,1,0],[3129,2,0],[3130,1,-1],[3131,0,0],[3132,0,1],[3133,0,0],[3134,0,0]]"
279,1,"[[3135,0,0],[3136,0,0],[3137,0,0],[3138,0,0],[3139,0,0],[3140,0,0],[3141,0,0],[3142,0,0],[3143,0,0],[3144,0,0],[3145,0,0],[3146,0,0],[3147,0,0],[3148,0,0],[3149,0,0],[3150,0,0],[3151,0,0],[3152,0,0],[3153,0,0],[3154,0,0]]"
280,2,"[[3155,1,0],[3156,0,0],[3157,-1,0],[3158,0,0],[3159,0,0],[3160,0,0],[3161,0,0],[3162,0,0],[3163,0,0],[3164,0,0],[3165,0,0],[3166,0,0],[3167,0,1],[3168,0,0],[3169,0,0]]"
281,1,"[[3170,-1,-1],[3171,0,-1],[3172,0,-1],[3173,0,0],[3174,0,-1],[3175,0,-2],[3176,0,-3],[3177,0,-3],[3178,-1,0],[3179,-1,0],[3180,-2,0],[3181,0,-1],[3182,-1,-3],[3183,0,-3],[3184,0,-2],[3185,0,0],[3186,0,-2],[3187,0,0],[3188,0,-2],[3189,0,-2]]"
282,2,"[[3190,2,0],[3191,0,0],[3192,0,0],[3193,0,0],[3194,1,0],[3195,0,0],[3196,0,0],[3197,0,0],[3198,0,0],[3199,1,0],[3200,0,0],[3201,0,0],[3202,0,1],[3203,0,1],[3204,0,0]]"
283,1,"[[3205,-2,-1],[3206,0,-1],[3207,0,-1],[3208,0,0],[3209,0,-1],[3210,0,-2],[3211,0,-3],[3212,0,-3],[3213,0,0],[3214,0,0],[3215,-2,0],[3216,0,-1],[3217,-1,-3],[3218,0,-3],[3219,0,-2],[3220,0,0],[3221,0,-2],[3222,0,0],[3223,0,-2],[3224,0,-2]]"
284,2,"[[3225,0,0],[3226,0,0],[3227,0,0],[3228,0,0],[3229,0,0],[3230,0,0],[3231,0,0],[3232,0,0],[3233,0,0],[3234,0,0],[3235,0,0],[3236,0,0],[3237,0,0],[3238,0,0],[3239,0,0]]"
285,1,"[[3240,0,0],[3241,0,0],[3242,0,0],[3243,0,0],[3244,0,0],[3245,0,0],[3246,0,0],[3247,0,0],[3248,0,0],[3249,0,0],[3250,0,0],[3251,0,0],[3252,0,0],[3253,0,0],[3254,0,0],[3255,0,0],[3256,0,0],[3257,0,0],[3258,0,0],[3259,0,0]]"
286,2,"[[3260,1,0],[3261,0,0],[3262,-1,0],[3263,0,0],[3264,0,0],[3265,0,0],[3266,0,0],[3267,0,0],[3268,0,0],[3269,0,0],[3270,0,0],[3271,0,0],[3272,0,1],[3273,0,0],[3274,0,0]]"
287,4,"[[3275,3,0],[3276,3,0]]"
288,1,"[[3277,0,0],[3278,0,0],[3279,0,0],[3280,0,0],[3281,0,0],[3282,0,0],[3283,0,0],[3284,0,0],[3285,0,0],[3286,0,0],[3287,0,0],[3288,0,0],[3289,0,0],[3290,0,0],[3291,0,0],[3292,0,0],[3293,0,0],[3294,0,0],[3295,0,0],[3296,0,0]]"
289,2,"[[3297,1,0],[3298,0,0],[3299,-1,0],[3300,0,0],[3301,0,0],[3302,0,0],[3303,0,0],[3304,1,0],[3305,1,0],[3306,2,0],[3307,1,-1],[3308,0,0],[3309,0,1],[3310,0,0],[3311,-1,0]]"
290,5,"[[3312,1,0],[3313,2,0]]"
291,1,"[[3314,0,0],[3315,0,0],[3316,0,0],[3317,0,0],[3318,0,0],[3319,0,0],[3320,0,0],[3321,0,0],[3322,-1,0],[3323,-1,0],[3324,0,0],[3325,0,0],[3326,0,0],[3327,0,0],[3328,0,0],[3329,0,0],[3330,0,0],[3331,0,0],[3332,0,0],[3333,0,0]]"
292,2,"[[3334,2,0],[3335,0,0],[3336,0,0],[3337,0,0],[3338,1,0],[3339,0,0],[3340,0,0],[3341,0,0],[3342,0,0],[3343,2,0],[3344,0,0],[3345,0,0],[3346,0,1],[3347,0,1],[3348,0,0]]"
293,4,"[[3349,1,-3],[3350,1,-3]]"
294,1,"[[3351,0,0],[3352,0,0],[3353,0,0],[3354,0,0],[3355,0,0],[3356,0,0],[3357,0,0],[3358,0,0],[3359,-1,0],[3360,-1,0],[3361,0,0],[3362,0,0],[3363,0,0],[3364,0,0],[3365,0,0],[3366,0,0],[3367,0,0],[3368,0,0],[3369,0,0],[3370,0,0]]"
295,2,"[[3371,1,0],[3372,0,0],[3373,0,0],[3374,0,0],[3375,0,0],[3376,0,0],[3377,0,0],[3378,0,0],[3379,0,0],[3380,0,0],[3381,0,0],[3382,0,0],[3383,0,1],[3384,0,0],[3385,0,0]]"
296,4,"[[3386,0,-2],[3387,1,-3]]"
297,1,"[[3388,0,0],[3389,0,0],[3390,0,0],[3391,0,0],[3392,0,0],[3393,0,-1],[3394,0,-2],[3395,0,0],[3396,0,0],[3397,0,0],[3398,0,0],[3399,0,0],[3400,0,-1],[3401,0,-2],[3402,0,0],[3403,0,0],[3404,0,0],[3405,0,0],[3406,0,0],[3407,0,0]]"
298,2,"[[3408,0,0],[3409,1,0],[3410,-2,0],[3411,0,0],[3412,0,0],[3413,0,0],[3414,0,0],[3415,0,0],[3416,0,0],[3417,0,0],[3418,0,0],[3419,0,0],[3420,0,0],[3421,0,0],[3422,-1,0]]"
299,4,"[[3423,1,-3],[3424,1,-3]]"
300,1,"[[3425,0,0],[3426,0,0],[3427,0,0],[3428,0,0],[3429,0,0],[3430,0,0],[3431,0,0],[3432,0,0],[3433,0,0],[3434,0,0],[3435,0,0],[3436,0,0],[3437,0,0],[3438,0,0],[3439,0,0],[3440,0,0],[3441,0,0],[3442,0,0],[3443,0,0],[3444,0,0]]"
301,2,"[[3445,0,0],[3446,0,0],[3447,0,0],[3448,0,0],[3449,0,0],[3450,0,0],[3451,0,0],[3452,0,0],[3453,0,0],[3454,1,0],[3455,0,0],[3456,0,0],[3457,0,0],[3458,0,0],[3459,0,0]]"
302,4,"[[3460,0,-1],[3461,0,-1]]"
303,1,"[[3462,0,0],[3463,0,0],[3464,0,0],[3465,0,0],[3466,0,0],[3467,0,0],[3468,0,0],[3469,0,0],[3470,0,0],[3471,0,0],[3472,0,0],[3473,0,0],[3474,0,0],[3475,0,0],[3476,0,0],[3477,0,0],[3478,0,0],[3479,0,0],[3480,0,0],[3481,0,0]]"
304,2,"[[3482,1,0],[3483,0,0],[3484,-1,0],[3485,0,0],[3486,0,0],[3487,0,0],[3488,0,0],[3489,1,0],[3490,1,0],[3491,2,0],[3492,1,-1],[3493,0,0],[3494,0,1],[3495,0,0],[3496,0,0]]"
305,5,"[[79,3,2],[79,3,2]]"
306,1,"[[3499,-2,-1],[3500,0,0],[3501,0,0],[3502,0,0],[3503,0,0],[3504,0,0],[3505,0,0],[3506,0,0],[3507,0,0],[3508,0,0],[3509,0,0],[3510,0,0],[3511,0,0],[3512,0,0],[3513,0,0],[3514,0,0],[3515,0,0],[3516,0,0],[3517,0,0],[3518,0,0]]"
307,2,"[[3519,1,0],[3520,0,0],[3521,0,0],[3522,0,0],[3523,0,0],[3524,0,0],[3525,0,0],[3526,0,0],[3527,1,0],[3528,1,0],[3529,0,0],[3530,0,0],[3531,0,1],[3532,0,0],[3533,0,0]]"
308,0,"[[3534,-2,-2],[3535,-2,-1],[3536,-2,-2],[3537,-2,-3],[3538,-2,-3]]"
309,1,"[[3539,-1,0],[3540,0,0],[3541,0,0],[3542,-1,0],[3543,-1,0],[3544,-1,0],[3545,0,0],[3546,-1,0],[3547,-2,0],[3548,-2,0],[3549,-2,0],[3550,0,0],[3551,-1,0],[3552,-1,0],[3553,0,0],[3554,0,0],[3555,0,0],[3556,0,0],[3557,0,0],[3558,0,0]]"
310,2,"[[3559,-1,0],[3560,0,0],[3561,0,0],[3562,0,0],[3563,0,0],[3564,0,0],[3565,0,0],[3566,0,0],[3567,0,0],[3568,1,0],[3569,0,0],[3570,0,0],[3571,0,0],[3572,0,0],[3573,0,0]]"
311,4,"[[3574,1,0],[3575,0,0]]"
312,1,"[[3576,-3,-1],[3577,0,-2],[3578,0,-1],[3579,0,0],[3580,0,-2],[3581,0,-2],[3582,0,-3],[3583,0,-2],[3584,0,0],[3585,0,0],[3586,0,0],[3587,0,-1],[3588,0,-2],[3589,0,-2],[3590,0,-2],[3591,0,0],[3592,0,-2],[3593,0,0],[3594,0,-2],[3595,0,-2]]"
313,2,"[[3596,1,0],[3597,0,0],[3598,-1,0],[3599,0,0],[3600,0,0],[3601,0,0],[3602,0,0],[3603,0,0],[3604,0,0],[3605,0,0],[3606,0,0],[3607,0,0],[3608,0,1],[3609,0,0],[3610,0,0]]"
314,5,"[[3611,2,1],[3612,2,1]]"
315,4,"[[3613,4,9],[3614,5,9]]"
316,1,"[[3615,-3,-1],[3616,0,-2],[3617,0,-1],[3618,0,0],[3619,0,-2],[3620,0,-2],[3621,0,-3],[3622,0,-2],[3623,0,0],[3624,0,0],[3625,0,0],[3626,0,-1],[3627,0,-2],[3628,0,-2],[3629,0,-2],[3630,0,0],[3631,0,-2],[3632,0,0],[3633,0,-1],[3634,0,-1]]"
317,2,"[[3635,1,0],[3636,0,0],[3637,-1,0],[3638,0,0],[3639,0,0],[3640,0,0],[3641,0,0],[3642,0,0],[3643,0,0],[3644,0,0],[3645,0,0],[3646,0,0],[3647,0,1],[3648,0,0],[3649,0,0]]"
318,5,"[[3650,2,1],[3651,3,1]]"
319,4,"[[3652,3,2],[3653,3,3]]"
320,1,"[[3654,-3,-1],[3655,0,-2],[3656,0,-1],[3657,0,0],[3658,0,-2],[3659,0,-2],[3660,0,-3],[3661,0,-2],[3662,0,0],[3663,0,0],[3664,0,0],[3665,0,-1],[3666,0,-2],[3667,0,-2],[3668,0,-2],[3669,0,0],[3670,0,-2],[3671,0,0],[3672,0,-2],[3673,0,-2]]"
321,2,"[[3674,1,0],[3675,0,0],[3676,-1,0],[3677,0,0],[3678,0,0],[3679,0,0],[3680,0,0],[3681,0,0],[3682,0,0],[3683,0,0],[3684,0,0],[3685,0,0],[3686,0,1],[3687,0,0],[3688,0,0]]"
322,4,"[[3689,3,-1],[3690,2,0]]"
323,1,"[[3691,0,0],[3692,0,0],[3693,0,0],[3694,0,0],[3695,0,0],[3696,0,0],[3697,0,-3],[3698,0,-3],[3699,0,0],[3700,0,0],[3701,0,0],[3702,0,0],[3703,0,0],[3704,0,0],[3705,0,0],[3706,0,0],[3707,0,0],[3708,0,0],[3709,0,0],[3710,0,0]]"
324,2,"[[3711,1,0],[3712,0,0],[3713,-1,0],[3714,0,0],[3715,0,0],[3716,0,0],[3717,0,0],[3718,1,0],[3719,1,0],[3720,2,0],[3721,1,-1],[3722,0,0],[3723,0,1],[3724,0,0],[3725,-1,0]]"
325,1,"[[3726,0,0],[3727,0,0],[3728,0,0],[3729,0,0],[3730,0,0],[3731,0,0],[3732,0,0],[3733,0,0],[3734,0,0],[3735,0,0],[3736,0,0],[3737,0,0],[3738,0,0],[3739,0,0],[3740,0,0],[3741,0,0],[3742,0,0],[3743,0,0],[3744,0,0],[3745,0,0]]"
326,2,"[[3746,1,0],[3747,0,0],[3748,-1,0],[3749,0,0],[3750,0,0],[3751,0,0],[3752,0,0],[3753,1,0],[3754,1,0],[3755,2,0],[3756,1,0],[3757,0,0],[3758,0,0],[3759,0,0],[3760,0,0]]"
327,1,"[[3761,0,0],[3762,0,0],[3763,0,0],[3764,0,0],[3765,0,0],[3766,0,0],[3767,0,0],[3768,0,0],[3769,0,0],[3770,0,0],[3771,0,0],[3772,0,0],[3773,0,0],[3774,0,0],[3775,0,0],[3776,0,0],[3777,0,0],[3778,0,0],[3779,0,0],[3780,0,0]]"
328,2,"[[3781,1,0],[3782,0,0],[3783,-1,0],[3784,0,0],[3785,0,0],[3786,0,0],[3787,0,0],[3788,0,0],[3789,0,0],[3790,0,0],[3791,0,0],[3792,0,0],[3793,0,0],[3794,0,0],[3795,0,0]]"
329,0,"[[3796,-2,-4],[3797,-2,-4],[3798,-2,-4],[3799,-2,-4],[3800,-1,-4]]"
330,1,"[[3801,0,-2],[3802,0,-2],[3803,0,-2],[3804,0,-2],[3805,0,-2],[3806,0,-2],[3807,0,-2],[3808,0,-2],[3809,-1,-2],[3810,-1,-2],[3811,0,-2],[3812,0,-2],[3813,0,-2],[3814,0,-2],[3815,0,-2],[3816,0,-2],[3817,0,-2],[3818,0,-2],[3819,0,-2],[3820,0,-2]]"
331,2,"[[3821,1,-2],[3822,0,-2],[3823,0,-2],[3824,0,-2],[3825,0,-2],[3826,1,-2],[3827,0,-2],[3828,0,-2],[3829,0,-1],[3830,2,-2],[3831,0,-2],[3832,0,-2],[3833,0,-1],[3834,0,-1],[3835,-1,-2]]"
332,0,"[[3836,-3,-9],[3837,-3,-9],[3838,-3,-9],[3839,-3,-9],[3840,-3,-9]]"
333,1,"[[3841,0,-10],[3842,-2,-7],[3843,-1,-7],[3844,-2,-5],[3845,-2,-7],[3846,-1,-7],[3847,-2,-9],[3848,-2,-8],[3849,-2,-6],[3850,-2,-6],[3851,-3,-5],[3852,-2,-8],[3853,-1,-8],[3854,-1,-8],[3855,-2,-10],[3856,-2,-5],[3857,-2,-8],[3858,-1,-6],[3859,-1,-11],[3860,-1,-11]]"
334,2,"[[3861,-1,-3],[3862,-3,-4],[3863,-2,-3],[3864,0,-2],[3865,-2,-3],[3866,0,-3],[3867,-1,-2],[3868,0,-3],[3869,-2,-3],[3870,-1,-3],[3871,-1,-3],[3872,-2,-4],[3873,-1,-3],[3874,0,-3],[3875,-1,-3]]"
335,4,"[[3876,5,4],[3877,5,5]]"
336,1,"[[3878,0,-1],[3879,0,0],[3880,0,-1],[3881,0,0],[3882,0,0],[3883,0,0],[3884,0,-1],[3885,0,-1],[3886,0,0],[3887,0,0],[3888,0,0],[3889,0,0],[3890,0,-1],[3891,0,-1],[3892,0,0],[3893,0,0],[3894,0,0],[3895,0,0],[3896,0,-1],[3897,0,-1]]"
337,4,"[[3898,4,6],[3899,4,8]]"
338,3,"[[3900,19,17],[3902,-1,11],[3902,-1,13],[3903,24,8],[3903,24,7],[3902,-6,9],[3901,32,13],[3901,32,8],[3901,32,7],[3901,14,1],[3900,1,2],[79,5,7],[3900,13,6],[3904,6,8],[3900,9,23],[79,6,8],[3900,14,13],[3900,14,11],[3901,10,9],[3902,-1,11],[3901,38,9],[3901,32,13],[3902,6,0],[3902,1,5]]"
339,0,"[[3905,0,0],[3906,0,0],[3907,0,0],[3908,0,0],[3909,0,0]]"
340,0,"[[3910,0,0],[3911,0,0],[3912,0,0],[3913,0,-1],[3914,0,0]]"
341,0,"[[3915,-2,-1],[3916,-2,-1],[3917,-2,-1],[3918,-2,-1],[3919,-1,-2]]"
342,1,"[[3920,-3,-6],[3921,-1,-6],[3922,0,-6],[3923,-5,-5],[3924,-3,-4],[3925,-4,-5],[3926,-1,-5],[3927,-1,-4],[3928,-4,-6],[3929,-5,-5],[3930,-4,-6],[3931,-1,-6],[3932,-4,-5],[3933,-5,-6],[3934,-5,-5],[3935,-4,-5],[3936,-5,-5],[3937,-6,-5],[3938,-2,-5],[3939,-3,-5]]"
343,2,"[[3940,-1,0],[3941,0,0],[3942,-1,0],[3943,-1,0],[3944,0,0],[3945,0,0],[3946,0,0],[3947,1,0],[3948,1,0],[3949,2,0],[3950,1,0],[3951,0,0],[3952,0,0],[3953,0,0],[3954,-1,0]]"
344,0,"[[3990,-3,-13],[3991,-2,-12],[3992,-2,-11],[3993,-2,-12],[3994,-2,-10]]"
345,1,"[[3955,-6,-19],[3956,-7,-16],[3957,-7,-17],[3958,-7,-13],[3959,-3,-17],[3960,-7,-16],[3961,-12,-16],[3962,-7,-15],[3963,-4,-12],[3964,-5,-12],[3965,-5,-13],[3966,-5,-15],[3967,-6,-17],[3968,-7,-16],[3969,-7,-17],[3970,-5,-14],[3971,-13,-15],[3972,-12,-13],[3973,-2,-16],[3974,0,-16]]"
346,2,"[[3975,-2,1],[3976,0,-1],[3977,0,0],[3978,0,1],[3979,0,0],[3980,0,-2],[3981,0,-1],[3982,0,0],[3983,6,0],[3984,7,-1],[3985,0,0],[3986,2,1],[3987,0,0],[3988,0,0],[3989,5,-1]]"
347,0,"[[4030,-2,-12],[4031,-1,-14],[4032,-1,-12],[4033,-2,-15],[4034,0,-15]]"
348,1,"[[3995,-8,-15],[3996,-4,-13],[3997,-7,-15],[3998,-6,-8],[3999,-8,-12],[4000,-6,-16],[4001,-11,-14],[4002,-12,-16],[4003,-5,-9],[4004,-5,-10],[4005,-8,-11],[4006,-6,-13],[4007,-6,-17],[4008,-5,-15],[4009,-4,-13],[4010,-2,-11],[4011,-8,-13],[4012,-6,-9],[4013,0,-12],[4014,2,-11]]"
349,2,"[[4015,-3,4],[4016,0,2],[4017,0,3],[4018,0,1],[4019,0,1],[4020,0,2],[4021,0,1],[4022,0,1],[4023,2,2],[4024,1,2],[4025,0,0],[4026,0,0],[4027,0,1],[4028,0,0],[4029,4,1]]"
350,0,"[[4070,-3,-8],[4071,2,-6],[4072,1,-10],[4073,0,-9],[4074,0,-11]]"
351,1,"[[4035,-3,-11],[4036,-2,-9],[4037,-6,-11],[4038,-11,-8],[4039,-6,-11],[4040,-4,-12],[4041,-8,-14],[4042,-2,-15],[4043,-11,-1],[4044,-10,-2],[4045,-6,-7],[4046,-6,-12],[4047,0,-10],[4048,-1,-10],[4049,3,-14],[4050,4,-8],[4051,-8,-12],[4052,-6,-7],[4053,4,-14],[4054,5,-14]]"
352,2,"[[4055,-1,4],[4056,0,2],[4057,-4,4],[4058,-7,4],[4059,-11,3],[4060,-2,3],[4061,-2,2],[4062,1,3],[4063,-1,2],[4064,0,2],[4065,2,0],[4066,3,0],[4067,2,0],[4068,3,0],[4069,1,0]]"
353,0,"[[4110,0,0],[4111,0,1],[4112,1,1],[4113,0,1],[4114,-1,-1]]"
354,1,"[[4075,0,-1],[4076,0,0],[4077,0,-1],[4078,0,0],[4079,0,0],[4080,0,0],[4081,0,0],[4082,-3,0],[4083,-1,0],[4084,-1,0],[4085,0,0],[4086,-1,0],[4087,1,0],[4088,2,0],[4089,0,0],[4090,0,0],[4091,0,0],[4092,0,0],[4093,0,0],[4094,0,0]]"
355,2,"[[4095,1,1],[4096,0,1],[4097,0,1],[4098,0,1],[4099,0,2],[4100,0,1],[4101,0,0],[4102,0,2],[4103,1,1],[4104,1,1],[4105,0,0],[4106,0,0],[4107,2,0],[4108,0,0],[4109,0,1]]"
356,0,"[[4150,-1,-1],[4151,0,0],[4152,-1,0],[4153,1,-1],[4154,0,1]]"
357,1,"[[4115,0,0],[4116,0,2],[4117,0,-2],[4118,0,1],[4119,-1,1],[4120,0,0],[4121,-2,2],[4122,-3,0],[4123,-2,0],[4124,-2,0],[4125,-2,2],[4126,-1,1],[4127,2,0],[4128,0,0],[4129,0,0],[4130,0,0],[4131,0,0],[4132,0,0],[4133,-1,0],[4134,-1,0]]"
358,2,"[[4135,2,2],[4136,1,2],[4137,0,2],[4138,0,2],[4139,-1,2],[4140,0,2],[4141,0,1],[4142,0,2],[4143,0,2],[4144,1,2],[4145,0,0],[4146,-1,0],[4147,1,0],[4148,3,-1],[4149,0,1]]"
359,0,"[[4190,0,0],[4191,1,0],[4192,0,1],[4193,0,0],[4194,0,4]]"
360,1,"[[4155,0,-1],[4156,0,2],[4157,0,0],[4158,0,0],[4159,0,1],[4160,0,0],[4161,0,1],[4162,-1,1],[4163,-2,0],[4164,-2,0],[4165,-1,1],[4166,-1,1],[4167,1,0],[4168,1,0],[4169,0,-1],[4170,0,0],[4171,0,0],[4172,0,0],[4173,0,0],[4174,0,0]]"
361,2,"[[4175,2,2],[4176,1,2],[4177,0,2],[4178,0,2],[4179,0,2],[4180,0,2],[4181,0,1],[4182,0,2],[4183,0,2],[4184,1,2],[4185,0,0],[4186,0,0],[4187,0,0],[4188,0,0],[4189,0,1]]"
362,4,"[[4195,2,0],[4196,2,0]]"
363,1,"[[4197,0,0],[4198,0,0],[4199,0,-1],[4200,0,0],[4201,0,0],[4202,0,0],[4203,0,-1],[4204,0,-1],[4205,0,0],[4206,0,0],[4207,0,0],[4208,0,0],[4209,0,0],[4210,0,0],[4211,0,-1],[4212,0,0],[4213,0,0],[4214,0,0],[4215,0,0],[4216,0,0]]"
364,2,"[[4217,0,0],[4218,0,0],[4219,0,0],[4220,0,0],[4221,0,0],[4222,0,0],[4223,0,0],[4224,0,0],[4225,0,0],[4226,0,0],[4227,0,0],[4228,0,0],[4229,0,0],[4230,0,0],[4231,0,0]]"
365,4,"[[4232,3,0],[4233,2,0]]"
366,1,"[[4234,0,-2],[4235,0,0],[4236,0,0],[4237,0,0],[4238,0,0],[4239,0,0],[4240,0,0],[4241,0,0],[4242,0,0],[4243,0,0],[4244,0,0],[4245,0,0],[4246,0,0],[4247,0,0],[4248,0,-1],[4249,0,0],[4250,0,0],[4251,0,0],[4252,0,0],[4253,0,0]]"
367,4,"[[4254,2,0],[4255,2,0]]"
368,1,"[[4256,0,-1],[4257,0,0],[4258,0,0],[4259,0,0],[4260,0,0],[4261,0,0],[4262,0,0],[4263,0,0],[4264,0,0],[4265,0,0],[4266,0,0],[4267,0,0],[4268,0,0],[4269,0,0],[4270,0,0],[4271,0,0],[4272,0,0],[4273,0,0],[4274,0,0],[4275,0,0]]"
369,4,"[[4276,2,0],[4277,4,0]]"
370,1,"[[4278,0,-1],[4279,0,0],[4280,0,-1],[4281,0,0],[4282,0,0],[4283,0,0],[4284,0,-1],[4285,0,0],[4286,-1,0],[4287,-1,0],[4288,-1,0],[4289,0,0],[4290,0,-1],[4291,0,-1],[4292,0,-1],[4293,0,0],[4294,0,0],[4295,0,0],[4296,0,-1],[4297,0,-1]]"
371,2,"[[4298,2,0],[4299,0,0],[4300,0,0],[4301,0,0],[4302,0,0],[4303,0,0],[4304,0,0],[4305,1,0],[4306,0,0],[4307,2,0],[4308,1,0],[4309,0,0],[4310,0,1],[4311,0,1],[4312,0,0]]"
372,4,"[[4313,2,0],[4314,2,0]]"
373,1,"[[4315,0,-1],[4316,0,0],[4317,0,-1],[4318,0,0],[4319,0,0],[4320,0,0],[4321,0,-1],[4322,0,-1],[4323,0,0],[4324,0,0],[4325,0,0],[4326,0,0],[4327,0,-1],[4328,0,-1],[4329,0,-1],[4330,0,0],[4331,0,0],[4332,0,0],[4333,0,-1],[4334,0,-1]]"
374,2,"[[4335,1,0],[4336,0,0],[4337,-1,0],[4338,0,0],[4339,0,0],[4340,0,0],[4341,0,0],[4342,1,0],[4343,1,0],[4344,2,0],[4345,1,-1],[4346,0,0],[4347,0,1],[4348,0,0],[4349,0,0]]"
375,4,"[[4350,0,-1],[4351,-2,-1]]"
376,1,"[[4352,0,0],[4353,0,0],[4354,0,0],[4355,0,0],[4356,0,0],[4357,0,0],[4358,0,0],[4359,0,0],[4360,0,0],[4361,0,0],[4362,0,0],[4363,0,0],[4364,0,0],[4365,0,0],[4366,0,0],[4367,0,0],[4368,0,0],[4369,0,0],[4370,0,0],[4371,0,0]]"
377,4,"[[4372,3,0],[4373,3,0]]"
378,1,"[[4374,0,0],[4375,0,0],[4376,0,0],[4377,0,0],[4378,0,0],[4379,0,0],[4380,0,0],[4381,0,0],[4382,0,0],[4383,0,0],[4384,0,0],[4385,0,0],[4386,0,0],[4387,0,0],[4388,0,0],[4389,0,0],[4390,0,0],[4391,0,0],[4392,0,0],[4393,0,0]]"
379,2,"[[4394,0,0],[4395,0,0],[4396,-1,0],[4397,0,0],[4398,0,0],[4399,0,0],[4400,0,0],[4401,0,0],[4402,0,0],[4403,0,0],[4404,0,0],[4405,0,0],[4406,0,1],[4407,0,0],[4408,-1,0]]"
380,1,"[[4409,0,0],[4410,0,0],[4411,0,0],[4412,0,0],[4413,0,0],[4414,0,0],[4415,0,0],[4416,0,0],[4417,0,0],[4418,0,0],[4419,0,0],[4420,0,0],[4421,0,0],[4422,0,0],[4423,0,0],[4424,0,0],[4425,0,0],[4426,0,0],[4427,0,0],[4428,0,0]]"
381,2,"[[4429,1,0],[4430,0,0],[4431,-1,0],[4432,-1,0],[4433,0,0],[4434,0,0],[4435,0,0],[4436,0,0],[4437,0,0],[4438,0,0],[4439,0,-1],[4440,0,-2],[4441,0,0],[4442,0,-1],[4443,0,0]]"
382,5,"[[4444,2,0],[4445,1,0]]"
383,1,"[[4446,0,0],[4447,0,0],[4448,0,0],[4449,0,0],[4450,0,0],[4451,0,0],[4452,0,0],[4453,0,0],[4454,-1,0],[4455,-1,0],[4456,0,0],[4457,0,0],[4458,0,0],[4459,0,0],[4460,0,0],[4461,0,0],[4462,0,0],[4463,0,0],[4464,0,0],[4465,0,0]]"
384,2,"[[4466,1,0],[4467,0,-1],[4468,-1,0],[4469,0,0],[4470,0,0],[4471,-1,0],[4472,-1,0],[4473,0,0],[4474,0,0],[4475,1,0],[4476,0,0],[4477,0,0],[4478,0,1],[4479,0,1],[4480,-3,0]]"
385,4,"[[4481,3,1],[4482,3,1]]"
386,1,"[[4483,0,0],[4484,0,0],[4485,0,0],[4486,0,0],[4487,0,0],[4488,0,0],[4489,0,0],[4490,0,0],[4491,0,0],[4492,0,0],[4493,0,0],[4494,0,0],[4495,0,0],[4496,0,0],[4497,0,0],[4498,0,0],[4499,0,0],[4500,0,0],[4501,0,0],[4502,0,0]]"
387,2,"[[4503,0,0],[4504,0,0],[4505,-1,0],[4506,-1,0],[4507,0,0],[4508,0,0],[4509,0,0],[4510,0,0],[4511,0,0],[4512,0,0],[4513,0,-1],[4514,0,-2],[4515,0,0],[4516,0,-1],[4517,0,0]]"
388,1,"[[4518,0,0],[4519,0,0],[4520,0,0],[4521,0,0],[4522,0,0],[4523,0,0],[4524,0,0],[4525,0,0],[4526,0,0],[4527,0,0],[4528,0,0],[4529,0,0],[4530,0,0],[4531,0,0],[4532,0,0],[4533,0,0],[4534,0,0],[4535,0,0],[4536,0,0],[4537,0,0]]"
389,2,"[[4538,1,0],[4539,0,0],[4540,0,0],[4541,0,0],[4542,0,0],[4543,0,0],[4544,0,0],[4545,0,0],[4546,1,0],[4547,2,0],[4548,0,0],[4549,0,0],[4550,0,1],[4551,0,0],[4552,0,0]]"
390,1,"[[4553,-3,-1],[4554,0,0],[4555,0,0],[4556,0,0],[4557,0,0],[4558,0,0],[4559,0,0],[4560,0,0],[4561,0,0],[4562,0,0],[4563,0,0],[4564,0,0],[4565,0,0],[4566,0,0],[4567,0,0],[4568,0,0],[4569,0,0],[4570,0,0],[4571,0,0],[4572,0,0]]"
391,2,"[[4573,1,0],[4574,0,0],[4575,0,0],[4576,0,0],[4577,0,0],[4578,0,0],[4579,0,0],[4580,0,0],[4581,1,0],[4582,2,0],[4583,0,0],[4584,0,0],[4585,0,1],[4586,0,0],[4587,0,0]]"
392,1,"[[4588,0,0],[4589,0,0],[4590,0,0],[4591,0,0],[4592,0,0],[4593,0,0],[4594,0,0],[4595,0,0],[4596,0,0],[4597,0,0],[4598,0,0],[4599,0,0],[4600,0,0],[4601,0,0],[4602,0,0],[4603,0,0],[4604,0,0],[4605,0,0],[4606,0,0],[4607,0,0]]"
393,2,"[[4608,1,0],[4609,0,0],[4610,0,0],[4611,0,0],[4612,0,0],[4613,0,0],[4614,0,0],[4615,0,0],[4616,1,0],[4617,2,0],[4618,0,0],[4619,0,0],[4620,0,1],[4621,0,0],[4622,0,0]]"
394,1,"[[4623,0,0],[4624,0,0],[4625,0,0],[4626,0,0],[4627,0,0],[4628,0,0],[4629,0,0],[4630,0,0],[4631,-1,0],[4632,-1,0],[4633,0,0],[4634,0,0],[4635,0,0],[4636,0,0],[4637,0,0],[4638,0,0],[4639,0,0],[4640,0,0],[4641,0,0],[4642,0,0]]"
395,2,"[[4643,2,0],[4644,0,0],[4645,0,0],[4646,0,0],[4647,0,0],[4648,0,0],[4649,0,-1],[4650,1,0],[4651,0,0],[4652,2,0],[4653,1,-1],[4654,0,0],[4655,0,0],[4656,0,1],[4657,0,-1]]"
396,4,"[[4658,3,1],[4659,3,1]]"
397,1,"[[4660,0,0],[4661,0,0],[4662,0,0],[4663,0,0],[4664,0,0],[4665,0,0],[4666,0,0],[4667,0,0],[4668,0,0],[4669,0,0],[4670,0,0],[4671,0,0],[4672,0,0],[4673,0,0],[4674,0,0],[4675,0,0],[4676,0,0],[4677,0,0],[4678,0,0],[4679,0,0]]"
398,2,"[[4680,1,0],[4681,0,0],[4682,0,0],[4683,0,0],[4684,0,0],[4685,0,0],[4686,0,0],[4687,0,0],[4688,1,0],[4689,2,0],[4690,0,0],[4691,0,0],[4692,0,1],[4693,0,0],[4694,0,0]]"
399,0,"[[4695,-2,-15],[4696,-2,-15],[4697,-2,-16],[4698,-2,-16],[4699,2,-14]]"
400,1,"[[4700,0,-8],[4701,-1,-7],[4702,0,-8],[4703,-2,-4],[4704,-1,-6],[4705,-3,-6],[4706,-2,-8],[4707,-3,-8],[4708,-1,-6],[4709,-1,-6],[4710,-4,-4],[4711,-2,-6],[4712,0,-7],[4713,0,-6],[4714,-3,-10],[4715,-3,-5],[4716,-2,-8],[4717,-2,-5],[4718,-3,-10],[4719,-3,-10]]"
401,2,"[[4720,1,-3],[4721,-2,-3],[4722,0,-2],[4723,-1,-2],[4724,-2,-2],[4725,0,-3],[4726,-1,-3],[4727,-1,-3],[4728,-2,-3],[4729,0,-3],[4730,0,-2],[4731,-2,-4],[4732,-1,-2],[4733,0,-3],[4734,-1,-3]]"
402,0,"[[4735,-4,-1],[4736,-4,-1],[4737,-4,-1],[4738,-4,-1],[4739,-3,-1]]"
403,1,"[[4740,-1,3],[4741,-6,2],[4742,-6,0],[4743,0,2],[4744,-6,1],[4745,0,2],[4746,1,1],[4747,2,1],[4748,-1,4],[4749,-1,0],[4750,0,0],[4751,1,1],[4752,0,2],[4753,0,2],[4754,-5,1],[4755,-6,3],[4756,0,1],[4757,-1,-1],[4758,-3,2],[4759,-3,0]]"
404,2,"[[4760,2,0],[4761,0,0],[4762,0,0],[4763,0,0],[4764,0,0],[4765,0,0],[4766,0,0],[4767,1,0],[4768,1,0],[4769,2,0],[4770,1,0],[4771,0,0],[4772,0,1],[4773,0,1],[4774,0,0]]"
405,1,"[[4775,-3,-11],[4776,-2,-9],[4777,-6,-11],[4778,-11,-8],[4779,-7,-11],[4780,-4,-12],[4781,-8,-14],[4782,-2,-15],[4783,-11,-1],[4784,-10,-2],[4785,-6,-7],[4786,-6,-12],[4787,0,-10],[4788,-1,-10],[4789,3,-14],[4790,2,-8],[4791,-8,-12],[4792,-7,-7],[4793,4,-14],[4794,5,-14]]"
406,3,"[[4795,-4,-15],[4796,14,-9],[4796,10,-10],[4797,-4,-12],[4797,-5,-11],[4796,14,-11],[4795,2,-3],[4795,2,-9],[4795,2,-9],[4796,17,-19],[4797,-24,-21],[4796,-8,-30],[4798,11,-1],[4798,2,0],[4799,-7,-1],[4796,-4,-31],[4795,-3,-13],[4795,-4,-12],[4800,-5,-14],[4801,-6,-10],[4802,-1,-13],[4803,-9,-10],[4796,29,-18],[4796,25,-11]]"
407,0,"[[4804,-3,-13],[4805,-3,-13],[4806,-3,-13],[4807,-3,-13],[4808,-3,-14]]"
408,1,"[[4809,-5,-15],[4810,-10,-12],[4811,-8,-13],[4812,-6,-10],[4813,-10,-12],[4814,-5,-14],[4815,-5,-13],[4816,-2,-14],[4817,-2,-18],[4818,-3,-14],[4819,-2,-9],[4820,-2,-11],[4821,-2,-14],[4822,-1,-14],[4823,-8,-15],[4824,-6,-12],[4825,-5,-13],[4826,-6,-10],[4827,-5,-15],[4828,-5,-14]]"
409,2,"[[4829,1,-6],[4830,-3,-5],[4831,-1,-6],[4832,-3,-6],[4833,-2,-6],[4834,0,-6],[4835,-5,-6],[4836,-3,-6],[4837,-4,-6],[4838,-3,-6],[4839,-2,-6],[4840,-2,-5],[4841,-1,-4],[4842,-1,-7],[4843,-3,-6]]"
410,0,"[[4844,1,-14],[4845,1,-14],[4846,1,-14],[4847,1,-14],[4848,2,-13]]"
411,1,"[[4849,-3,-15],[4850,-8,-13],[4851,-5,-14],[4852,-8,-12],[4853,-10,-11],[4854,-8,-13],[4855,-7,-13],[4856,-5,-13],[4857,-4,-14],[4858,-3,-15],[4859,-3,-11],[4860,-5,-15],[4861,-4,-15],[4862,-3,-14],[4863,-7,-15],[4864,-6,-12],[4865,-9,-13],[4866,-9,-11],[4867,-6,-14],[4868,-6,-13]]"
412,2,"[[4869,-1,-5],[4870,-6,-4],[4871,0,-5],[4872,-6,-6],[4873,-4,-7],[4874,-2,-6],[4875,-5,-6],[4876,-4,-6],[4877,-5,-6],[4878,-2,-6],[4879,-3,-7],[4880,-3,-6],[4881,-2,-6],[4882,-1,-7],[4883,-5,-6]]"
413,0,"[[4884,-1,-9],[4885,-1,-9],[4886,-1,-9],[4887,-1,-9],[4888,-1,-9]]"
414,1,"[[4889,-5,-16],[4890,-2,-13],[4891,-3,-14],[4892,-4,-10],[4893,-3,-12],[4894,-3,-15],[4895,-3,-14],[4896,-2,-13],[4897,-1,-5],[4898,-1,-5],[4899,-1,-11],[4900,-1,-13],[4901,-5,-15],[4902,-3,-13],[4903,-1,-15],[4904,0,-9],[4905,-3,-13],[4906,-2,-8],[4907,-1,-14],[4908,-1,-14]]"
415,2,"[[4909,0,-3],[4910,-2,-3],[4911,-3,-3],[4912,-2,-3],[4913,-2,-2],[4914,-2,-3],[4915,-1,-3],[4916,-1,-3],[4917,-1,-3],[4918,0,-3],[4919,0,-3],[4920,-2,-4],[4921,-1,-3],[4922,0,-3],[4923,0,-3]]"
416,0,"[[4924,-6,-9],[4925,-6,-9],[4926,-6,-10],[4926,-6,-10],[4927,-5,-8]]"
417,1,"[[4928,-8,-15],[4929,0,-14],[4930,-5,-15],[4931,-8,-15],[4932,-4,-12],[4933,-10,-14],[4934,-7,-11],[4935,-7,-13],[4936,-9,-5],[4937,-10,-5],[4938,-8,-10],[4939,-7,-13],[4940,-8,-15],[4941,-8,-16],[4942,1,-16],[4943,-4,-10],[4944,-8,-15],[4945,-11,-12],[4946,-1,-15],[4947,-3,-14]]"
418,2,"[[4948,0,5],[4949,0,2],[4950,-4,6],[4951,-3,6],[4952,-2,5],[4953,-7,5],[4954,-3,6],[4955,0,6],[4956,0,6],[4957,1,6],[4958,1,6],[4959,1,6],[4960,4,5],[4961,2,9],[4962,-2,6]]"
419,0,"[[4963,0,-8],[4964,0,-8],[4965,0,-9],[4966,0,-9],[4967,0,-8]]"
420,1,"[[4968,-5,-10],[4969,-5,-9],[4970,-2,-10],[4971,-7,-6],[4972,-11,-11],[4973,-7,-11],[4974,-10,-11],[4975,-12,-11],[4976,-6,-8],[4977,-6,-8],[4978,-5,-10],[4979,-6,-10],[4980,-6,-13],[4981,-6,-13],[4982,-5,-12],[4983,-5,-8],[4984,-10,-10],[4985,-8,-7],[4986,-2,-12],[4987,-1,-12]]"
421,2,"[[4988,-1,4],[4989,0,2],[4990,1,3],[4991,1,2],[4992,1,1],[4993,0,2],[4994,0,1],[4995,0,1],[4996,0,2],[4997,0,2],[4998,0,0],[4999,0,0],[5000,0,1],[5001,0,0],[5002,1,1]]"
422,0,"[[5003,-2,-6],[5004,-2,-6],[5005,-2,-6],[5006,-2,-6],[5007,0,-5]]"
423,1,"[[5008,0,-4],[5009,0,-4],[5010,0,-4],[5011,0,-4],[5012,0,-4],[5013,0,-3],[5014,0,-4],[5015,0,-4],[5016,-1,-4],[5017,-1,-4],[5018,0,-4],[5019,0,-4],[5020,0,-4],[5021,0,-4],[5022,0,-4],[5023,0,-4],[5024,0,-4],[5025,0,-4],[5026,0,-4],[5027,0,-4]]"
424,2,"[[5028,1,-3],[5029,0,-3],[5030,0,-3],[5031,0,-3],[5032,0,-3],[5033,1,-3],[5034,0,-3],[5035,-1,-3],[5036,-1,-3],[5037,1,-3],[5038,1,-2],[5039,0,-2],[5040,0,-1],[5041,0,-1],[5042,0,-3]]"
425,3,"[[5043,25,-3],[5043,20,0],[5043,16,1],[5043,19,-1],[5043,19,-1],[5044,9,1],[5043,30,6],[5043,30,0],[5043,30,0],[5043,22,-9],[5043,2,-12],[5044,-16,-23],[5045,17,12],[5045,12,14],[5043,-3,8],[5043,-1,-22],[5043,25,-4],[5043,24,-5],[5043,32,2],[5043,25,7],[5043,35,3],[5043,30,8],[5043,33,-9],[5043,30,1]]"
426,4,"[[5046,2,0],[5047,1,0]]"
427,1,"[[5048,0,0],[5049,0,0],[5050,0,0],[5051,0,0],[5052,0,0],[5053,0,0],[5054,0,0],[5055,0,0],[5056,0,0],[5057,0,0],[5058,0,0],[5059,0,0],[5060,0,0],[5061,0,0],[5062,0,0],[5063,0,0],[5064,0,0],[5065,0,0],[5066,0,0],[5067,0,0]]"
428,2,"[[5068,0,0],[5069,0,0],[5070,-1,0],[5071,0,0],[5072,0,0],[5073,-1,0],[5074,0,-1],[5075,0,0],[5076,0,-1],[5077,0,0],[5078,0,0],[5079,0,0],[5080,0,0],[5081,0,0],[5082,0,-1]]"
429,4,"[[5083,1,-1],[5084,0,-1]]"
430,1,"[[5085,0,0],[5086,0,0],[5087,0,0],[5088,0,0],[5089,0,0],[5090,0,0],[5091,0,0],[5092,0,0],[5093,0,0],[5094,0,0],[5095,0,0],[5096,0,0],[5097,0,0],[5098,0,0],[5099,0,0],[5100,0,0],[5101,0,0],[5102,0,0],[5103,0,0],[5104,0,0]]"
431,2,"[[5105,1,0],[5106,0,0],[5107,-1,0],[5108,0,0],[5109,0,0],[5110,0,0],[5111,0,0],[5112,0,0],[5113,0,0],[5114,0,0],[5115,0,0],[5116,0,0],[5117,0,1],[5118,0,0],[5119,0,0]]"
432,4,"[[5120,5,9],[5121,6,9]]"
433,1,"[[5122,0,0],[5123,0,0],[5124,0,0],[5125,0,0],[5126,0,0],[5127,0,0],[5128,0,0],[5129,0,0],[5130,0,0],[5131,0,0],[5132,0,0],[5133,0,0],[5134,0,0],[5135,0,0],[5136,0,0],[5137,0,0],[5138,0,0],[5139,0,0],[5140,0,0],[5141,0,0]]"
434,2,"[[5142,1,0],[5143,0,0],[5144,-1,0],[5145,0,0],[5146,0,0],[5147,0,0],[5148,0,0],[5149,0,0],[5150,0,0],[5151,0,0],[5152,0,0],[5153,0,0],[5154,0,1],[5155,0,0],[5156,0,0]]"
435,4,"[[5157,-2,-6],[5158,2,-6]]"
436,1,"[[5159,0,0],[5160,0,0],[5161,0,0],[5162,0,0],[5163,0,0],[5164,0,0],[5165,0,0],[5166,0,0],[5167,-1,0],[5168,-1,0],[5169,-1,0],[5170,0,0],[5171,0,0],[5172,0,0],[5173,0,0],[5174,0,0],[5175,0,0],[5176,0,0],[5177,0,0],[5178,0,0]]"
437,2,"[[5179,1,0],[5180,0,0],[5181,0,0],[5182,0,0],[5183,0,0],[5184,0,0],[5185,0,0],[5186,0,0],[5187,0,0],[5188,1,0],[5189,0,0],[5190,0,0],[5191,0,1],[5192,0,1],[5193,0,0]]"
438,4,"[[5194,2,-10],[5195,2,-10]]"
439,1,"[[5196,0,0],[5197,0,0],[5198,0,0],[5199,0,0],[5200,0,0],[5201,0,0],[5202,0,0],[5203,0,0],[5204,0,0],[5205,0,0],[5206,0,0],[5207,0,0],[5208,0,0],[5209,0,0],[5210,0,0],[5211,0,0],[5212,0,0],[5213,0,0],[5214,0,0],[5215,0,0]]"
440,2,"[[5216,0,0],[5217,0,0],[5218,0,0],[5219,0,0],[5220,0,0],[5221,0,0],[5222,0,0],[5223,0,0],[5224,0,0],[5225,0,0],[5226,0,0],[5227,0,0],[5228,0,0],[5229,0,0],[5230,0,0]]"
441,4,"[[6254,1,-1],[6255,1,0]]"
442,1,"[[6256,0,-2],[6257,0,-1],[6258,0,-2],[6259,0,0],[6260,0,0],[6261,0,-1],[6262,0,-2],[6263,0,-1],[6264,0,0],[6265,0,0],[6266,0,0],[6267,0,0],[6268,0,-2],[6269,0,-2],[6270,0,-2],[6271,0,0],[6272,0,-1],[6273,0,0],[6274,0,-2],[6275,0,-2]]"
443,2,"[[6276,0,0],[6277,0,0],[6278,0,0],[6279,0,0],[6280,0,0],[6281,0,0],[6282,0,0],[6283,0,0],[6284,0,0],[6285,0,0],[6286,0,0],[6287,0,0],[6288,0,0],[6289,0,0],[6290,0,0]]"
444,4,"[[6291,5,5],[6292,4,4]]"
445,1,"[[6293,0,-2],[6294,0,-1],[6295,0,-2],[6296,0,0],[6297,0,0],[6298,0,-1],[6299,0,-2],[6300,0,-1],[6301,0,0],[6302,0,0],[6303,0,0],[6304,0,0],[6305,0,-2],[6306,0,-2],[6307,0,-2],[6308,0,0],[6309,0,-1],[6310,0,0],[6311,0,-2],[6312,0,-2]]"
446,2,"[[6313,0,0],[6314,0,0],[6315,-1,0],[6316,0,0],[6317,0,0],[6318,0,0],[6319,0,0],[6320,0,0],[6321,0,0],[6322,1,0],[6323,1,0],[6324,0,0],[6325,0,0],[6326,0,0],[6327,-1,0]]"
447,4,"[[6328,0,0],[6329,0,0]]"
448,1,"[[6330,0,0],[6331,0,0],[6332,0,0],[6333,0,0],[6334,0,0],[6335,0,0],[6336,0,0],[6337,0,0],[6338,0,0],[6339,0,0],[6340,0,0],[6341,0,0],[6342,0,0],[6343,0,0],[6344,0,0],[6345,0,0],[6346,0,0],[6347,0,0],[6348,0,0],[6349,0,0]]"
449,2,"[[6350,1,0],[6351,0,0],[6352,-1,0],[6353,0,0],[6354,0,0],[6355,0,0],[6356,0,0],[6357,0,0],[6358,0,0],[6359,0,0],[6360,0,0],[6361,0,0],[6362,0,1],[6363,0,0],[6364,0,0]]"
450,4,"[[6365,3,-7],[6366,0,-7]]"
451,1,"[[6367,0,0],[6368,0,0],[6369,0,0],[6370,0,0],[6371,0,0],[6372,0,0],[6373,0,0],[6374,0,0],[6375,-1,0],[6376,-1,0],[6377,-1,0],[6378,0,0],[6379,0,0],[6380,0,0],[6381,0,0],[6382,0,0],[6383,0,0],[6384,0,0],[6385,0,0],[6386,0,0]]"
452,2,"[[6387,1,0],[6388,0,0],[6389,0,0],[6390,0,0],[6391,0,0],[6392,1,0],[6393,0,0],[6394,0,0],[6395,-1,0],[6396,1,0],[6397,0,0],[6398,0,0],[6399,0,1],[6400,0,1],[6401,0,0]]"
453,4,"[[6402,3,0],[6403,3,0]]"
454,1,"[[6404,0,0],[6405,0,0],[6406,0,0],[6407,0,0],[6408,0,0],[6409,0,0],[6410,0,0],[6411,0,0],[6412,0,0],[6413,0,0],[6414,0,0],[6415,0,0],[6416,0,0],[6417,0,0],[6418,0,0],[6419,0,0],[6420,0,0],[6421,0,0],[6422,0,0],[6423,0,0]]"
455,2,"[[6424,1,0],[6425,0,0],[6426,-1,0],[6427,0,0],[6428,0,0],[6429,0,0],[6430,0,0],[6431,-1,0],[6432,1,0],[6433,2,0],[6434,1,-1],[6435,0,0],[6436,0,1],[6437,0,0],[6438,0,0]]"
456,0,"[[5416,-3,-8],[5417,-3,-8],[5418,-3,-8],[5419,-3,-8],[5420,-3,-8]]"
457,0,"[[5421,-2,-8],[5422,-2,-8],[5423,-2,-8],[5424,-2,-8],[5425,-2,-8]]"
458,0,"[[5426,-4,-10],[5427,-4,-10],[5428,-4,-10],[5429,-4,-10],[5430,-4,-10]]"
459,0,"[[5431,-1,-7],[5432,-1,-7],[5433,-1,-7],[5434,-1,-7],[5435,-1,-7]]"
460,4,"[[5436,8,8],[5437,6,10]]"
461,3,"[[5439,10,18],[5438,15,21],[5438,10,22],[5438,11,22],[5438,11,21],[5438,13,23],[5438,18,28],[5438,18,23],[5438,17,23],[5443,27,13],[79,0,0],[79,0,0],[5440,21,4],[5441,10,1],[5442,13,0],[79,0,0],[5438,7,19],[5438,7,19],[79,0,0],[79,0,0],[79,0,0],[79,0,0],[79,0,0],[79,0,0]]"
462,3,"[[5444,-6,12],[5445,24,16],[5445,19,21],[5446,-8,16],[5446,-8,15],[5450,33,8],[5447,6,6],[5447,6,0],[5447,6,0],[5445,23,11],[5448,-33,4],[79,-6,1],[5445,17,35],[5449,11,7],[5450,13,11],[5448,-38,-12],[5444,-7,5],[5444,-7,4],[79,-4,7],[79,0,0],[79,0,0],[79,0,0],[79,0,0],[79,0,0]]"
463,3,"[[5452,0,0],[5453,19,0],[5453,15,0],[5454,20,0],[5454,20,0],[5453,18,0],[5455,26,0],[5453,26,0],[5453,26,0],[5456,0,6],[79,10,0],[79,0,0],[5457,0,3],[5458,0,2],[5459,5,9],[79,0,0],[5460,0,0],[5460,0,0],[5462,5,0],[5461,1,0],[5462,5,0],[5461,1,0],[5463,3,0],[5464,3,0]]"
464,3,"[[5465,3,20],[5466,0,8],[5466,0,10],[5467,1,1],[5467,1,1],[5468,-1,3],[5469,-1,8],[5469,-1,2],[5469,-1,2],[5466,5,-1],[5470,0,0],[79,11,1],[5471,18,0],[5472,7,-2],[5473,12,18],[79,0,0],[5474,3,11],[5474,3,10],[5474,-3,10],[5475,-1,3],[5476,-2,2],[5477,2,3],[5478,-2,1],[5479,-2,0]]"
465,3,"[[5481,10,18],[5480,15,21],[5480,10,22],[5480,11,22],[5480,11,21],[5480,13,23],[5480,18,28],[5480,18,23],[5480,17,23],[5485,27,13],[79,0,0],[79,0,0],[5482,21,4],[5483,10,1],[5484,13,0],[79,0,0],[5480,7,19],[5480,7,19],[79,0,0],[79,0,0],[79,0,0],[79,0,0],[79,0,0],[79,0,0]]"
466,3,"[[5486,-6,12],[5487,24,15],[5487,19,21],[5488,-9,15],[5488,-9,15],[5492,34,8],[5489,6,6],[5489,6,0],[5489,6,0],[5487,24,11],[5490,-34,4],[79,0,0],[5487,19,35],[5491,9,6],[5492,13,12],[5490,-39,-12],[5486,-6,3],[5486,-9,6],[79,0,0],[79,0,0],[79,0,0],[79,0,0],[79,0,0],[79,0,0]]"
467,3,"[[5494,0,0],[5495,19,0],[5495,15,0],[5496,20,0],[5496,20,0],[5495,18,0],[5497,26,0],[5495,26,0],[5495,26,0],[5498,0,6],[79,12,4],[79,0,0],[5499,0,3],[5500,0,2],[5501,5,9],[79,0,0],[5502,0,0],[5502,0,0],[5504,5,0],[5503,1,0],[5504,5,0],[5503,1,0],[5505,3,0],[5506,3,0]]"
468,3,"[[5507,3,21],[5508,0,8],[5508,0,10],[5509,1,1],[5509,1,1],[5510,-1,3],[5511,-1,8],[5511,-1,2],[5511,-1,2],[5508,5,-1],[5512,0,0],[79,0,0],[5513,18,0],[5514,7,-1],[5515,11,17],[79,0,0],[5516,3,11],[5516,3,10],[5516,-3,10],[5517,-1,3],[5518,-2,4],[5519,2,3],[5520,-2,1],[5521,-2,0]]"
469,0,"[[5522,-1,-3],[5523,-1,-3],[5524,-1,-3],[5525,-1,-3],[5526,0,-3]]"
470,1,"[[5527,0,0],[5528,0,0],[5529,0,0],[5530,0,0],[5531,0,0],[5532,0,0],[5533,0,0],[5534,0,0],[5535,0,0],[5536,0,0],[5537,0,0],[5538,0,0],[5539,0,0],[5540,0,0],[5541,0,0],[5542,0,0],[5543,0,0],[5544,0,0],[5545,0,0],[5546,0,0]]"
471,2,"[[5547,1,0],[5548,0,0],[5549,-1,0],[5550,0,0],[5551,0,0],[5552,0,0],[5553,0,0],[5554,0,0],[5555,0,0],[5556,1,0],[5557,1,0],[5558,0,0],[5559,0,0],[5560,0,0],[5561,0,0]]"
472,0,"[[5562,-2,-3],[5563,-2,-3],[5564,-2,-3],[5565,-2,-3],[5566,-2,-3]]"
473,1,"[[5567,0,0],[5568,0,0],[5569,0,0],[5570,0,0],[5571,0,1],[5572,0,0],[5573,0,0],[5574,0,0],[5575,0,0],[5576,0,0],[5577,0,0],[5578,0,0],[5579,0,0],[5580,0,0],[5581,0,0],[5582,0,0],[5583,0,0],[5584,0,0],[5585,0,0],[5586,0,0]]"
474,2,"[[5587,1,0],[5588,0,0],[5589,0,0],[5590,0,0],[5591,1,0],[5592,0,0],[5593,0,0],[5594,1,0],[5595,0,0],[5596,1,0],[5597,1,0],[5598,0,0],[5599,0,0],[5600,0,0],[5601,0,0]]"
475,0,"[[5602,-2,-3],[5603,-2,-3],[5604,-2,-3],[5605,-2,-3],[5606,-1,-3]]"
476,1,"[[5607,0,0],[5608,0,0],[5609,0,0],[5610,0,0],[5611,0,0],[5612,0,0],[5613,0,0],[5614,0,0],[5615,0,0],[5616,0,0],[5617,0,0],[5618,0,0],[5619,0,0],[5620,0,0],[5621,0,0],[5622,0,0],[5623,0,0],[5624,0,0],[5625,0,0],[5626,0,0]]"
477,2,"[[5627,0,0],[5628,0,0],[5629,0,0],[5630,0,0],[5631,0,0],[5632,0,0],[5633,0,0],[5634,0,0],[5635,0,0],[5636,0,0],[5637,0,0],[5638,0,0],[5639,0,0],[5640,0,0],[5641,0,0]]"
478,0,"[[5642,-1,-1],[5643,-1,-1],[5644,-1,-1],[5645,-1,-1],[5646,-1,-1]]"
479,1,"[[5647,-1,0],[5648,0,0],[5649,0,0],[5650,0,0],[5651,0,0],[5652,0,0],[5653,0,0],[5654,0,0],[5655,0,0],[5656,0,0],[5657,0,0],[5658,0,0],[5659,0,0],[5660,0,0],[5661,0,0],[5662,0,0],[5663,0,0],[5664,0,0],[5665,0,0],[5666,0,0]]"
480,2,"[[5667,0,0],[5668,0,0],[5669,0,0],[5670,0,0],[5671,0,0],[5672,0,0],[5673,0,0],[5674,0,0],[5675,0,0],[5676,0,0],[5677,0,0],[5678,0,0],[5679,0,0],[5680,0,0],[5681,0,0]]"
481,5,"[[5682,0,-7],[5683,3,-7]]"
482,5,"[[5684,0,-1],[5685,0,-1]]"
483,5,"[[5686,1,0],[5687,1,0]]"
484,5,"[[5688,3,-1],[5689,3,-1]]"
485,5,"[[5690,1,0],[5691,2,0]]"
486,5,"[[5692,2,0],[5693,3,0]]"
487,0,"[[5694,0,0],[5695,0,0],[5696,0,0],[5697,0,0],[0,0,0]]"
488,0,"[[5699,0,0],[5700,0,0],[5701,0,0],[5702,0,0],[5703,0,0]]"
489,0,"[[5704,0,0],[5705,0,0],[5706,0,0],[5707,0,0],[5708,0,0]]"
490,0,"[[5709,-1,-6],[5709,-1,-6],[5710,-2,-6],[5711,-2,-6],[5712,-2,-7]]"
491,1,"[[5713,-2,-5],[5714,-7,-6],[5715,-7,-6],[5716,-7,-5],[5717,-4,-5],[5718,-5,-4],[5719,-1,-6],[5720,0,-5],[5721,-4,-7],[5722,-5,-6],[5723,-6,-5],[5724,-3,-6],[5725,-6,-5],[5726,-5,-5],[5727,-9,-5],[5728,-8,-6],[5729,-8,-4],[5730,-7,-6],[5731,-4,-5],[5732,-5,-6]]"
492,2,"[[5733,0,0],[5734,0,0],[5735,0,0],[5736,0,0],[5737,0,0],[5738,0,0],[5739,0,0],[5740,0,0],[5741,0,0],[5742,0,0],[5743,0,-1],[5744,0,0],[5745,0,0],[5746,0,0],[5747,0,0]]"
493,3,"[[5748,13,13],[5748,6,14],[5748,6,14],[5748,18,8],[5748,19,6],[5748,1,12],[5749,29,15],[5749,29,9],[5749,29,9],[5748,10,2],[5750,2,-1],[5748,-27,-17],[5751,10,7],[5751,4,8],[5752,4,17],[5748,-24,-15],[5748,16,8],[5748,16,8],[5748,10,10],[5748,3,13],[5749,35,10],[5749,29,15],[5748,15,3],[5748,11,9]]"
494,3,"[[5753,10,10],[5754,-3,7],[5754,-3,9],[5755,16,7],[5755,16,7],[5756,-2,3],[5757,29,8],[5757,29,2],[5757,28,2],[5753,2,-3],[5754,-6,-6],[79,0,0],[5758,4,6],[5758,-1,6],[5759,6,12],[79,0,0],[5754,5,5],[5753,5,4],[5753,-1,5],[5759,0,4],[5757,34,3],[5757,28,8],[5760,27,11],[5760,23,19]]"
495,3,"[[5761,5,2],[5762,6,2],[5762,7,5],[5763,14,2],[5763,14,2],[5764,2,8],[5765,9,8],[5765,9,3],[5765,9,2],[5762,11,-5],[5762,2,-9],[79,0,0],[5766,3,10],[5766,-2,11],[5768,-3,12],[79,0,0],[5762,13,1],[5762,13,2],[5764,7,10],[5764,4,12],[5765,14,2],[5765,9,7],[5767,31,-4],[5767,27,4]]"
496,3,"[[5769,-2,11],[5770,-2,7],[5770,-2,9],[5771,6,10],[5771,6,9],[5772,9,4],[5773,8,5],[5773,8,-1],[5773,8,-1],[5770,3,-2],[5770,-7,-5],[79,0,0],[5774,22,10],[5775,9,0],[5776,12,11],[79,0,0],[5770,6,6],[5770,5,6],[5770,1,5],[5777,10,5],[5778,2,1],[5779,11,5],[5770,6,-3],[5770,3,2]]"
497,0,"[[5780,-1,-3],[5781,-1,-3],[5782,-1,-4],[5783,-1,-4],[5784,-1,-3]]"
498,0,"[[5785,-3,-14],[5785,-3,-15],[5786,-3,-15],[5786,-3,-15],[5787,-5,-14]]"
499,1,"[[5788,1,-6],[5789,-1,-4],[5790,0,-5],[5791,0,0],[5792,0,-2],[5793,0,-3],[5794,1,-5],[5795,0,-4],[5796,0,0],[5797,0,0],[5798,-1,-1],[5799,0,-3],[5800,0,-5],[5801,0,-5],[5802,0,-5],[5803,1,0],[5804,0,-4],[5805,0,0],[5806,0,-6],[5807,0,-6]]"
500,2,"[[5808,0,0],[5809,0,0],[5810,-1,0],[5811,0,0],[5812,0,0],[5813,1,0],[5814,0,0],[5815,-1,0],[5816,0,0],[5817,0,0],[5818,0,0],[5819,0,0],[5820,0,1],[5821,0,0],[5822,0,0]]"
501,0,"[[5823,0,-11],[5824,0,-11],[5825,0,-11],[5826,0,-11],[5827,0,-11]]"
502,1,"[[5828,-2,-32],[5829,-4,-31],[5830,-3,-32],[5831,-5,-30],[5832,-5,-31],[5833,-3,-31],[5834,-3,-33],[5835,-4,-33],[5836,0,-17],[5837,0,-15],[5838,-2,-28],[5839,-5,-32],[5840,0,-36],[5841,-2,-36],[5842,-5,-32],[5843,-5,-27],[5844,-2,-31],[5845,-4,-28],[5846,-4,-33],[5847,-4,-33]]"
503,2,"[[5848,0,-10],[5849,-4,-10],[5850,-5,-10],[5851,-6,-10],[5852,-4,-11],[5853,-4,-10],[5854,-7,-10],[5855,-2,-10],[5856,-3,-10],[5857,-2,-10],[5858,-3,-9],[5859,-5,-9],[5860,-3,-11],[5861,-2,-9],[5862,-5,-10]]"
504,3,"[[5863,-6,-10],[5864,-5,-4],[5865,-14,9],[5866,-11,-18],[5866,-11,-18],[5867,22,-7],[5868,5,-12],[5868,5,-18],[5868,5,-18],[79,13,9],[79,0,0],[79,0,0],[5869,21,14],[5870,-20,-5],[5871,8,-11],[79,0,0],[79,-1,-16],[79,0,0],[5873,0,-3],[5874,-8,1],[5872,1,-18],[5872,-5,-21],[79,0,0],[79,0,0]]"
505,0,"[[5875,-4,-18],[5876,-4,-18],[5877,-4,-18],[5878,-4,-18],[5879,-2,-18]]"
506,1,"[[5880,-3,-14],[5881,-3,-13],[5882,-3,-15],[5883,-3,-11],[5884,-3,-13],[5885,-4,-14],[5886,-3,-14],[5887,-1,-13],[5888,-1,-13],[5889,-1,-13],[5890,-2,-11],[5891,-3,-14],[5892,-5,-14],[5893,-4,-14],[5894,-2,-15],[5895,-2,-12],[5896,-3,-14],[5897,-2,-12],[5898,0,-15],[5899,-1,-15]]"
507,2,"[[5900,0,-8],[5901,-4,-8],[5902,-1,-8],[5903,-3,-8],[5904,-2,-9],[5905,0,-8],[5906,-4,-8],[5907,-4,-8],[5908,-3,-8],[5909,-3,-8],[5910,-2,-6],[5911,-2,-6],[5912,-1,-6],[5913,-1,-8],[5914,-3,-8]]"
508,0,"[[5915,0,-15],[5916,0,-15],[5917,0,-15],[5918,0,-15],[5919,0,-15]]"
509,1,"[[5920,-2,-16],[5921,-5,-16],[5922,-3,-17],[5923,-5,-15],[5924,-4,-16],[5925,-3,-16],[5926,-4,-17],[5927,-4,-16],[5928,-2,-14],[5929,-2,-14],[5930,-2,-13],[5931,-3,-15],[5932,-6,-16],[5933,-5,-17],[5934,-4,-15],[5935,-4,-15],[5936,-3,-15],[5937,-3,-15],[5938,-3,-15],[5939,-2,-15]]"
510,2,"[[5940,1,-8],[5941,-4,-8],[5942,-3,-8],[5943,-4,-8],[5944,-2,-9],[5945,-2,-8],[5946,-4,-8],[5947,-2,-8],[5948,-3,-8],[5949,-2,-8],[5950,-2,-7],[5951,-2,-5],[5952,-1,-6],[5953,-1,-7],[5954,-3,-8]]"
511,3,"[[5955,-17,13],[5956,-12,2],[5956,-17,3],[5957,-37,-8],[5957,-37,-8],[5958,6,-13],[5959,1,-21],[5959,1,-27],[5959,1,-27],[5956,-11,-7],[5960,-49,-13],[5961,-34,-26],[5962,-15,14],[5963,-19,-9],[5964,13,-15],[5960,-57,-27],[79,5,-4],[79,0,0],[5961,-1,0],[5962,-7,6],[5965,-9,-24],[5965,-13,-24],[79,0,0],[79,0,0]]"
512,0,"[[5966,0,-16],[5967,0,-16],[5968,0,-16],[5969,0,-16],[5970,1,-16]]"
513,1,"[[5971,-3,-19],[5972,-5,-18],[5973,-3,-20],[5974,-4,-18],[5975,-7,-17],[5976,-7,-18],[5977,-6,-21],[5978,-5,-19],[5979,-2,-17],[5980,-2,-18],[5981,-1,-16],[5982,-6,-20],[5983,-7,-19],[5984,-5,-19],[5985,-7,-20],[5986,-6,-15],[5987,-7,-19],[5988,-7,-15],[5989,-6,-20],[5990,-7,-19]]"
514,2,"[[5991,-1,-10],[5992,-4,-9],[5993,-4,-10],[5994,-5,-10],[5995,-1,-11],[5996,-5,-10],[5997,-7,-10],[5998,-4,-10],[5999,-4,-10],[6000,-2,-10],[6001,-2,-9],[6002,-4,-8],[6003,-1,-10],[6004,-1,-7],[6005,-6,-10]]"
515,3,"[[6006,-20,13],[6007,-7,13],[6007,-11,13],[6008,-6,-14],[6008,-6,-14],[6009,26,1],[6010,-1,-19],[6010,-1,-25],[6010,-1,-25],[6011,-11,-2],[6011,-45,-14],[79,0,0],[6012,20,-21],[6013,17,-9],[6014,17,-10],[6011,-53,-30],[6015,-8,-11],[6015,-9,-11],[6007,0,13],[6007,-9,19],[6016,1,-29],[6016,-2,-27],[79,0,0],[79,0,0]]"
516,0,"[[6017,-1,-17],[6018,-1,-17],[6019,-1,-17],[6020,-1,-17],[6021,0,-17]]"
517,1,"[[6022,-8,-22],[6023,-5,-20],[6024,-3,-23],[6025,-8,-19],[6026,-7,-21],[6027,-6,-23],[6028,-6,-23],[6029,-5,-24],[6030,-2,-17],[6031,-2,-17],[6032,-6,-20],[6033,-5,-21],[6034,-5,-22],[6035,-4,-22],[6036,-6,-23],[6037,-5,-18],[6038,-7,-23],[6039,-7,-19],[6040,-5,-22],[6041,-4,-21]]"
518,2,"[[6042,0,-10],[6043,-5,-9],[6044,-4,-10],[6045,-7,-10],[6046,-2,-11],[6047,-5,-10],[6048,-6,-10],[6049,-3,-10],[6050,-4,-10],[6051,-2,-10],[6052,-1,-9],[6053,-3,-8],[6054,0,-10],[6055,0,-7],[6056,-5,-10]]"
519,0,"[[6057,0,-3],[6058,0,-3],[6059,0,-3],[6060,0,-3],[6061,0,-4]]"
520,1,"[[6062,0,-1],[6063,0,0],[6064,0,-1],[6065,0,0],[6066,0,0],[6067,0,0],[6068,0,-1],[6069,0,-1],[6070,0,0],[6071,0,0],[6072,0,0],[6073,0,-1],[6074,0,-1],[6075,0,-1],[6076,0,-1],[6077,0,0],[6078,0,0],[6079,0,0],[6080,0,-1],[6081,0,-1]]"
521,2,"[[6082,0,0],[6083,0,0],[6084,0,0],[6085,-1,0],[6086,0,0],[6087,0,0],[6088,-1,0],[6089,0,0],[6090,1,0],[6091,1,0],[6092,0,0],[6093,0,0],[6094,0,0],[6095,0,0],[6096,-1,0]]"
522,0,"[[6097,0,-1],[6098,0,-1],[6099,0,-1],[6100,0,-1],[6101,0,-2]]"
523,1,"[[6102,0,-1],[6103,0,0],[6104,0,-1],[6105,0,0],[6106,0,0],[6107,0,0],[6108,0,-1],[6109,0,-1],[6110,0,0],[6111,0,0],[6112,0,0],[6113,0,-1],[6114,0,-1],[6115,0,-1],[6116,0,-1],[6117,0,0],[6118,0,0],[6119,0,0],[6120,0,-1],[6121,0,-1]]"
524,2,"[[6122,0,0],[6123,0,0],[6124,0,0],[6125,-1,0],[6126,0,0],[6127,0,0],[6128,-1,0],[6129,0,0],[6130,0,0],[6131,1,0],[6132,0,0],[6133,0,0],[6134,0,0],[6135,0,0],[6136,-1,0]]"
525,0,"[[6137,-6,-7],[6137,-6,-7],[6138,-6,-7],[6138,-6,-7],[6139,-6,-7]]"
526,1,"[[6140,-10,-10],[6141,-2,-9],[6142,-4,-10],[6143,-6,-11],[6144,-6,-10],[6145,-7,-9],[6146,-8,-9],[6147,-7,-10],[6148,-9,-4],[6149,-8,-5],[6150,-6,-6],[6151,-4,-10],[6152,-13,-8],[6153,-12,-9],[6154,1,-10],[6155,-2,-5],[6156,-7,-8],[6157,-9,-5],[6158,-1,-10],[6159,-4,-10]]"
527,2,"[[6160,-1,0],[6161,-2,0],[6162,-5,1],[6163,-6,1],[6164,-2,0],[6165,-6,0],[6166,-4,1],[6167,-1,1],[6168,1,1],[6169,1,1],[6170,2,2],[6171,1,3],[6172,4,0],[6173,4,4],[6174,-2,1]]"
528,0,"[[6175,-1,-6],[6176,-1,-6],[6177,-1,-6],[6177,-1,-6],[6178,-2,-6]]"
529,1,"[[6179,-2,-10],[6180,0,-7],[6181,0,-8],[6182,0,-6],[6183,0,-9],[6184,0,-8],[6185,0,-10],[6186,0,-10],[6187,0,-5],[6188,0,-5],[6189,-2,-6],[6190,0,-9],[6191,-1,-10],[6192,-1,-10],[6193,0,-10],[6194,0,-5],[6195,0,-10],[6196,0,-6],[6197,0,-10],[6198,0,-10]]"
530,2,"[[6199,0,-3],[6200,0,-3],[6201,0,-3],[6202,0,-3],[6203,1,-3],[6204,0,-3],[6205,0,-3],[6206,0,-3],[6207,0,-3],[6208,1,-3],[6209,0,-1],[6210,0,-1],[6211,0,0],[6212,0,-1],[6213,0,-3]]"
531,0,"[[6214,-1,-12],[6215,-1,-12],[6216,-1,-12],[6217,-1,-12],[6218,-2,-12]]"
532,1,"[[6219,-3,-15],[6220,-5,-13],[6221,-3,-14],[6222,-7,-8],[6223,-7,-11],[6224,-9,-13],[6225,-7,-13],[6226,-7,-11],[6227,-6,-12],[6228,-6,-12],[6229,-6,-10],[6230,-6,-12],[6231,-7,-15],[6232,-5,-14],[6233,-8,-15],[6234,-9,-10],[6235,-11,-13],[6236,-12,-9],[6237,-5,-13],[6238,-7,-15]]"
533,2,"[[6239,0,1],[6240,0,1],[6241,0,1],[6242,0,1],[6243,0,1],[6244,0,1],[6245,0,1],[6246,0,1],[6247,0,1],[6248,1,1],[6249,0,0],[6250,0,0],[6251,0,1],[6252,0,0],[6253,0,1]]"
534,4,"[[5231,4,-11],[5232,3,-12]]"
535,1,"[[5233,0,0],[5234,0,0],[5235,0,0],[5236,0,0],[5237,0,0],[5238,0,0],[5239,0,0],[5240,0,0],[5241,0,0],[5242,0,0],[5243,0,0],[5244,0,0],[5245,0,0],[5246,0,0],[5247,0,0],[5248,0,0],[5249,0,0],[5250,0,0],[5251,0,-2],[5252,0,-2]]"
536,2,"[[5253,-2,0],[5254,-1,0],[5255,-3,0],[5256,0,0],[5257,-1,0],[5258,-1,0],[5259,0,0],[5260,-2,0],[5261,-2,0],[5262,-1,0],[5263,-2,0],[5264,0,0],[5265,0,0],[5266,0,0],[5267,-1,0]]"
537,4,"[[5268,2,-5],[5269,2,-6]]"
538,1,"[[5270,0,0],[5271,0,0],[5272,0,0],[5273,0,0],[5274,0,0],[5275,0,0],[5276,0,0],[5277,0,0],[5278,0,0],[5279,0,0],[5280,0,0],[5281,0,0],[5282,0,0],[5283,0,0],[5284,0,0],[5285,0,0],[5286,0,0],[5287,0,0],[5288,0,0],[5289,0,0]]"
539,2,"[[5290,-2,0],[5291,-1,0],[5292,-3,0],[5293,0,0],[5294,-1,0],[5295,-1,0],[5296,0,0],[5297,-2,0],[5298,-2,0],[5299,-2,0],[5300,-2,0],[5301,0,0],[5302,0,1],[5303,0,0],[5304,-1,0]]"
540,4,"[[5305,3,0],[5306,2,0]]"
541,1,"[[5307,0,0],[5308,0,0],[5309,0,0],[5310,0,0],[5311,0,0],[5312,0,0],[5313,0,0],[5314,0,0],[5315,0,0],[5316,0,0],[5317,0,0],[5318,0,0],[5319,0,0],[5320,0,0],[5321,0,0],[5322,0,0],[5323,0,0],[5324,0,0],[5325,0,0],[5326,0,0]]"
542,2,"[[5327,-2,0],[5328,-1,0],[5329,-2,0],[5330,-1,0],[5331,-1,0],[5332,-1,0],[5333,0,0],[5334,-2,0],[5335,-2,0],[5336,-2,0],[5337,-2,0],[5338,0,0],[5339,0,-1],[5340,0,0],[5341,-1,0]]"
543,4,"[[5342,12,2],[5343,2,2]]"
544,1,"[[5344,0,0],[5345,0,0],[5346,0,0],[5347,0,-2],[5348,0,0],[5349,0,0],[5350,0,0],[5351,0,0],[5352,-1,0],[5353,-1,0],[5354,0,0],[5355,0,0],[5356,0,0],[5357,0,0],[5358,0,0],[5359,0,0],[5360,0,0],[5361,0,0],[5362,0,0],[5363,0,0]]"
545,2,"[[5364,-1,0],[5365,-1,0],[5366,-2,0],[5367,0,0],[5368,-1,0],[5369,-1,0],[5370,0,0],[5371,-2,0],[5372,-2,0],[5373,-1,0],[5374,-1,0],[5375,0,0],[5376,0,1],[5377,0,1],[5378,-1,0]]"
546,4,"[[5379,3,0],[5380,3,0]]"
547,1,"[[5381,0,0],[5382,0,0],[5383,0,0],[5384,0,0],[5385,0,0],[5386,0,0],[5387,0,0],[5388,0,0],[5389,0,0],[5390,0,0],[5391,0,0],[5392,0,0],[5393,0,0],[5394,0,0],[5395,0,0],[5396,0,0],[5397,0,0],[5398,0,0],[5399,0,0],[5400,0,0]]"
548,2,"[[5401,-2,0],[5402,-1,0],[5403,-3,0],[5404,0,0],[5405,-1,0],[5406,-1,0],[5407,-1,0],[5408,-2,0],[5409,-2,0],[5410,-1,0],[5411,-2,0],[5412,0,0],[5413,0,0],[5414,0,0],[5415,-1,0]]"
549,4,"[[6439,6,9],[6440,5,9]]"
550,1,"[[6441,0,0],[6442,0,0],[6443,0,0],[6444,0,0],[6445,0,0],[6446,0,0],[6447,0,0],[6448,0,0],[6449,0,0],[6450,0,0],[6451,0,0],[6452,0,0],[6453,0,0],[6454,0,0],[6455,0,0],[6456,0,0],[6457,0,0],[6458,0,0],[6459,0,0],[6460,0,0]]"
551,2,"[[6461,0,0],[6462,0,0],[6463,0,0],[6464,0,0],[6465,0,0],[6466,0,0],[6467,0,0],[6468,0,0],[6469,0,0],[6470,0,0],[6471,0,0],[6472,0,0],[6473,0,0],[6474,0,0],[6475,0,0]]"
552,4,"[[6476,4,9],[6477,5,9]]"
553,1,"[[6478,0,0],[6479,0,0],[6480,0,0],[6481,0,0],[6482,0,0],[6483,0,0],[6484,0,0],[6485,0,0],[6486,0,0],[6487,0,0],[6488,0,0],[6489,0,0],[6490,0,0],[6491,0,0],[6492,0,0],[6493,0,0],[6494,0,0],[6495,0,0],[6496,0,0],[6497,0,0]]"
554,2,"[[6498,1,0],[6499,1,0],[6500,0,0],[6501,0,0],[6502,0,0],[6503,0,0],[6504,0,0],[6505,0,0],[6506,0,0],[6507,1,0],[6508,0,0],[6509,0,0],[6510,0,1],[6511,0,0],[6512,-1,0]]"
555,4,"[[6513,5,9],[6514,5,9]]"
556,1,"[[6515,0,-2],[6516,0,-1],[6517,0,-2],[6518,0,0],[6519,0,-1],[6520,0,-1],[6521,0,-2],[6522,0,-2],[6523,0,0],[6524,0,0],[6525,0,0],[6526,0,0],[6527,0,-2],[6528,0,-2],[6529,0,-2],[6530,0,0],[6531,0,-1],[6532,0,0],[6533,0,-2],[6534,0,-2]]"
557,2,"[[6535,1,0],[6536,0,0],[6537,-1,0],[6538,0,0],[6539,0,0],[6540,0,0],[6541,0,0],[6542,0,0],[6543,0,0],[6544,0,0],[6545,0,0],[6546,0,0],[6547,0,1],[6548,0,0],[6549,0,0]]"
558,4,"[[6550,0,0],[6551,1,0]]"
559,1,"[[6552,0,-1],[6553,0,0],[6554,0,-2],[6555,0,0],[6556,0,-1],[6557,0,-1],[6558,0,-2],[6559,0,-2],[6560,-1,0],[6561,-1,0],[6562,-1,0],[6563,0,0],[6564,0,-2],[6565,0,-2],[6566,0,-2],[6567,0,0],[6568,0,-1],[6569,0,0],[6570,0,-2],[6571,0,-2]]"
560,2,"[[6572,1,0],[6573,0,0],[6574,0,0],[6575,0,0],[6576,0,0],[6577,1,0],[6578,0,0],[6579,0,0],[6580,0,0],[6581,1,0],[6582,0,0],[6583,0,0],[6584,0,1],[6585,0,1],[6586,0,0]]"
561,4,"[[6587,2,1],[6588,3,1]]"
562,1,"[[6589,0,0],[6590,0,0],[6591,0,0],[6592,0,0],[6593,0,0],[6594,0,0],[6595,0,0],[6596,0,0],[6597,0,0],[6598,0,0],[6599,0,0],[6600,0,0],[6601,0,0],[6602,0,0],[6603,0,0],[6604,0,0],[6605,0,0],[6606,0,0],[6607,0,0],[6608,0,0]]"
563,2,"[[6609,1,0],[6610,0,0],[6611,-1,0],[6612,0,0],[6613,0,0],[6614,0,0],[6615,0,0],[6616,0,0],[6617,0,0],[6618,0,0],[6619,0,0],[6620,0,0],[6621,0,1],[6622,0,0],[6623,0,0]]"
564,1,"[[6624,0,-3],[6625,0,-2],[6626,0,-3],[6627,0,0],[6628,0,-1],[6629,0,-2],[6630,0,-3],[6631,0,-2],[6632,0,0],[6633,0,0],[6634,0,0],[6635,0,0],[6636,0,-3],[6637,0,-3],[6638,0,-3],[6639,0,0],[6640,0,-2],[6641,0,0],[6642,0,-3],[6643,0,-3]]"
565,2,"[[6644,1,0],[6645,0,0],[6646,-1,0],[6647,0,0],[6648,0,0],[6649,0,0],[6650,0,0],[6651,0,0],[6652,0,0],[6653,0,0],[6654,0,0],[6655,0,0],[6656,0,1],[6657,0,0],[6658,0,0]]"
566,1,"[[6659,0,0],[6660,0,0],[6661,0,0],[6662,0,0],[6663,0,0],[6664,0,0],[6665,0,0],[6666,0,0],[6667,0,0],[6668,0,0],[6669,0,0],[6670,0,0],[6671,0,0],[6672,0,0],[6673,0,0],[6674,0,0],[6675,0,0],[6676,0,0],[6677,0,0],[6678,0,0]]"
567,2,"[[6679,0,0],[6680,0,0],[6681,0,0],[6682,0,0],[6683,0,0],[6684,0,0],[6685,-1,0],[6686,0,0],[6687,0,0],[6688,1,0],[6689,0,0],[6690,0,0],[6691,0,1],[6692,0,0],[6693,-1,0]]"
568,1,"[[6694,-3,-7],[6695,0,-8],[6696,0,-9],[6697,0,-5],[6698,0,-7],[6699,0,-7],[6700,0,-9],[6701,0,-9],[6702,0,0],[6703,0,0],[6704,0,-5],[6705,0,-8],[6706,-4,-8],[6707,-3,-8],[6708,0,-9],[6709,0,-4],[6710,0,-7],[6711,0,-3],[6712,0,-9],[6713,0,-9]]"
569,2,"[[6714,0,0],[6715,0,0],[6716,0,0],[6717,0,0],[6718,0,0],[6719,0,0],[6720,0,0],[6721,0,0],[6722,0,0],[6723,0,0],[6724,0,0],[6725,0,0],[6726,0,1],[6727,0,0],[6728,0,0]]"
570,5,"[[6729,0,-4],[6730,2,-4]]"
571,1,"[[6731,0,-1],[6732,0,0],[6733,0,-1],[6734,0,-2],[6735,0,0],[6736,0,0],[6737,0,-2],[6738,0,-1],[6739,-1,0],[6740,-1,0],[6741,-1,0],[6742,0,0],[6743,-3,-1],[6744,-2,-1],[6745,0,-1],[6746,0,0],[6747,0,0],[6748,0,0],[6749,0,-1],[6750,0,-1]]"
572,2,"[[6751,1,0],[6752,0,0],[6753,0,0],[6754,0,0],[6755,0,0],[6756,1,0],[6757,0,0],[6758,0,0],[6759,0,0],[6760,1,0],[6761,0,0],[6762,0,0],[6763,0,1],[6764,0,1],[6765,0,0]]"
573,0,"[[6766,-2,0],[6767,-2,0],[6768,-2,0],[6769,-2,0],[6770,-1,0]]"
574,0,"[[6771,0,0],[6772,0,0],[6773,0,0],[6774,0,0],[6775,0,0]]"
575,0,"[[6776,0,0],[6777,0,0],[6778,0,0],[6779,0,0],[6780,0,0]]"
576,4,"[[6781,4,1],[6782,4,1]]"
577,1,"[[6783,-3,-22],[6784,0,-21],[6785,0,-22],[6786,0,-19],[6787,0,-21],[6788,0,-21],[6789,0,-22],[6790,0,-21],[6791,0,-6],[6792,0,-4],[6793,0,-17],[6794,0,-20],[6795,-4,-21],[6796,-3,-21],[6797,0,-22],[6798,0,-17],[6799,0,-19],[6800,0,-15],[6801,0,-22],[6802,0,-22]]"
578,2,"[[6803,0,0],[6804,0,0],[6805,-1,0],[6806,-1,0],[6807,0,0],[6808,-1,0],[6809,-1,0],[6810,0,0],[6811,0,0],[6812,0,0],[6813,0,-1],[6814,0,0],[6815,0,0],[6816,0,0],[6817,-1,0]]"
579,5,"[[6818,-1,-3],[6819,0,-4]]"
580,1,"[[6820,-3,-2],[6821,0,-2],[6822,0,-3],[6823,0,0],[6824,0,-1],[6825,0,-2],[6826,0,-3],[6827,0,-2],[6828,0,0],[6829,0,0],[6830,0,0],[6831,0,-2],[6832,-2,-2],[6833,-1,-2],[6834,0,-2],[6835,0,0],[6836,0,-2],[6837,0,0],[6838,0,-3],[6839,0,-3]]"
581,2,"[[6840,1,0],[6841,0,0],[6842,-1,0],[6843,0,0],[6844,0,0],[6845,0,0],[6846,0,0],[6847,0,0],[6848,0,0],[6849,0,0],[6850,0,0],[6851,0,0],[6852,0,1],[6853,0,0],[6854,0,0]]"
582,4,"[[6855,3,8],[6856,5,8]]"
583,1,"[[6857,-2,-1],[6858,0,0],[6859,0,-1],[6860,0,0],[6861,0,0],[6862,0,0],[6863,0,-2],[6864,0,-1],[6865,0,0],[6866,0,0],[6867,0,0],[6868,0,-2],[6869,-3,-1],[6870,-1,-2],[6871,0,-1],[6872,0,0],[6873,0,0],[6874,0,0],[6875,0,-1],[6876,0,-1]]"
584,2,"[[6877,0,0],[6878,0,0],[6879,-1,0],[6880,-1,0],[6881,0,0],[6882,0,0],[6883,-1,0],[6884,0,0],[6885,0,0],[6886,1,0],[6887,0,-2],[6888,-1,0],[6889,0,0],[6890,0,0],[6891,-2,0]]"
585,4,"[[6892,4,1],[6893,4,1]]"
586,1,"[[6894,-2,-1],[6895,0,-1],[6896,0,-1],[6897,0,0],[6898,0,0],[6899,0,0],[6900,0,-2],[6901,0,-1],[6902,0,0],[6903,0,0],[6904,0,0],[6905,0,-1],[6906,-2,-1],[6907,-1,-1],[6908,0,-1],[6909,0,0],[6910,0,0],[6911,0,0],[6912,0,-1],[6913,0,-1]]"
587,2,"[[6914,0,0],[6915,0,0],[6916,0,0],[6917,-1,0],[6918,0,0],[6919,0,0],[6920,-1,0],[6921,0,0],[6922,0,0],[6923,1,0],[6924,0,-1],[6925,0,0],[6926,0,0],[6927,0,0],[6928,-1,0]]"
588,4,"[[6929,6,8],[6930,5,8]]"
589,5,"[[6931,0,-1],[6932,0,-1]]"
590,1,"[[6933,-5,-3],[6934,0,-2],[6935,-1,-3],[6936,-2,-2],[6937,0,-4],[6938,-5,-2],[6939,0,-4],[6940,0,-3],[6941,-4,0],[6942,-4,0],[6943,-2,-2],[6944,-1,-5],[6945,-7,-3],[6946,-6,-3],[6947,0,-3],[6948,0,0],[6949,-4,-2],[6950,-5,0],[6951,0,-3],[6952,0,-3]]"
591,2,"[[6953,1,0],[6954,1,0],[6955,-2,1],[6956,-2,1],[6957,2,0],[6958,-2,0],[6959,-2,1],[6960,0,0],[6961,3,0],[6962,1,0],[6963,2,-2],[6964,0,-2],[6965,0,-3],[6966,0,0],[6967,0,0]]"
592,0,"[[6968,0,1],[6969,0,1],[6970,0,1],[6971,0,1],[6972,0,1]]"
593,1,"[[6973,0,-1],[6974,0,0],[6975,0,-1],[6976,0,0],[6977,0,0],[6978,0,0],[6979,0,-1],[6980,0,-1],[6981,0,0],[6982,0,0],[6983,0,0],[6984,0,-1],[6985,0,-1],[6986,0,-1],[6987,0,-1],[6988,0,0],[6989,0,0],[6990,0,0],[6991,0,-1],[6992,0,-1]]"
594,2,"[[6993,-2,0],[6994,-1,0],[6995,-3,0],[6996,-1,0],[6997,-1,0],[6998,-1,0],[6999,0,0],[7000,-2,0],[7001,-2,0],[7002,-1,0],[7003,-2,0],[7004,0,0],[7005,0,-1],[7006,0,0],[7007,-1,0]]"
595,0,"[[7008,0,-3],[7009,0,-3],[7010,0,-3],[7011,0,-3],[7012,0,-4]]"
596,1,"[[7013,0,-1],[7014,0,0],[7015,0,-1],[7016,0,0],[7017,0,0],[7018,0,0],[7019,0,-1],[7020,0,-1],[7021,0,0],[7022,0,0],[7023,0,0],[7024,0,-1],[7025,0,-1],[7026,0,-1],[7027,0,-1],[7028,0,0],[7029,0,0],[7030,0,0],[7031,0,-1],[7032,0,-1]]"
597,2,"[[7033,-2,0],[7034,-1,0],[7035,-2,0],[7036,-1,0],[7037,-1,0],[7038,-1,0],[7039,0,0],[7040,-2,0],[7041,-2,0],[7042,-2,0],[7043,-2,0],[7044,0,0],[7045,0,-1],[7046,0,0],[7047,-1,0]]"
598,0,"[[7048,0,-3],[7049,0,-3],[7050,0,-3],[7050,0,-3],[7055,0,-3]]"
599,0,"[[7051,0,-3],[7052,0,-3],[7053,0,-3],[7054,0,-3],[7055,0,-3]]"
600,1,"[[7056,-3,-2],[7057,0,-2],[7058,0,-3],[7059,0,0],[7060,0,-1],[7061,0,-2],[7062,0,-3],[7063,0,-2],[7064,0,0],[7065,0,0],[7066,0,0],[7067,0,-2],[7068,-2,-2],[7069,-1,-2],[7070,0,-2],[7071,0,0],[7072,0,-2],[7073,0,0],[7074,0,-3],[7075,0,-3]]"
601,2,"[[7076,-2,0],[7077,-1,0],[7078,-4,0],[7079,0,0],[7080,-1,0],[7081,-1,0],[7082,-1,0],[7083,-2,0],[7084,-2,0],[7085,-1,0],[7086,-2,0],[7087,0,0],[7088,0,0],[7089,0,0],[7090,-1,0]]"
602,3,"[[7091,10,18],[7092,15,21],[7092,10,22],[7092,11,22],[7092,11,21],[7092,13,23],[7092,18,28],[7092,18,23],[7092,17,23],[7093,22,11],[7094,6,14],[7094,0,0],[7095,13,6],[7096,8,1],[7097,0,0],[7094,0,0],[7092,7,19],[7092,7,19],[7092,21,23],[7092,12,28],[7092,24,24],[7092,16,29],[7092,22,12],[7092,17,20]]"
603,3,"[[7098,-6,12],[7099,23,16],[7099,19,21],[7100,-9,16],[7100,-9,16],[7104,33,7],[7101,7,5],[7101,7,-1],[7101,7,-1],[7099,23,12],[7102,-33,4],[79,0,0],[7103,17,6],[7103,11,7],[7104,13,11],[7102,-36,-11],[7098,-7,4],[7098,-8,6],[79,0,0],[79,0,0],[79,0,0],[79,0,0],[79,0,0],[79,0,0]]"
604,3,"[[7106,0,0],[7107,20,0],[7107,16,0],[7108,20,0],[7108,20,0],[7107,19,0],[7109,26,0],[7107,27,0],[7107,27,0],[7110,0,5],[79,3,1],[79,0,0],[7111,0,3],[7112,0,2],[7113,5,9],[79,0,0],[7114,0,0],[7114,0,0],[7116,5,0],[7115,0,0],[7116,5,0],[7115,0,0],[7117,3,0],[7118,3,0]]"
605,3,"[[7119,1,21],[7120,-4,5],[7120,-4,7],[7121,-1,-1],[7121,-1,-1],[7122,-3,1],[7123,-3,6],[7123,-3,0],[7123,-3,0],[7120,1,-4],[7124,-1,-1],[79,0,0],[7125,18,-2],[7126,6,-3],[7127,12,18],[79,0,0],[7128,1,11],[7128,1,10],[7128,-5,10],[7129,-3,1],[7130,-3,1],[7131,-1,1],[7132,-5,0],[7133,-6,-3]]"
606,3,"[[7134,9,17],[7135,14,20],[7135,9,21],[7135,10,21],[7135,10,20],[7135,12,22],[7135,17,27],[7135,17,22],[7135,16,22],[7136,22,11],[7137,6,14],[7137,0,0],[7138,13,6],[7139,8,1],[7140,0,0],[7137,0,0],[7135,6,18],[7135,6,18],[7135,20,22],[7135,11,27],[7135,23,23],[7135,15,28],[7135,21,11],[7135,16,19]]"
607,3,"[[7141,-8,11],[79,24,16],[7141,-4,14],[7145,1,-1],[7145,0,0],[7142,32,16],[7141,-4,16],[7141,-4,10],[7141,-4,10],[7141,2,4],[7141,-28,-3],[7141,-40,-19],[7147,16,-1],[7147,10,-1],[7146,13,11],[79,0,0],[79,0,0],[79,0,0],[7141,-4,7],[7145,4,2],[7148,-4,8],[7145,5,2],[79,0,0],[79,0,0]]"
608,3,"[[7149,0,0],[7150,20,0],[7150,16,0],[7151,20,0],[7151,20,0],[7150,19,0],[7152,26,0],[7150,27,0],[7150,27,0],[7153,0,5],[79,13,5],[79,0,0],[7154,0,3],[7155,0,2],[7156,5,9],[79,0,0],[7157,0,0],[7157,0,0],[7159,5,0],[7158,0,0],[7159,5,0],[7158,0,0],[7160,3,0],[7161,3,0]]"
609,3,"[[7162,1,21],[7163,-4,5],[7163,-4,7],[7164,-1,-1],[7164,-1,-1],[7165,-3,1],[7166,-3,6],[7166,-3,0],[7166,-3,0],[7163,1,-4],[7167,-1,-1],[79,0,0],[7168,19,-2],[7169,8,-3],[7170,12,18],[79,0,0],[7171,1,11],[7171,1,10],[7171,-5,10],[7172,-3,1],[7173,-3,1],[7174,-1,1],[7175,-5,0],[7176,-6,-3]]"
610,3,"[[7178,10,18],[7177,15,21],[7177,10,22],[7177,11,22],[7177,11,21],[7177,13,23],[7177,18,28],[7177,18,23],[7177,17,23],[7182,27,13],[79,0,0],[79,0,0],[7179,21,4],[7180,10,0],[7181,14,1],[79,0,0],[7177,7,19],[7177,7,19],[79,21,23],[79,0,0],[79,0,0],[79,0,0],[79,0,0],[79,0,0]]"
611,3,"[[7183,19,1],[7184,21,3],[7184,17,4],[7184,21,0],[7184,21,0],[7184,19,3],[7184,27,10],[7184,27,5],[7184,28,4],[7184,22,-7],[7184,1,-5],[7184,-6,-20],[79,12,11],[79,0,0],[7184,-2,13],[7184,-3,-20],[7184,23,0],[7184,22,1],[7184,31,4],[7184,24,9],[7184,34,5],[7184,28,10],[7185,-2,3],[7186,1,7]]"
612,3,"[[7187,19,4],[7188,21,7],[7188,17,8],[7188,21,4],[7188,21,4],[7188,19,7],[7188,27,14],[7188,27,8],[7188,27,8],[7188,22,-3],[7188,3,-2],[7188,-6,-16],[79,20,7],[79,0,0],[7188,-2,17],[7188,-4,-16],[7188,23,4],[7188,22,4],[7188,30,8],[7188,23,13],[7188,33,9],[7188,28,14],[7189,3,3],[7190,5,8]]"
613,0,"[[7191,0,0],[7192,0,0],[7193,0,0],[7193,0,0],[7194,1,0]]"
614,0,"[[7195,0,0],[7196,0,0],[7197,0,0],[7198,0,0],[7199,0,0]]"
615,0,"[[7200,1,0],[7200,1,0],[7200,1,0],[7200,1,0],[7201,1,0]]"
616,0,"[[7202,0,0],[7202,0,0],[7203,0,0],[7203,0,0],[7204,0,0]]"
617,5,"[[7205,1,-4],[7206,2,-4]]"
618,1,"[[7207,0,0],[7208,0,0],[7209,0,0],[7210,0,0],[7211,0,0],[7212,0,0],[7213,0,0],[7214,0,0],[7215,-1,0],[7216,-1,0],[7217,0,0],[7218,0,0],[7219,0,0],[7220,0,0],[7221,0,0],[7222,0,0],[7223,0,0],[7224,0,0],[7225,0,0],[7226,0,0]]"
619,2,"[[7227,1,0],[7228,0,0],[7229,0,0],[7230,0,0],[7231,0,0],[7232,0,0],[7233,0,0],[7234,0,0],[7235,0,0],[7236,1,0],[7237,0,0],[7238,0,0],[7239,0,1],[7240,0,1],[7241,0,0]]"
620,5,"[[7242,1,-2],[7243,1,-2]]"
621,1,"[[7244,0,0],[7245,0,0],[7246,0,0],[7247,0,0],[7248,0,0],[7249,0,0],[7250,0,0],[7251,0,0],[7252,0,0],[7253,0,0],[7254,0,0],[7255,0,0],[7256,0,0],[7257,0,0],[7258,0,0],[7259,0,0],[7260,0,0],[7261,0,0],[7262,0,0],[7263,0,0]]"
622,2,"[[7264,1,0],[7265,0,0],[7266,-1,0],[7267,0,0],[7268,0,0],[7269,0,0],[7270,0,0],[7271,0,0],[7272,0,0],[7273,0,0],[7274,0,0],[7275,0,0],[7276,0,1],[7277,0,0],[7278,0,0]]"
623,5,"[[7279,2,1],[7280,2,1]]"
624,1,"[[7281,0,0],[7282,0,0],[7283,0,0],[7284,0,0],[7285,0,0],[7286,0,0],[7287,0,0],[7288,0,0],[7289,0,0],[7290,0,0],[7291,0,0],[7292,0,0],[7293,0,0],[7294,0,0],[7295,0,0],[7296,0,0],[7297,0,0],[7298,0,0],[7299,0,0],[7300,0,0]]"
625,2,"[[7301,1,0],[7302,0,0],[7303,-1,0],[7304,0,0],[7305,0,0],[7306,0,0],[7307,0,0],[7308,1,0],[7309,1,0],[7310,2,0],[7311,1,-1],[7312,0,0],[7313,0,1],[7314,0,0],[7315,-1,0]]"
626,5,"[[7316,1,-1],[7317,0,-1]]"
627,5,"[[7318,1,-3],[7319,0,-3]]"
628,5,"[[7320,-2,-2],[7321,2,-2]]"
629,5,"[[7322,2,-2],[7323,2,-2]]"
630,4,"[[6818,0,-4],[6819,2,-4]]"
631,4,"[[6931,1,-1],[6932,1,-1]]"
632,5,"[[7324,1,-1],[7325,0,-1]]"
633,5,"[[7326,1,0],[7327,2,0]]"
634,5,"[[7328,1,-2],[7329,0,-2]]"
635,5,"[[7330,1,-3],[7331,0,-3]]"
636,4,"[[7332,1,0],[7333,1,0]]"
637,1,"[[7334,-2,-3],[7335,0,-2],[7336,0,-3],[7337,0,0],[7338,0,-2],[7339,0,-2],[7340,0,-4],[7341,0,-3],[7342,0,0],[7343,0,0],[7344,-1,0],[7345,0,-2],[7346,0,-2],[7347,0,-2],[7348,0,-3],[7349,0,0],[7350,0,-2],[7351,0,0],[7352,0,-3],[7353,0,-3]]"
638,2,"[[7354,1,0],[7355,0,0],[7356,-1,0],[7357,0,0],[7358,0,0],[7359,0,0],[7360,0,0],[7361,1,0],[7362,1,0],[7363,2,0],[7364,1,-1],[7365,0,0],[7366,0,1],[7367,0,0],[7368,0,0]]"
639,4,"[[7369,4,1],[7370,4,1]]"
640,1,"[[7371,-2,-3],[7372,0,-2],[7373,0,-3],[7374,0,0],[7375,0,-2],[7376,0,-2],[7377,0,-4],[7378,0,-3],[7379,0,0],[7380,0,0],[7381,-1,0],[7382,0,-2],[7383,0,-2],[7384,0,-2],[7385,0,-3],[7386,0,0],[7387,0,-2],[7388,0,0],[7389,0,-3],[7390,0,-3]]"
641,2,"[[7391,1,0],[7392,0,0],[7393,-1,0],[7394,0,0],[7395,0,0],[7396,0,0],[7397,0,0],[7398,1,0],[7399,1,0],[7400,2,0],[7401,1,-1],[7402,0,0],[7403,0,1],[7404,0,0],[7405,0,0]]"
642,4,"[[7406,3,-2],[7407,3,-2]]"
643,1,"[[7408,-2,-3],[7409,0,-2],[7410,0,-3],[7411,0,0],[7412,0,-2],[7413,0,-2],[7414,0,-4],[7415,0,-3],[7416,0,0],[7417,0,0],[7418,-1,0],[7419,0,-2],[7420,0,-2],[7421,0,-2],[7422,0,-3],[7423,0,0],[7424,0,-2],[7425,0,0],[7426,0,-3],[7427,0,-3]]"
644,2,"[[7428,1,0],[7429,0,0],[7430,-1,0],[7431,0,0],[7432,0,0],[7433,0,0],[7434,0,0],[7435,0,0],[7436,0,0],[7437,0,0],[7438,0,0],[7439,0,0],[7440,0,1],[7441,0,0],[7442,0,0]]"
645,5,"[[7443,2,0],[7444,2,0]]"
646,1,"[[7445,-2,-1],[7446,0,0],[7447,0,-1],[7448,0,0],[7449,0,-1],[7450,0,-2],[7451,0,-2],[7452,0,-1],[7453,0,0],[7454,0,0],[7455,0,0],[7456,0,-1],[7457,0,-2],[7458,0,-2],[7459,0,-2],[7460,0,0],[7461,0,-2],[7462,0,0],[7463,0,-2],[7464,0,-2]]"
647,2,"[[7465,0,0],[7466,0,0],[7467,0,0],[7468,0,0],[7469,0,0],[7470,0,0],[7471,0,0],[7472,0,0],[7473,0,0],[7474,0,0],[7475,0,0],[7476,0,0],[7477,0,0],[7478,0,0],[7479,0,0]]"
648,4,"[[7480,3,1],[7481,4,1]]"
649,1,"[[7482,0,0],[7483,0,0],[7484,0,0],[7485,0,0],[7486,0,0],[7487,0,0],[7488,0,0],[7489,0,0],[7490,0,0],[7491,0,0],[7492,0,0],[7493,0,0],[7494,0,0],[7495,0,0],[7496,0,0],[7497,0,0],[7498,0,0],[7499,0,0],[7500,0,0],[7501,0,0]]"
650,2,"[[7502,1,0],[7503,0,0],[7504,-1,0],[7505,0,0],[7506,0,0],[7507,0,0],[7508,-1,0],[7509,1,0],[7510,1,0],[7511,1,0],[7512,0,0],[7513,0,0],[7514,0,0],[7515,0,0],[7516,-1,0]]"
651,1,"[[7517,0,0],[7518,0,0],[7519,0,0],[7520,0,0],[7521,0,0],[7522,0,0],[7523,0,0],[7524,0,0],[7525,0,0],[7526,0,0],[7527,0,0],[7528,0,0],[7529,0,0],[7530,0,0],[7531,0,0],[7532,0,0],[7533,0,0],[7534,0,0],[7535,0,0],[7536,0,0]]"
652,2,"[[7537,1,0],[7538,0,0],[7539,-1,0],[7540,-1,0],[7541,0,0],[7542,-1,0],[7543,-1,0],[7544,1,0],[7545,1,0],[7546,1,0],[7547,0,-1],[7548,0,0],[7549,0,0],[7550,0,0],[7551,-1,0]]"
653,4,"[[7552,2,-3],[7553,2,-3]]"
654,1,"[[7554,0,0],[7555,0,0],[7556,0,0],[7557,0,0],[7558,0,0],[7559,0,0],[7560,0,0],[7561,0,0],[7562,0,0],[7563,0,0],[7564,0,0],[7565,0,0],[7566,0,0],[7567,0,0],[7568,0,0],[7569,0,0],[7570,0,0],[7571,0,0],[7572,0,0],[7573,0,0]]"
655,2,"[[7574,1,0],[7575,0,0],[7576,-1,0],[7577,0,0],[7578,0,0],[7579,0,0],[7580,0,0],[7581,0,0],[7582,0,0],[7583,0,0],[7584,0,0],[7585,0,0],[7586,0,1],[7587,0,0],[7588,0,0]]"
656,4,"[[7589,2,-2],[7590,2,-2]]"
657,1,"[[7591,0,-1],[7592,0,0],[7593,0,0],[7594,0,0],[7595,0,0],[7596,0,0],[7597,0,-1],[7598,0,-1],[7599,0,0],[7600,0,0],[7601,0,0],[7602,0,0],[7603,0,-1],[7604,0,-1],[7605,0,0],[7606,0,0],[7607,0,0],[7608,0,0],[7609,0,0],[7610,0,0]]"
658,2,"[[7611,0,0],[7612,0,0],[7613,-1,0],[7614,0,0],[7615,0,0],[7616,0,0],[7617,-1,0],[7618,0,0],[7619,0,0],[7620,0,0],[7621,0,0],[7622,0,0],[7623,0,0],[7624,0,0],[7625,-1,0]]"
659,0,"[[7626,-3,-6],[7627,-3,-6],[7628,-3,-6],[7629,-3,-6],[7630,-3,-6]]"
660,1,"[[7631,-5,-7],[7632,-1,-7],[7633,-2,-7],[7634,-4,-6],[7635,-1,-6],[7636,-4,-6],[7637,-2,-8],[7638,0,-6],[7639,-6,-8],[7640,-6,-7],[7641,-5,-7],[7642,-2,-8],[7643,-6,-7],[7644,-5,-7],[7645,-6,-7],[7646,-5,-7],[7647,-8,-5],[7648,-6,-6],[7649,-4,-6],[7650,-5,-6]]"
661,2,"[[7651,-1,0],[7652,0,0],[7653,-1,0],[7654,0,0],[7655,0,0],[7656,0,0],[7657,0,0],[7658,2,0],[7659,6,0],[7660,7,0],[7661,3,-1],[7662,0,0],[7663,0,0],[7664,-4,0],[7665,-1,0]]"
662,4,"[[7666,3,0],[7667,2,0]]"
663,1,"[[7668,-3,-22],[7669,0,-21],[7670,0,-22],[7671,0,-19],[7672,0,-21],[7673,0,-21],[7674,0,-22],[7675,0,-21],[7676,-1,-6],[7677,-1,-4],[7678,0,-17],[7679,0,-20],[7680,-4,-21],[7681,-3,-21],[7682,0,-22],[7683,0,-17],[7684,0,-19],[7685,0,-15],[7686,0,-22],[7687,0,-22]]"
664,1,"[[7688,0,0],[7689,0,0],[7690,0,0],[7691,0,0],[7692,0,0],[7693,0,0],[7694,0,0],[7695,0,0],[7696,-1,0],[7697,-1,0],[7698,0,0],[7699,0,0],[7700,0,0],[7701,0,0],[7702,0,0],[7703,0,0],[7704,0,0],[7705,0,0],[7706,0,0],[7707,0,0]]"
665,0,"[[7708,1,0],[7709,1,0],[7710,1,0],[7711,1,0],[7712,1,0]]"
666,1,"[[7713,-1,-5],[7714,0,-4],[7715,0,-5],[7716,0,-1],[7717,0,-3],[7718,0,-4],[7719,0,-6],[7720,0,-5],[7721,-1,0],[7722,-1,0],[7723,-2,-1],[7724,0,-5],[7725,0,-5],[7726,0,-5],[7727,0,-6],[7728,0,-1],[7729,0,-4],[7730,0,0],[7731,0,-5],[7732,0,-5]]"
667,2,"[[7733,3,0],[7734,0,0],[7735,-1,0],[7736,0,0],[7737,0,0],[7738,0,0],[7739,0,0],[7740,0,0],[7741,0,0],[7742,0,0],[7743,0,0],[7744,0,0],[7745,0,1],[7746,0,0],[7747,0,0]]"
668,0,"[[7748,-1,-1],[7749,-1,-1],[7750,-1,-1],[7751,-1,-1],[7752,-1,-1]]"
669,1,"[[7753,0,-3],[7754,0,-4],[7755,0,-5],[7756,0,-2],[7757,0,-4],[7758,0,-5],[7759,0,-6],[7760,0,-5],[7761,-3,0],[7762,-3,0],[7763,-3,-1],[7764,0,-4],[7765,0,-4],[7766,0,-4],[7767,0,-5],[7768,0,0],[7769,0,-5],[7770,0,-1],[7771,0,-5],[7772,0,-5]]"
670,2,"[[7773,2,0],[7774,0,0],[7775,0,0],[7776,0,0],[7777,0,0],[7778,0,0],[7779,0,0],[7780,0,0],[7781,0,0],[7782,1,0],[7783,1,0],[7784,0,0],[7785,0,1],[7786,0,1],[7787,0,0]]"
671,0,"[[7788,-1,-2],[7789,-1,-2],[7790,-1,-2],[7791,-1,-2],[7792,-1,-2]]"
672,1,"[[7793,-1,-4],[7794,-1,-4],[7795,-2,-4],[7796,0,-1],[7797,0,-4],[7798,-1,-3],[7799,0,-4],[7800,0,-4],[7801,-2,0],[7802,-2,0],[7803,-1,-2],[7804,0,-4],[7805,-3,-4],[7806,-2,-4],[7807,0,-4],[7808,0,0],[7809,0,-3],[7810,0,0],[7811,0,-4],[7812,0,-4]]"
673,2,"[[7813,1,0],[7814,0,0],[7815,0,0],[7816,0,0],[7817,0,0],[7818,0,0],[7819,0,0],[7820,0,0],[7821,0,0],[7822,1,0],[7823,0,-1],[7824,0,0],[7825,0,0],[7826,0,0],[7827,0,0]]"
674,0,"[[7828,0,0],[7829,0,0],[7830,0,0],[7831,0,0],[7832,0,0]]"
675,4,"[[7833,5,-11],[7834,5,-11]]"
676,5,"[[7835,0,0],[7836,0,0]]"
677,1,"[[7837,0,0],[7838,0,0],[7839,0,0],[7840,0,0],[7841,0,0],[7842,0,0],[7843,0,0],[7844,0,0],[7845,-1,0],[7846,-1,0],[7847,0,0],[7848,0,0],[7849,0,0],[7850,0,0],[7851,0,0],[7852,0,0],[7853,0,0],[7854,0,0],[7855,0,0],[7856,0,0]]"
678,2,"[[7857,2,0],[7858,0,0],[7859,0,0],[7860,0,0],[7861,0,0],[7862,0,0],[7863,0,0],[7864,1,0],[7865,0,0],[7866,1,0],[7867,1,0],[7868,0,0],[7869,0,1],[7870,0,1],[7871,0,0]]"
679,4,"[[7872,0,-4],[7873,-1,-3]]"
680,4,"[[7874,1,0],[7875,0,0]]"
681,4,"[[7876,2,-4],[7877,1,-4]]"
682,4,"[[7878,3,-3],[7879,-1,-3]]"
683,1,"[[7880,0,0],[7881,0,0],[7882,0,0],[7883,0,0],[7884,0,0],[7885,0,0],[7886,0,0],[7887,0,0],[7888,0,0],[7889,0,0],[7890,0,0],[7891,0,0],[7892,0,0],[7893,0,0],[7894,0,0],[7895,0,0],[7896,0,0],[7897,0,0],[7898,0,0],[7899,0,0]]"
684,2,"[[7900,1,0],[7901,0,0],[7902,-1,0],[7903,0,0],[7904,0,0],[7905,0,0],[7906,0,0],[7907,1,0],[7908,1,0],[7909,2,0],[7910,1,-1],[7911,0,0],[7912,0,1],[7913,0,0],[7914,0,0]]"
685,1,"[[7915,0,0],[7916,0,0],[7917,0,0],[7918,0,0],[7919,0,0],[7920,0,0],[7921,0,0],[7922,0,0],[7923,-1,0],[7924,-1,0],[7925,-1,0],[7926,0,0],[7927,0,0],[7928,0,0],[7929,0,0],[7930,0,0],[7931,0,0],[7932,0,0],[7933,0,0],[7934,0,0]]"
686,2,"[[7935,1,0],[7936,0,0],[7937,0,0],[7938,0,0],[7939,0,0],[7940,1,0],[7941,0,0],[7942,0,0],[7943,0,0],[7944,1,0],[7945,0,0],[7946,0,0],[7947,0,1],[7948,0,1],[7949,0,0]]"
687,3,"[[7950,10,14],[7951,15,17],[7951,10,18],[7951,11,18],[7951,11,17],[7951,13,19],[7951,18,24],[7951,18,19],[7951,17,19],[7952,14,11],[7953,-2,12],[7953,-8,-2],[7954,5,6],[7955,0,1],[7953,-8,31],[7956,-8,-33],[7951,7,15],[7951,7,15],[7951,21,19],[7951,12,24],[7951,24,20],[7951,16,25],[7951,22,8],[7951,17,16]]"
688,3,"[[7957,-6,11],[7958,23,16],[7958,21,20],[7959,-9,17],[7959,-10,16],[7963,33,6],[7960,3,6],[7960,2,0],[7960,2,0],[7958,26,11],[7961,-33,2],[79,0,0],[7962,16,3],[7962,11,4],[7963,13,11],[7961,-38,-13],[7957,-6,3],[7957,-8,3],[79,0,0],[79,0,0],[79,0,0],[79,0,0],[79,0,0],[79,0,0]]"
689,3,"[[7965,-1,-1],[7966,20,-1],[7966,16,-1],[7967,20,-3],[7967,20,-3],[7966,19,-1],[7968,26,-1],[7966,27,-1],[7966,26,-1],[7969,-1,4],[79,0,0],[79,0,0],[7970,-1,3],[7971,0,1],[7972,5,8],[79,0,0],[7973,-1,-1],[7973,-1,-1],[7975,5,0],[7974,0,0],[7975,5,0],[7974,0,0],[7976,3,0],[7977,2,-1]]"
690,3,"[[7978,1,21],[7979,-3,3],[7979,-3,5],[7980,-3,-1],[7980,-3,-1],[7981,-3,1],[7982,-3,7],[7982,-3,1],[7982,-3,1],[7979,2,-6],[7983,-1,-1],[79,0,0],[7984,18,-2],[7985,6,-3],[7986,11,16],[79,0,0],[7987,0,11],[7987,0,10],[7987,-6,10],[7988,-3,2],[7989,-4,2],[7990,-3,2],[7991,-5,0],[7992,-5,-2]]"
691,4,"[[7993,0,-9],[7994,-5,-9]]"
692,1,"[[7995,0,0],[7996,0,0],[7997,0,0],[7998,0,0],[7999,0,0],[8000,0,0],[8001,0,0],[8002,0,0],[8003,0,0],[8004,0,0],[8005,0,0],[8006,0,0],[8007,0,0],[8008,0,0],[8009,0,0],[8010,0,0],[8011,0,0],[8012,0,0],[8013,0,0],[8014,0,0]]"
693,2,"[[8015,1,0],[8016,0,0],[8017,-1,0],[8018,0,0],[8019,0,0],[8020,0,0],[8021,-1,0],[8022,1,0],[8023,1,0],[8024,1,0],[8025,0,0],[8026,0,0],[8027,0,0],[8028,0,0],[8029,-1,0]]"
694,0,"[[8030,0,-10],[8031,0,-10],[8032,0,-10],[8033,0,-10],[8034,0,-10]]"
695,1,"[[8035,-1,-8],[8036,-1,-8],[8037,-1,-9],[8038,0,-8],[8039,-1,-7],[8040,-1,-7],[8041,-1,-8],[8042,0,-8],[8043,-1,-8],[8044,-1,-8],[8045,-1,-10],[8046,1,-6],[8047,-1,-8],[8048,-1,-7],[8049,-1,-8],[8050,-1,-7],[8051,0,-7],[8052,0,-6],[8053,1,-8],[8054,-1,-8]]"
696,2,"[[8055,3,-6],[8056,-1,-5],[8057,-2,-6],[8058,0,-6],[8059,0,-6],[8060,-4,-6],[8061,-3,-6],[8062,-2,-6],[8063,-1,-6],[8064,2,-6],[8065,-2,-5],[8066,-3,-6],[8067,0,-5],[8068,-5,-5],[8069,-3,-6]]"
697,0,"[[8070,-7,-11],[8071,-7,-11],[8072,-7,-11],[8073,-7,-11],[8074,-8,-11]]"
698,1,"[[8075,-9,-36],[8076,-1,-30],[8077,-1,-32],[8078,-3,-28],[8079,-1,-30],[8080,-2,-31],[8081,0,-32],[8082,-1,-29],[8083,-1,-17],[8084,-1,-15],[8085,-3,-25],[8086,-1,-30],[8087,-9,-33],[8088,-9,-33],[8089,0,-31],[8090,0,-26],[8091,0,-33],[8092,0,-29],[8093,0,-31],[8094,0,-31]]"
699,2,"[[8095,1,-6],[8096,-2,-6],[8097,-1,-6],[8098,-3,-6],[8099,-1,-6],[8100,0,-6],[8101,-4,-6],[8102,-2,-6],[8103,0,-6],[8104,1,-6],[8105,1,-8],[8106,-1,-6],[8107,1,-5],[8108,1,-6],[8109,-4,-6]]"
700,0,"[[8110,-4,-15],[8111,-4,-15],[8112,-4,-15],[8113,-4,-15],[8114,-3,-15]]"
701,1,"[[8115,-3,-22],[8116,-4,-20],[8117,-5,-22],[8118,-4,-17],[8119,-3,-21],[8120,-5,-21],[8121,-3,-22],[8122,-4,-21],[8123,-5,-9],[8124,-5,-10],[8125,-6,-17],[8126,-4,-20],[8127,-4,-21],[8128,-3,-20],[8129,-5,-23],[8130,-2,-18],[8131,-5,-22],[8132,-4,-18],[8133,-5,-23],[8134,-5,-22]]"
702,2,"[[8135,-3,0],[8136,-1,0],[8137,-3,0],[8138,-5,0],[8139,-3,0],[8140,-5,0],[8141,-3,0],[8142,-2,0],[8143,-4,0],[8144,-3,0],[8145,-3,0],[8146,0,-2],[8147,0,0],[8148,0,-2],[8149,-4,-1]]"
703,4,"[[8150,2,3],[8151,3,3]]"
704,1,"[[8152,0,0],[8153,0,0],[8154,0,0],[8155,0,0],[8156,0,0],[8157,0,0],[8158,0,0],[8159,0,0],[8160,0,0],[8161,0,0],[8162,0,0],[8163,0,0],[8164,0,0],[8165,0,0],[8166,0,0],[8167,0,0],[8168,0,0],[8169,0,0],[8170,0,0],[8171,0,0]]"
705,2,"[[8172,1,0],[8173,0,0],[8174,-1,0],[8175,0,0],[8176,0,0],[8177,0,0],[8178,0,0],[8179,0,0],[8180,0,0],[8181,0,0],[8182,0,0],[8183,0,0],[8184,0,1],[8185,0,0],[8186,0,0]]"
706,4,"[[8187,2,3],[8188,3,3]]"
707,1,"[[8189,0,0],[8190,0,0],[8191,0,0],[8192,0,0],[8193,0,0],[8194,0,0],[8195,0,0],[8196,0,0],[8197,0,0],[8198,0,0],[8199,0,0],[8200,0,0],[8201,0,0],[8202,0,0],[8203,0,0],[8204,0,0],[8205,0,0],[8206,0,0],[8207,0,0],[8208,0,0]]"
708,4,"[[8209,2,-5],[8210,1,-4]]"
709,1,"[[8211,0,0],[8212,0,0],[8213,0,0],[8214,0,0],[8215,0,0],[8216,0,0],[8217,0,0],[8218,0,0],[8219,-1,0],[8220,-1,0],[8221,0,0],[8222,0,0],[8223,0,0],[8224,0,0],[8225,0,0],[8226,0,0],[8227,0,0],[8228,0,0],[8229,0,0],[8230,0,0]]"
710,2,"[[8231,1,0],[8232,0,0],[8233,0,0],[8234,0,0],[8235,0,0],[8236,1,0],[8237,0,0],[8238,0,0],[8239,0,0],[8240,1,0],[8241,1,0],[8242,0,0],[8243,0,1],[8244,0,1],[8245,0,0]]"
711,4,"[[8246,2,-6],[8247,1,-4]]"
712,1,"[[8248,0,0],[8249,0,0],[8250,0,0],[8251,0,0],[8252,0,0],[8253,0,0],[8254,0,0],[8255,0,0],[8256,-1,0],[8257,-1,0],[8258,0,0],[8259,0,0],[8260,0,0],[8261,0,0],[8262,0,0],[8263,0,0],[8264,0,0],[8265,0,0],[8266,0,0],[8267,0,0]]"
713,2,"[[8268,1,0],[8269,0,0],[8270,0,0],[8271,0,0],[8272,0,0],[8273,1,0],[8274,0,0],[8275,0,0],[8276,0,0],[8277,1,0],[8278,1,0],[8279,0,0],[8280,0,1],[8281,0,1],[8282,0,0]]"
714,5,"[[8283,1,-8],[8284,2,-8]]"
715,5,"[[8285,2,-1],[8286,1,-1]]"
716,5,"[[8287,-1,-4],[8288,0,-4]]"
717,5,"[[8289,2,-1],[8290,1,-1]]"
718,5,"[[8291,4,3],[8292,8,3]]"
719,1,"[[8293,-3,-11],[8294,-4,-11],[8295,-3,-12],[8296,-2,-8],[8297,-3,-8],[8298,-5,-9],[8299,-4,-11],[8300,-1,-10],[8301,-3,-8],[8302,-3,-8],[8303,-5,-7],[8304,-3,-9],[8305,-3,-10],[8306,-2,-9],[8307,-3,-9],[8308,-1,-5],[8309,-3,-9],[8310,-3,-6],[8311,-2,-10],[8312,-2,-10]]"
720,2,"[[8313,0,-5],[8314,-4,-6],[8315,-3,-5],[8316,-4,-5],[8317,-3,-5],[8318,-2,-5],[8319,-4,-5],[8320,-1,-5],[8321,-2,-5],[8322,-1,-5],[8323,0,-7],[8324,-2,-5],[8325,0,-5],[8326,0,-5],[8327,-2,-5]]"
721,0,"[[0,-1,-7],[1,-1,-6],[2,-1,-5],[3,0,-7],[4,0,-5]]"
722,3,"[[601,-8,-3],[79,0,0],[602,-9,17],[603,-4,-10],[603,-4,-10],[604,11,7],[605,-2,-13],[605,-2,-19],[605,-2,-19],[606,-10,2],[606,-43,-6],[606,-48,-21],[607,20,-10],[607,15,-9],[610,14,0],[79,0,0],[611,-3,-10],[611,-6,-6],[79,0,0],[79,0,0],[605,2,-22],[605,-1,-21],[79,0,0],[79,0,0]]"
723,3,"[[617,-6,9],[79,0,0],[617,-4,11],[621,-2,-7],[621,-2,-6],[618,25,10],[617,-10,12],[617,-10,6],[617,-11,6],[617,1,1],[617,-34,-7],[617,-39,-22],[623,20,-5],[623,15,-4],[622,15,9],[79,0,0],[79,0,0],[79,0,0],[617,-7,3],[621,3,-4],[617,-7,3],[621,1,-5],[79,0,0],[79,0,0]]"
724,3,"[[625,-3,16],[626,25,11],[79,0,0],[627,-5,-8],[627,-5,-8],[79,0,0],[628,-11,11],[628,-11,4],[628,-11,5],[79,-4,1],[79,0,0],[79,0,0],[626,16,27],[629,-1,-12],[630,5,10],[79,0,0],[79,0,0],[79,0,0],[79,0,0],[79,0,0],[631,-9,7],[632,-7,-1],[79,0,0],[79,0,0]]"
725,3,"[[51,0,-9],[52,19,-7],[52,15,-7],[53,19,-7],[53,19,-7],[52,18,-7],[54,26,-6],[52,29,-8],[52,29,-7],[55,5,-5],[79,0,0],[79,0,0],[56,0,-4],[57,-1,-5],[58,5,3],[79,0,0],[59,1,-7],[59,-2,-7],[61,2,-5],[60,-1,-5],[61,2,-6],[60,-3,-6],[62,1,-6],[63,3,-5]]"
726,3,"[[64,5,16],[65,-4,5],[65,-3,6],[66,-1,-4],[66,-1,-4],[67,-3,-2],[68,-4,3],[68,-4,-3],[68,-4,-3],[65,2,-6],[69,-4,-5],[79,0,0],[70,19,-9],[71,5,-8],[72,16,14],[79,0,0],[73,5,6],[73,4,6],[73,-4,6],[74,0,0],[75,-1,-2],[76,1,-1],[77,0,-4],[78,-1,-4]]"
727,3,"[[2492,10,13],[2491,15,16],[2491,10,17],[2491,11,17],[2491,11,16],[2491,13,18],[2491,18,23],[2491,18,18],[2491,17,18],[2496,29,6],[79,0,0],[79,0,0],[2493,21,-4],[2494,9,-8],[2495,11,-8],[2491,-8,-7],[2491,7,14],[2491,7,14],[79,0,0],[79,0,0],[79,0,0],[79,0,0],[79,0,0],[79,0,0]]"
728,3,"[[2497,-6,10],[2498,24,10],[2498,20,11],[2499,-15,9],[2499,-15,9],[2498,25,10],[2500,0,3],[2500,0,-3],[2500,0,-3],[2498,27,5],[2501,-30,-2],[79,0,0],[2498,20,0],[2502,10,-4],[2503,14,7],[2501,-35,-18],[2497,-7,-1],[2497,-7,0],[79,0,0],[79,0,0],[79,0,0],[79,0,0],[79,0,0],[79,0,0]]"
729,0,"[[8328,-2,0],[8329,-2,0],[8330,-2,0],[8331,-2,0],[8332,-1,0]]"
730,0,"[[8333,0,0],[8334,0,0],[8335,0,0],[8335,0,0],[8336,0,0]]"
731,0,"[[8337,0,0],[8338,0,0],[8339,0,0],[8340,0,0],[8341,0,0]]"
732,0,"[[8342,0,0],[8342,0,0],[8342,0,0],[8342,0,0],[8343,0,0]]"
733,0,"[[8344,0,0],[8345,0,0],[8346,0,0],[8347,0,0],[8348,0,0]]"
734,0,"[[8349,-2,0],[8350,-2,0],[8351,-2,0],[8352,-2,0],[8353,-2,0]]"
735,0,"[[8354,1,0],[8355,1,0],[8356,1,0],[8356,1,0],[8357,1,0]]"
736,1,"[[8358,-5,-24],[8359,-9,-23],[8360,-6,-24],[8361,-8,-22],[8362,-6,-24],[8363,-10,-26],[8364,-6,-26],[8365,-5,-27],[8366,-7,-26],[8367,-7,-25],[8368,-4,-26],[8369,-5,-28],[8370,-6,-26],[8371,-5,-27],[8372,-7,-26],[8373,-6,-24],[8374,-11,-26],[8375,-9,-25],[8376,-7,-25],[8377,-4,-26]]"
737,2,"[[8378,-1,-10],[8379,-7,-10],[8380,-2,-12],[8381,-4,-11],[8382,-5,-13],[8383,-1,-12],[8384,-6,-12],[8385,-4,-12],[8386,-4,-12],[8387,-3,-12],[8388,-3,-11],[8389,-2,-12],[8390,-1,-12],[8391,-1,-14],[8392,-5,-12]]"
738,0,"[[0,-1,-19],[1,-2,-20],[2,-3,-20],[3,-1,-20],[4,1,-21]]"
739,3,"[[51,-3,-22],[52,19,-23],[52,15,-22],[53,22,-20],[53,22,-20],[52,19,-23],[54,30,-18],[52,29,-25],[52,31,-25],[55,5,-14],[79,0,0],[79,0,0],[56,0,-17],[57,-2,-22],[58,11,-13],[79,0,0],[59,-3,-19],[59,-1,-20],[61,-1,-21],[60,-6,-24],[61,-6,-22],[60,-9,-25],[62,0,-16],[63,1,-16]]"
740,3,"[[64,4,10],[65,-9,-3],[65,-6,-2],[66,-11,-16],[66,-6,-17],[67,-6,-11],[68,-7,-9],[68,-9,-15],[68,-10,-15],[65,-1,-13],[69,3,-16],[79,0,0],[70,16,-16],[71,4,-27],[72,21,-3],[79,0,0],[73,2,-6],[73,3,-7],[73,-8,-10],[74,-6,-19],[75,-10,-18],[76,-5,-19],[77,-3,-14],[78,-3,-16]]"
741,3,"[[2492,13,6],[2491,14,8],[2491,9,9],[2491,11,9],[2491,11,8],[2491,13,10],[2491,18,15],[2491,18,10],[2491,17,10],[2496,31,3],[79,0,0],[79,0,0],[2493,15,-6],[2494,7,-24],[2495,18,-24],[2491,-7,-16],[2491,7,6],[2491,7,6],[79,0,0],[79,0,0],[79,0,0],[79,0,0],[79,0,0],[79,0,0]]"
742,3,"[[2497,-4,1],[2498,26,7],[2498,23,6],[2499,-20,-2],[2499,-21,-3],[2498,28,9],[2500,-5,-9],[2500,-4,-15],[2500,-4,-15],[2498,29,0],[2501,-33,-16],[79,0,0],[2498,20,-14],[2502,11,-20],[2503,23,-8],[2501,-40,-35],[2497,-7,-6],[2497,-9,-8],[79,0,0],[79,0,0],[79,0,0],[79,0,0],[79,0,0],[79,0,0]]"
743,1,"[[8393,0,0],[8394,0,0],[8395,0,0],[8396,0,0],[8397,0,0],[8398,0,0],[8399,0,0],[8400,0,0],[8401,-1,0],[8402,-1,0],[8403,0,0],[8404,0,0],[8405,0,0],[8406,0,0],[8407,0,0],[8408,0,0],[8409,0,0],[8410,0,0],[8411,0,0],[8412,0,0]]"
744,1,"[[8413,0,0],[8414,0,0],[8415,0,0],[8416,0,0],[8417,0,0],[8418,0,0],[8419,0,0],[8420,0,0],[8421,-1,0],[8422,-1,0],[8423,0,0],[8424,0,0],[8425,0,0],[8426,0,0],[8427,0,0],[8428,0,0],[8429,0,0],[8430,0,0],[8431,0,0],[8432,0,0]]"
745,1,"[[8433,-5,-11],[8434,-4,-11],[8435,-3,-12],[8436,-2,-8],[8437,-3,-8],[8438,-5,-9],[8439,-4,-11],[8440,-1,-10],[8441,-2,-8],[8442,-2,-8],[8443,-4,-7],[8444,-3,-9],[8445,-3,-10],[8446,-2,-9],[8447,-3,-9],[8448,-1,-5],[8449,-3,-9],[8450,-3,-6],[8451,-2,-10],[8452,-2,-10]]"
746,2,"[[8453,1,-5],[8454,-2,-5],[8455,-1,-5],[8456,-2,-5],[8457,-2,-5],[8458,0,-5],[8459,-2,-5],[8460,-1,-5],[8461,0,-5],[8462,0,-5],[8463,-1,-5],[8464,-2,-6],[8465,-1,-4],[8466,-1,-7],[8467,0,-5]]"
747,0,"[[8468,0,0],[8469,0,0],[8470,0,0],[8471,0,0],[8472,0,0]]"
748,1,"[[8473,-3,-12],[8474,-4,-11],[8475,-3,-12],[8476,-2,-8],[8477,-3,-8],[8478,-5,-9],[8479,-4,-10],[8480,-1,-9],[8481,-3,-8],[8482,-3,-8],[8483,-4,-7],[8484,-3,-9],[8485,-3,-10],[8486,-2,-9],[8487,-3,-10],[8488,-1,-6],[8489,-3,-9],[8490,-3,-6],[8491,-2,-11],[8492,-2,-12]]"
749,2,"[[8493,1,-5],[8494,-3,-6],[8495,-3,-5],[8496,-4,-5],[8497,-3,-5],[8498,-2,-5],[8499,-4,-5],[8500,-1,-5],[8501,-1,-5],[8502,-1,-5],[8503,0,-7],[8504,-2,-5],[8505,0,-5],[8506,0,-5],[8507,-2,-5]]"
750,0,"[[8508,-1,0],[8509,-1,0],[8510,-1,0],[8510,-1,0],[8511,-1,0]]"
751,1,"[[8512,-4,-16],[8513,-4,-15],[8514,-3,-16],[8515,-2,-13],[8516,-3,-10],[8517,-5,-13],[8518,-4,-14],[8519,-1,-14],[8520,-4,-8],[8521,-4,-8],[8522,-8,-10],[8523,-3,-14],[8524,-6,-14],[8525,-5,-13],[8526,-3,-14],[8527,-1,-8],[8528,-3,-13],[8529,-3,-9],[8530,-2,-14],[8531,-2,-15]]"
752,2,"[[8532,1,-5],[8533,-1,-5],[8534,-1,-5],[8535,-2,-5],[8536,-1,-5],[8537,0,-5],[8538,-2,-5],[8539,-1,-5],[8540,0,-5],[8541,0,-5],[8542,-1,-5],[8543,-2,-6],[8544,-1,-4],[8545,-1,-7],[8546,0,-5]]"
753,4,"[[8547,4,2],[8548,4,2]]"
754,1,"[[8549,0,-5],[8550,0,-3],[8551,0,-4],[8552,0,-2],[8553,0,-4],[8554,0,-3],[8555,0,-5],[8556,0,-5],[8557,0,0],[8558,0,0],[8559,0,-1],[8560,0,-4],[8561,0,-4],[8562,0,-4],[8563,0,-4],[8564,0,0],[8565,0,-3],[8566,0,0],[8567,0,-4],[8568,0,-4]]"
755,2,"[[8569,1,0],[8570,0,0],[8571,0,0],[8572,0,0],[8573,0,0],[8574,0,0],[8575,0,0],[8576,0,0],[8577,1,0],[8578,2,0],[8579,0,0],[8580,0,0],[8581,0,1],[8582,0,0],[8583,0,0]]"
756,1,"[[8584,-3,-11],[8585,-4,-11],[8586,-3,-12],[8587,-2,-8],[8588,-3,-8],[8589,-5,-9],[8590,-4,-11],[8591,-1,-10],[8592,-3,-8],[8593,-3,-8],[8594,-5,-7],[8595,-3,-9],[8596,-3,-10],[8597,-2,-9],[8598,-3,-9],[8599,-1,-5],[8600,-3,-9],[8601,-3,-6],[8602,-2,-10],[8603,-2,-10]]"
757,3,"[[8604,23,-18],[8604,20,-17],[8604,16,-16],[8604,20,-19],[8604,20,-19],[8604,18,-15],[8604,29,-8],[8604,29,-14],[8604,29,-14],[8604,21,-27],[8604,1,-24],[8604,-5,-38],[8605,18,-4],[8605,13,-3],[8604,-3,-5],[8604,-4,-37],[8604,23,-17],[8604,22,-16],[8604,29,-13],[8604,22,-7],[8604,36,-13],[8604,29,-8],[8604,32,-24],[8604,29,-16]]"
758,4,"[[8606,2,1],[8607,2,1]]"
759,0,"[[8608,-2,-1],[8609,-2,-1],[8610,-2,-1],[8611,-2,-1],[8612,-3,-1]]"
760,1,"[[8613,-1,0],[8614,-1,-1],[8615,0,0],[8616,0,-3],[8617,-3,-2],[8618,0,0],[8619,0,0],[8620,0,0],[8621,0,0],[8622,0,0],[8623,0,0],[8624,0,0],[8625,0,0],[8626,0,0],[8627,0,0],[8628,-3,0],[8629,0,0],[8630,0,0],[8631,0,0],[8632,0,0]]"
761,2,"[[8633,0,0],[8634,0,0],[8635,-2,0],[8636,0,0],[8637,0,0],[8638,0,0],[8639,0,0],[8640,0,0],[8641,0,0],[8642,1,0],[8643,0,-2],[8644,0,0],[8645,0,1],[8646,0,0],[8647,-2,0]]"
762,0,"[[8648,-1,-4],[8648,-1,-4],[8648,-1,-4],[8648,-1,-4],[8649,-2,-4]]"
763,1,"[[8650,0,-10],[8651,0,-9],[8652,0,-10],[8653,0,-9],[8654,0,-9],[8655,0,-9],[8656,0,-10],[8657,0,-10],[8658,0,0],[8659,0,0],[8660,0,-6],[8661,0,-9],[8662,0,-9],[8663,0,-9],[8664,0,-10],[8665,0,-5],[8666,0,-9],[8667,0,-5],[8668,0,-10],[8669,0,-10]]"
764,2,"[[8670,2,0],[8671,12,0],[8672,1,-1],[8673,1,-1],[8674,9,-1],[8675,-1,-1],[8676,1,0],[8677,3,0],[8678,9,0],[8679,7,0],[8680,2,0],[8681,0,0],[8682,0,0],[8683,0,0],[8684,1,-1]]"
765,0,"[[8685,0,-2],[8686,0,-2],[8687,0,-2],[8688,0,-2],[8689,-1,-2]]"
766,1,"[[8690,0,0],[8691,0,0],[8692,0,0],[8693,0,0],[8694,0,0],[8695,0,0],[8696,0,0],[8697,0,0],[8698,0,0],[8699,0,0],[8700,0,0],[8701,0,0],[8702,0,0],[8703,0,0],[8704,0,0],[8705,0,0],[8706,0,0],[8707,0,0],[8708,0,0],[8709,0,0]]"
767,2,"[[8710,1,0],[8711,12,-1],[8712,0,-1],[8713,2,0],[8714,7,0],[8715,0,-1],[8716,0,0],[8717,1,0],[8718,1,0],[8719,1,0],[8720,2,0],[8721,0,0],[8722,0,1],[8723,0,0],[8724,0,0]]"
768,0,"[[8725,-3,0],[8726,-3,0],[8727,-3,0],[8728,-3,0],[8729,-3,0]]"
769,0,"[[8730,0,0],[8731,0,0],[8732,0,0],[8733,0,0],[8734,0,0]]"
770,0,"[[8735,0,0],[8736,0,0],[8737,0,0],[8738,0,0],[8739,0,0]]"
771,5,"[[8740,0,-4],[8741,0,-4]]"
772,5,"[[8742,0,-3],[8743,1,-3]]"
773,5,"[[8744,0,-5],[8745,-2,-6]]"
774,5,"[[8746,-9,-7],[8747,-9,-8]]"
775,5,"[[8748,0,-3],[8749,0,-3]]"
776,5,"[[8750,1,-2],[8751,2,-2]]"
777,5,"[[8752,1,-3],[8753,1,-3]]"
778,1,"[[8754,-12,-42],[8755,-13,-38],[8756,-10,-42],[8757,-19,-39],[8758,-18,-44],[8759,-19,-40],[8760,-18,-40],[8761,-16,-45],[8762,-7,-41],[8763,-8,-44],[8764,-11,-39],[8765,-28,-41],[8766,-11,-49],[8767,-14,-49],[8768,-21,-46],[8769,-18,-38],[8770,-25,-45],[8771,-26,-41],[8772,-19,-47],[8773,-19,-45]]"
779,2,"[[8774,-5,-16],[8775,-14,-14],[8776,-5,-18],[8777,-7,-15],[8778,-13,-16],[8779,-5,-18],[8780,-8,-15],[8781,-11,-15],[8782,-10,-14],[8783,-13,-14],[8784,-2,-15],[8785,-4,-18],[8786,-1,-16],[8787,-2,-21],[8788,-10,-14]]"
780,0,"[[8789,-13,-39],[8790,-15,-37],[8791,-12,-34],[8792,-18,-35],[8793,-9,-39]]"
781,1,"[[8794,-10,-24],[8795,-14,-22],[8796,-6,-23],[8797,-13,-22],[8798,-14,-26],[8799,-8,-24],[8800,-15,-24],[8801,-10,-22],[8802,-6,-33],[8803,-6,-36],[8804,-8,-26],[8805,-14,-25],[8806,-8,-23],[8807,-13,-26],[8808,-9,-25],[8809,-11,-27],[8810,-14,-27],[8811,-16,-26],[8812,-13,-24],[8813,-15,-22]]"
782,2,"[[8814,-10,-13],[8815,-13,-11],[8816,-7,-11],[8817,-8,-14],[8818,-10,-12],[8819,-4,-14],[8820,-8,-16],[8821,-6,-13],[8822,-9,-13],[8823,-11,-13],[8824,-11,-15],[8825,-12,-19],[8826,-15,-15],[8827,-9,-23],[8828,-8,-15]]"
783,0,"[[8829,-7,-30],[8830,-9,-27],[8831,-10,-30],[8832,-9,-31],[8833,-7,-27]]"
784,1,"[[8841,-20,-33],[8842,-13,-33],[8843,-19,-33],[8844,-26,-33],[8845,-21,-40],[8846,-21,-36],[8847,-24,-37],[8848,-15,-39],[8849,-22,-31],[8850,-25,-32],[8851,-20,-33],[8852,-25,-34],[8853,-20,-38],[8854,-20,-37],[8855,-10,-35],[8856,-11,-31],[8857,-31,-39],[8858,-27,-34],[8859,-8,-38],[8860,-14,-37]]"
785,2,"[[8861,-17,-4],[8862,-16,-7],[8863,-20,-5],[8864,-17,-6],[8865,-17,-6],[8866,-9,-7],[8867,-16,-10],[8868,-16,-7],[8869,-19,-7],[8870,-15,-7],[8871,-11,-15],[8872,-6,-16],[8873,-9,-14],[8874,-3,-20],[8875,-13,-12]]"
786,0,"[[8876,-14,-34],[8877,-14,-36],[8878,-16,-37],[8879,-15,-37],[8880,0,-38]]"
787,0,"[[8881,-10,-46],[8882,-8,-44],[8883,-10,-45],[8884,-7,-47],[8885,-5,-39]]"
788,1,"[[8886,-8,-32],[8887,-11,-27],[8888,-6,-28],[8889,-14,-28],[8890,-12,-29],[8891,-13,-29],[8892,-14,-29],[8893,-14,-27],[8894,-5,-34],[8895,-3,-35],[8896,-9,-27],[8897,-15,-28],[8898,-6,-30],[8899,-9,-28],[8900,-14,-35],[8901,-9,-29],[8902,-12,-32],[8903,-10,-28],[8904,-12,-36],[8905,-10,-35]]"
789,2,"[[8906,-7,-15],[8907,-16,-14],[8908,-6,-15],[8909,-8,-17],[8910,-12,-15],[8911,-4,-16],[8912,-6,-17],[8913,-8,-14],[8914,-12,-15],[8915,-14,-15],[8916,-12,-20],[8917,-16,-22],[8918,-17,-19],[8919,-10,-25],[8920,-9,-16]]"
790,0,"[[8921,-12,-42],[8922,-13,-40],[8923,-15,-40],[8924,-11,-38],[8925,-14,-40]]"
791,1,"[[8926,-16,-41],[8927,-20,-36],[8928,-17,-38],[8929,-22,-33],[8930,-22,-37],[8931,-18,-37],[8932,-17,-37],[8933,-12,-37],[8934,-6,-50],[8935,-6,-48],[8936,-8,-32],[8937,-14,-34],[8938,-13,-38],[8939,-13,-38],[8940,-23,-41],[8941,-15,-39],[8942,-18,-38],[8943,-18,-34],[8944,-16,-40],[8945,-16,-39]]"
792,2,"[[8946,-8,-19],[8947,-16,-17],[8948,-6,-20],[8949,-11,-21],[8950,-13,-21],[8951,-3,-20],[8952,-13,-22],[8953,-12,-19],[8954,-15,-19],[8955,-14,-19],[8956,-14,-24],[8957,-15,-24],[8958,-16,-20],[8959,-11,-31],[8960,-11,-21]]"
793,0,"[[8961,-3,-8],[8962,-4,-8],[8963,-6,-9],[8964,-4,-8],[8965,-4,-7]]"
794,1,"[[8966,-9,-66],[8967,-11,-62],[8968,-6,-65],[8969,-17,-65],[8970,-15,-68],[8971,-17,-65],[8972,-15,-67],[8973,-17,-66],[8974,-6,-53],[8975,-3,-50],[8976,-5,-61],[8977,-20,-66],[8978,-10,-72],[8979,-8,-73],[8980,-17,-67],[8981,-16,-62],[8982,-16,-66],[8983,-16,-62],[8984,-14,-66],[8985,-17,-68]]"
795,2,"[[8986,-8,-25],[8987,-16,-25],[8988,-11,-26],[8989,-14,-27],[8990,-15,-27],[8991,-11,-26],[8992,-17,-28],[8993,-13,-25],[8994,-15,-25],[8995,-16,-25],[8996,-15,-29],[8997,-16,-30],[8998,-15,-31],[8999,-8,-34],[9000,-14,-27]]"
796,3,"[[9001,-21,-38],[9002,-17,-25],[9003,-25,-6],[9004,-29,-52],[9004,-29,-52],[9005,27,-35],[9006,-7,-44],[9006,-7,-49],[9006,-7,-49],[79,4,-26],[79,0,0],[79,0,0],[9007,22,-11],[9008,-33,-40],[9009,8,-48],[79,5,-15],[79,0,0],[79,0,0],[9011,-14,-29],[9012,-22,-23],[9010,-18,-52],[9010,-21,-57],[79,-17,-11],[79,-16,-7]]"
797,0,"[[9013,1,0],[9014,1,0],[9015,1,0],[9016,1,0],[9017,1,0]]"
798,1,"[[9018,-3,-28],[9019,-4,-27],[9020,-3,-28],[9021,-2,-24],[9022,-3,-26],[9023,-5,-27],[9024,-4,-28],[9025,-1,-26],[9026,-2,-13],[9027,-2,-12],[9028,-3,-23],[9029,-3,-26],[9030,-4,-27],[9031,-3,-26],[9032,-3,-27],[9033,-1,-22],[9034,-3,-27],[9035,-3,-23],[9036,-2,-28],[9037,-2,-28]]"
799,1,"[[9038,-3,-28],[9039,-4,-27],[9040,-3,-28],[9041,-2,-24],[9042,-3,-26],[9043,-5,-27],[9044,-4,-28],[9045,-1,-26],[9046,-2,-13],[9047,-2,-12],[9048,-3,-23],[9049,-3,-26],[9050,-4,-27],[9051,-3,-26],[9052,-3,-27],[9053,-1,-22],[9054,-3,-27],[9055,-3,-23],[9056,-2,-28],[9057,-2,-28]]"
800,2,"[[9058,0,-5],[9059,-5,-7],[9060,-3,-5],[9061,-5,-5],[9062,-2,-5],[9063,-2,-5],[9064,-5,-5],[9065,-2,-5],[9066,-2,-5],[9067,-3,-5],[9068,0,-7],[9069,-2,-5],[9070,0,-5],[9071,0,-5],[9072,-3,-5]]"
801,1,"[[9073,-3,-28],[9074,-4,-27],[9075,-3,-28],[9076,-2,-24],[9077,-3,-26],[9078,-5,-27],[9079,-4,-28],[9080,-1,-26],[9081,-2,-13],[9082,-2,-12],[9083,-3,-23],[9084,-3,-26],[9085,-4,-27],[9086,-3,-26],[9087,-3,-27],[9088,-1,-22],[9089,-3,-27],[9090,-3,-23],[9091,-2,-28],[9092,-2,-28]]"
802,1,"[[9093,-3,-28],[9094,-4,-27],[9095,-3,-28],[9096,-2,-24],[9097,-3,-26],[9098,-5,-27],[9099,-4,-28],[9100,-1,-26],[9101,-2,-13],[9102,-2,-12],[9103,-3,-23],[9104,-3,-26],[9105,-4,-27],[9106,-3,-26],[9107,-3,-27],[9108,-1,-22],[9109,-3,-27],[9110,-3,-23],[9111,-2,-28],[9112,-2,-28]]"
803,3,"[[9113,-1,-1],[9114,20,-1],[9114,16,-1],[9115,20,-1],[9115,20,-1],[9114,19,-1],[9116,26,-2],[9114,27,-1],[9114,27,-1],[9117,-1,5],[79,0,0],[79,0,0],[9118,-2,3],[9119,0,2],[9120,5,8],[79,0,0],[9121,-1,-1],[9121,-1,-1],[9123,5,-2],[9122,0,-2],[9123,5,-2],[9122,0,-2],[9124,2,0],[9125,2,-1]]"
804,3,"[[9126,10,14],[9127,15,17],[9127,10,18],[9127,11,18],[9127,11,17],[9127,13,19],[9127,18,24],[9127,18,19],[9127,17,19],[9128,21,11],[9129,5,13],[9129,-1,-1],[9130,12,6],[9131,7,1],[9132,-1,0],[9129,-1,-1],[9127,7,15],[9127,7,15],[9127,21,19],[9127,12,24],[9127,24,20],[9127,16,25],[9127,22,8],[9127,17,16]]"
805,3,"[[9133,-7,12],[9134,27,8],[9134,22,13],[9137,-1,-3],[9137,-1,-3],[9136,21,7],[9137,5,8],[9133,-8,8],[9133,-8,8],[9133,-2,-1],[9133,-31,-3],[9133,-39,-17],[9138,9,6],[9138,4,6],[9139,13,11],[79,0,0],[79,0,0],[79,0,0],[9133,-4,6],[9137,4,1],[9140,-5,8],[9137,3,0],[79,0,0],[79,0,0]]"
806,3,"[[9141,1,21],[9142,-5,1],[9142,-5,3],[9143,0,-2],[9143,0,-2],[9144,-5,0],[9145,-3,6],[9145,-3,0],[9145,-3,0],[9142,0,-8],[9146,-1,-1],[79,0,0],[9147,17,-5],[9148,6,-4],[9149,13,18],[79,0,0],[9150,0,11],[9150,0,10],[9150,-6,10],[9151,-4,1],[9152,-5,1],[9153,-4,2],[9154,-2,1],[9155,-2,0]]"
807,4,"[[9156,-1,-5],[9157,-2,-5]]"
808,1,"[[9158,-9,-5],[9159,0,-5],[9160,0,-6],[9161,-1,-4],[9162,0,-4],[9163,-2,-5],[9164,0,-6],[9165,0,-5],[9166,-4,0],[9167,-4,0],[9168,-2,-2],[9169,0,-5],[9170,-7,-6],[9171,-6,-6],[9172,0,-5],[9173,0,0],[9174,0,-5],[9175,-1,-1],[9176,0,-5],[9177,0,-5]]"
809,2,"[[9178,0,0],[9179,0,0],[9180,0,0],[9181,0,0],[9182,0,0],[9183,0,0],[9184,-1,0],[9185,0,0],[9186,0,0],[9187,0,0],[9188,0,-1],[9189,0,0],[9190,0,0],[9191,0,0],[9192,-2,0]]"
810,1,"[[9193,-1,-7],[9194,0,-6],[9195,0,-7],[9196,0,-4],[9197,0,-5],[9198,0,-6],[9199,0,-8],[9200,0,-8],[9201,0,0],[9202,0,0],[9203,0,-5],[9204,0,-8],[9205,-1,-7],[9206,0,-7],[9207,0,-8],[9208,0,-3],[9209,0,-6],[9210,0,-2],[9211,0,-6],[9212,0,-6]]"
811,2,"[[9213,1,0],[9214,0,0],[9215,-1,0],[9216,0,0],[9217,0,0],[9218,0,0],[9219,0,0],[9220,1,0],[9221,1,0],[9222,2,0],[9223,1,-1],[9224,0,0],[9225,0,1],[9226,0,0],[9227,0,0]]"
812,4,"[[9228,1,1],[9229,2,2]]"
813,1,"[[9230,-2,0],[9231,0,0],[9232,0,0],[9233,0,0],[9234,0,0],[9235,0,0],[9236,0,0],[9237,0,0],[9238,-1,0],[9239,-1,0],[9240,-1,0],[9241,0,0],[9242,0,0],[9243,0,0],[9244,0,0],[9245,0,0],[9246,0,0],[9247,0,0],[9248,0,0],[9249,0,0]]"
814,2,"[[9250,1,0],[9251,0,0],[9252,0,0],[9253,0,0],[9254,0,0],[9255,0,0],[9256,0,0],[9257,0,0],[9258,0,0],[9259,1,0],[9260,0,0],[9261,0,0],[9262,0,0],[9263,0,1],[9264,0,0]]"
815,0,"[[9265,0,0],[9266,0,0],[9267,0,0],[9268,0,0],[9269,0,0]]"
816,0,"[[9270,0,0],[9271,0,0],[9272,0,0],[9273,0,0],[9274,0,0]]"
817,5,"[[9275,2,0],[9276,2,0]]"
818,1,"[[9277,-3,-11],[9278,5,-11],[9279,1,-12],[9280,-2,-8],[9281,8,-8],[9282,-5,-9],[9283,-4,-11],[9284,12,-10],[9285,-3,4],[9286,-3,-8],[9287,-5,-7],[9288,-3,-9],[9289,-3,-10],[9290,-2,-9],[9291,11,-9],[9292,8,-4],[9293,-3,-9],[9294,-3,-6],[9295,-2,-10],[9296,-2,-10]]"
819,2,"[[9297,0,-5],[9298,-2,-5],[9299,-2,-5],[9300,-3,-5],[9301,-1,-5],[9302,-2,-5],[9303,-4,-5],[9304,-1,-5],[9305,-1,-5],[9306,-1,-5],[9307,0,-7],[9308,-2,-5],[9309,0,-5],[9310,0,-5],[9311,-3,-5]]"
820,0,"[[9312,0,0],[9312,0,0],[9312,0,0],[9312,0,0],[9313,0,0]]"
821,4,"[[9314,3,-1],[9315,3,-1]]"
822,1,"[[9316,0,0],[9317,0,0],[9318,0,0],[9319,0,0],[9320,0,0],[9321,0,0],[9322,0,0],[9323,0,0],[9324,0,0],[9325,0,0],[9326,0,0],[9327,0,0],[9328,0,0],[9329,0,0],[9330,0,0],[9331,0,0],[9332,0,0],[9333,0,0],[9334,0,0],[9335,0,0]]"
823,2,"[[9336,0,0],[9337,0,0],[9338,0,0],[9339,-1,0],[9340,0,0],[9341,0,0],[9342,-1,0],[9343,0,0],[9344,0,0],[9345,1,0],[9346,0,0],[9347,0,0],[9348,0,0],[9349,0,0],[9350,-1,0]]"
824,4,"[[9351,3,-1],[9352,2,-1]]"
825,1,"[[9353,0,0],[9354,0,0],[9355,0,0],[9356,0,0],[9357,0,0],[9358,0,0],[9359,0,0],[9360,0,0],[9361,0,0],[9362,0,0],[9363,0,0],[9364,0,0],[9365,0,0],[9366,0,0],[9367,0,0],[9368,0,0],[9369,0,0],[9370,0,0],[9371,0,0],[9372,0,0]]"
826,2,"[[9373,0,0],[9374,0,0],[9375,0,0],[9376,0,0],[9377,0,0],[9378,0,0],[9379,0,0],[9380,0,0],[9381,0,0],[9382,1,0],[9383,0,0],[9384,0,0],[9385,0,0],[9386,0,0],[9387,0,0]]"
827,3,"[[9388,-9,0],[9389,3,8],[9390,-3,13],[9391,-4,-7],[9391,-5,-7],[9392,23,9],[9393,-5,3],[9393,-6,-2],[9393,-6,-3],[9390,3,2],[79,0,0],[9390,-22,-16],[9394,2,-5],[9394,-4,-4],[9394,-4,8],[79,0,0],[9388,-9,-7],[9388,-9,-5],[9393,-4,-5],[9391,0,-4],[9393,-4,-4],[9391,0,-4],[79,0,0],[79,0,0]]"
828,1,"[[9395,-1,-13],[9396,-4,-11],[9397,-4,-13],[9398,-6,-10],[9399,-7,-10],[9400,-5,-11],[9401,-5,-11],[9402,-2,-11],[9403,-2,-13],[9404,-3,-12],[9405,-2,-10],[9406,-2,-10],[9407,-2,-11],[9408,-1,-11],[9409,-4,-11],[9410,-4,-8],[9411,-5,-11],[9412,-5,-11],[9413,-4,-12],[9414,-4,-11]]"
829,2,"[[9415,1,-6],[9416,-4,-5],[9417,-1,-6],[9418,-3,-6],[9419,-2,-7],[9420,0,-6],[9421,-5,-6],[9422,-2,-6],[9423,-3,-6],[9424,-3,-6],[9425,-2,-6],[9426,-2,-5],[9427,-1,-4],[9428,-1,-7],[9429,-3,-6]]"
830,0,"[[829,0,-11],[830,0,-11],[831,0,-11],[832,0,-11],[833,0,-12]]"
831,4,"[[834,0,-15],[835,0,-14]]"
832,0,"[[4844,2,-13],[4845,2,-13],[4846,2,-13],[4847,2,-13],[4848,2,-11]]"
833,0,"[[4884,-1,-15],[4885,-1,-15],[4886,-1,-15],[4887,-1,-15],[4888,-1,-14]]"
834,0,"[[4695,-2,-21],[4696,-2,-22],[4697,-2,-22],[4698,-2,-22],[4699,2,-21]]"
835,0,"[[9430,1,0],[9431,1,0],[9432,1,0],[9433,1,0],[9434,1,0]]"
836,1,"[[9435,-3,-10],[9436,-4,-12],[9437,-3,-13],[9438,-2,-9],[9439,-3,-9],[9440,-5,-10],[9441,-4,-13],[9442,-1,-10],[9443,-4,-8],[9444,-4,-8],[9445,-5,-6],[9446,-3,-9],[9447,-3,-11],[9448,-2,-10],[9449,-3,-10],[9450,-1,-7],[9451,-3,-10],[9452,-3,-6],[9453,-2,-11],[9454,-2,-13]]"
837,2,"[[9455,0,-5],[9456,-5,-7],[9457,-2,-5],[9458,-4,-5],[9459,-2,-5],[9460,-2,-5],[9461,-3,-5],[9462,-2,-5],[9463,-2,-5],[9464,-1,-5],[9465,0,-7],[9466,-2,-5],[9467,0,-5],[9468,-1,-5],[9469,-3,-5]]"
838,0,"[[9470,-1,-1],[9471,-1,-1],[9472,-1,-1],[9473,-1,-1],[9474,-1,-1]]"
839,1,"[[9475,-3,-2],[9476,0,0],[9477,0,0],[9478,0,0],[9479,0,0],[9480,0,0],[9481,0,-1],[9482,0,0],[9483,-3,0],[9484,-3,0],[9485,-1,0],[9486,0,0],[9487,-4,0],[9488,-4,0],[9489,0,-1],[9490,0,0],[9491,-2,0],[9492,0,0],[9493,0,-1],[9494,0,-1]]"
840,2,"[[9495,0,0],[9496,0,0],[9497,-1,0],[9498,-2,0],[9499,0,0],[9500,-2,0],[9501,-1,0],[9502,0,0],[9503,1,0],[9504,1,0],[9505,0,-1],[9506,0,0],[9507,0,-1],[9508,0,0],[9509,-1,0]]"
841,5,"[[9510,4,3],[9511,4,3]]"
842,1,"[[9512,0,0],[9513,0,0],[9514,0,0],[9515,0,0],[9516,0,0],[9517,0,0],[9518,0,0],[9519,0,0],[9520,0,0],[9521,0,0],[9522,0,0],[9523,0,0],[9524,0,0],[9525,0,0],[9526,0,0],[9527,0,0],[9528,0,0],[9529,0,0],[9530,0,0],[9531,0,0]]"
843,2,"[[9532,0,0],[9533,0,0],[9534,0,0],[9535,0,0],[9536,0,0],[9537,0,0],[9538,0,0],[9539,0,0],[9540,0,0],[9541,0,0],[9542,0,0],[9543,0,0],[9544,0,0],[9545,0,0],[9546,0,0]]"
844,5,"[[9547,2,-8],[9548,3,-6]]"
845,1,"[[9549,-7,-17],[9550,0,-17],[9551,0,-18],[9552,-8,-12],[9553,0,-15],[9554,-10,-16],[9555,0,-20],[9556,0,-18],[9557,-2,-2],[9558,-2,0],[9559,-3,-16],[9560,0,-19],[9561,-1,-17],[9562,0,-17],[9563,0,-19],[9564,0,-14],[9565,-6,-16],[9566,-6,-12],[9567,0,-19],[9568,0,-19]]"
846,2,"[[9569,2,0],[9570,11,0],[9571,0,0],[9572,0,0],[9573,8,0],[9574,-1,0],[9575,0,0],[9576,3,0],[9577,8,0],[9578,7,0],[9579,2,0],[9580,0,0],[9581,0,0],[9582,0,0],[9583,1,0]]"
847,0,"[[9584,-1,-2],[9585,-1,-2],[9586,-1,-2],[9587,-1,-2],[9588,-1,-2]]"
848,4,"[[9589,4,-3],[9590,1,-3]]"
849,1,"[[9591,-3,-11],[9592,-4,-12],[9593,-3,-13],[9594,-2,-9],[9595,-3,-9],[9596,-5,-11],[9597,-4,-11],[9598,-1,-10],[9599,-3,-8],[9600,-3,-8],[9601,-6,-8],[9602,-3,-9],[9603,-3,-10],[9604,-2,-9],[9605,-3,-10],[9606,-1,-5],[9607,-3,-11],[9608,-3,-7],[9609,-2,-11],[9610,-2,-12]]"
850,2,"[[9611,0,-5],[9612,-5,-7],[9613,-2,-5],[9614,-3,-5],[9615,-2,-5],[9616,-2,-5],[9617,-4,-5],[9618,-1,-5],[9619,-1,-5],[9620,0,-5],[9621,0,-7],[9622,-2,-5],[9623,0,-5],[9624,0,-5],[9625,-3,-5]]"
851,1,"[[9626,-3,-11],[9627,-4,-12],[9628,-3,-13],[9629,-2,-9],[9630,-3,-9],[9631,-5,-11],[9632,-4,-11],[9633,-1,-10],[9634,-3,-8],[9635,-3,-8],[9636,-6,-8],[9637,-3,-9],[9638,-3,-10],[9639,-2,-9],[9640,-3,-10],[9641,-1,-5],[9642,-3,-11],[9643,-3,-7],[9644,-2,-11],[9645,-2,-12]]"
852,4,"[[9646,0,-3],[9647,0,-3]]"
853,1,"[[9648,0,-18],[9649,0,-15],[9650,0,-16],[9651,0,-13],[9652,0,-12],[9653,0,-17],[9654,0,-17],[9655,0,-15],[9656,-1,-1],[9657,-1,0],[9658,-2,-12],[9659,0,-15],[9660,-1,-16],[9661,0,-16],[9662,0,-17],[9663,0,-12],[9664,0,-17],[9665,0,-13],[9666,0,-17],[9667,0,-17]]"
854,2,"[[9668,1,0],[9669,0,0],[9670,-1,0],[9671,0,0],[9672,0,0],[9673,0,0],[9674,0,0],[9675,-1,0],[9676,1,0],[9677,2,0],[9678,1,-1],[9679,0,0],[9680,0,1],[9681,0,0],[9682,0,0]]"
855,4,"[[9683,1,1],[9684,2,3]]"
856,1,"[[9685,-10,-9],[9686,0,-7],[9687,0,-9],[9688,-3,-6],[9689,0,-7],[9690,-4,-8],[9691,0,-9],[9692,0,-8],[9693,-1,0],[9694,-1,0],[9695,-1,-5],[9696,0,-8],[9697,-10,-9],[9698,-9,-9],[9699,0,-9],[9700,0,-4],[9701,0,-8],[9702,-2,-4],[9703,0,-9],[9704,0,-9]]"
857,2,"[[9705,1,-10],[9706,0,-10],[9707,0,-10],[9708,0,-9],[9709,0,-10],[9710,1,-10],[9711,0,-10],[9712,0,-9],[9713,-1,-9],[9714,1,-9],[9715,0,-1],[9716,0,0],[9717,0,-3],[9718,0,1],[9719,0,-9]]"
858,0,"[[9720,-6,-2],[9721,-6,-2],[9722,-6,-2],[9723,-6,-2],[9724,-6,-2]]"
859,1,"[[9725,0,-13],[9726,-4,-12],[9727,-3,-12],[9728,-2,-8],[9729,-3,-10],[9730,-5,-11],[9731,-4,-12],[9732,-1,-11],[9733,-4,-8],[9734,-4,-8],[9735,-5,-7],[9736,-3,-10],[9737,-4,-12],[9738,-3,-11],[9739,-3,-13],[9740,-1,-8],[9741,-3,-11],[9742,-3,-7],[9743,-2,-14],[9744,-2,-14]]"
860,2,"[[9745,0,-5],[9746,-2,-7],[9747,-3,-5],[9748,-4,-5],[9749,-1,-5],[9750,-3,-5],[9751,-3,-5],[9752,-3,-5],[9753,0,-5],[9754,0,-5],[9755,2,-6],[9756,-1,-5],[9757,1,-5],[9758,1,-5],[9759,-6,-5]]"
861,4,"[[9760,3,-7],[9761,0,-6]]"
862,1,"[[9762,0,0],[9763,0,0],[9764,0,0],[9765,0,0],[9766,0,0],[9767,0,0],[9768,0,0],[9769,0,0],[9770,0,0],[9771,0,0],[9772,0,0],[9773,0,0],[9774,0,0],[9775,0,0],[9776,0,0],[9777,0,0],[9778,0,0],[9779,0,0],[9780,0,0],[9781,0,0]]"
863,2,"[[9782,0,0],[9783,0,0],[9784,0,0],[9785,0,0],[9786,0,0],[9787,0,0],[9788,0,0],[9789,-2,0],[9790,1,0],[9791,1,0],[9792,1,-1],[9793,0,0],[9794,0,1],[9795,0,0],[9796,0,0]]"
864,4,"[[9797,-3,-10],[9798,-3,-12]]"
865,1,"[[9799,0,0],[9800,0,0],[9801,0,0],[9802,0,0],[9803,0,0],[9804,0,0],[9805,0,0],[9806,0,0],[9807,-1,0],[9808,-1,0],[9809,-1,0],[9810,0,0],[9811,0,0],[9812,0,0],[9813,0,0],[9814,0,0],[9815,0,0],[9816,0,0],[9817,0,0],[9818,0,0]]"
866,2,"[[9819,1,0],[9820,0,0],[9821,0,0],[9822,0,0],[9823,0,0],[9824,0,0],[9825,0,0],[9826,0,0],[9827,0,0],[9828,1,0],[9829,0,0],[9830,0,0],[9831,0,1],[9832,-1,1],[9833,0,0]]"
867,0,"[[9834,-4,-13],[9835,-4,-13],[9836,-4,-13],[9837,-4,-13],[9838,-4,-13]]"
868,1,"[[9839,0,0],[9840,0,0],[9841,0,0],[9842,0,0],[9843,0,0],[9844,0,0],[9845,0,0],[9846,0,0],[9847,0,0],[9848,0,0],[9849,0,0],[9850,0,0],[9851,0,0],[9852,0,0],[9853,0,0],[9854,0,0],[9855,0,0],[9856,0,0],[9857,0,0],[9858,0,0]]"
869,2,"[[9859,0,0],[9860,0,0],[9861,-1,0],[9862,0,0],[9863,0,0],[9864,0,0],[9865,0,0],[9866,0,0],[9867,0,0],[9868,0,0],[9869,0,0],[9870,0,0],[9871,0,0],[9872,-2,0],[9873,0,0]]"
870,1,"[[9874,0,0],[9875,0,0],[9876,0,0],[9877,0,0],[9878,0,0],[9879,0,0],[9880,0,0],[9881,0,0],[9882,0,0],[9883,0,0],[9884,0,0],[9885,0,0],[9886,0,0],[9887,0,0],[9888,0,0],[9889,0,0],[9890,0,0],[9891,0,0],[9892,0,0],[9893,0,0]]"
871,2,"[[9894,1,0],[9895,0,0],[9896,-1,0],[9897,0,0],[9898,0,0],[9899,0,0],[9900,0,0],[9901,0,0],[9902,0,0],[9903,0,0],[9904,0,0],[9905,0,0],[9906,0,1],[9907,0,0],[9908,0,0]]"
872,4,"[[9909,1,-1],[9910,5,-2]]"
873,1,"[[9911,0,0],[9912,0,0],[9913,0,0],[9914,0,0],[9915,0,0],[9916,0,0],[9917,0,0],[9918,0,0],[9919,-1,0],[9920,-1,0],[9921,0,0],[9922,0,0],[9923,0,0],[9924,0,0],[9925,0,0],[9926,0,0],[9927,0,0],[9928,0,0],[9929,0,0],[9930,0,0]]"
874,2,"[[9931,1,0],[9932,0,0],[9933,-1,0],[9934,0,0],[9935,0,0],[9936,0,0],[9937,0,0],[9938,0,0],[9939,0,0],[9940,1,0],[9941,1,0],[9942,0,0],[9943,0,1],[9944,0,1],[9945,0,0]]"
875,4,"[[9946,1,-5],[9946,1,-5]]"
876,1,"[[9947,-4,-13],[9948,0,-11],[9949,0,-12],[9950,0,-9],[9951,0,-11],[9952,0,-12],[9953,0,-13],[9954,0,-12],[9955,0,0],[9956,0,0],[9957,0,-9],[9958,0,-12],[9959,0,-10],[9960,0,-10],[9961,0,-10],[9962,0,-5],[9963,0,-12],[9964,0,-8],[9965,0,-10],[9966,0,-10]]"
877,2,"[[9967,0,0],[9968,0,0],[9969,0,0],[9970,0,0],[9971,0,0],[9972,0,0],[9973,0,0],[9974,0,0],[9975,0,0],[9976,1,0],[9977,0,0],[9978,0,0],[9979,0,1],[9980,0,0],[9981,0,0]]"
878,1,"[[9982,-4,-13],[9983,0,-11],[9984,0,-12],[9985,0,-9],[9986,0,-11],[9987,0,-12],[9988,0,-13],[9989,0,-12],[9990,-1,0],[9991,-1,0],[9992,0,-9],[9993,0,-12],[9994,0,-10],[9995,0,-10],[9996,0,-10],[9997,0,-5],[9998,0,-12],[9999,0,-8],[10000,0,-10],[10001,0,-10]]"
879,2,"[[10002,1,0],[10003,0,0],[10004,0,0],[10005,0,0],[10006,0,0],[10007,0,0],[10008,0,0],[10009,0,0],[10010,0,0],[10011,1,0],[10012,0,0],[10013,0,0],[10014,0,1],[10015,0,1],[10016,0,0]]"
880,0,"[[10017,-1,0],[10018,-1,0],[10019,-1,0],[10020,-1,0],[10021,-1,0]]"
881,5,"[[10022,2,0],[10023,2,0]]"
882,4,"[[10024,-9,-23],[10025,-7,-27]]"
883,1,"[[10026,0,0],[10027,0,0],[10028,0,0],[10029,0,0],[10030,0,0],[10031,0,0],[10032,0,0],[10033,0,0],[10034,0,0],[10035,0,0],[10036,0,0],[10037,0,0],[10038,0,0],[10039,0,0],[10040,0,0],[10041,0,0],[10042,0,0],[10043,0,0],[10044,0,0],[10045,0,0]]"
884,2,"[[10046,0,0],[10047,0,0],[10048,0,0],[10049,-3,0],[10050,0,0],[10051,0,0],[10052,0,0],[10053,0,0],[10054,0,0],[10055,0,0],[10056,0,0],[10057,0,0],[10058,0,1],[10059,0,0],[10060,0,0]]"
885,1,"[[10061,0,0],[10062,0,0],[10063,0,0],[10064,0,0],[10065,0,0],[10066,0,0],[10067,0,0],[10068,0,0],[10069,-1,0],[10070,-1,0],[10071,0,0],[10072,0,0],[10073,0,0],[10074,0,0],[10075,0,0],[10076,0,0],[10077,0,0],[10078,0,0],[10079,0,0],[10080,0,0]]"
886,2,"[[10081,1,0],[10082,0,0],[10083,0,0],[10084,-2,0],[10085,0,0],[10086,0,0],[10087,0,0],[10088,0,0],[10089,0,0],[10090,1,0],[10091,0,0],[10092,0,0],[10093,0,1],[10094,0,1],[10095,0,0]]"
887,3,"[[10096,16,15],[10096,4,11],[10096,3,14],[10096,23,10],[10096,23,9],[10096,1,9],[10097,30,16],[10097,30,10],[10097,30,10],[10096,9,2],[10098,4,1],[10096,-31,-17],[10099,11,7],[10099,6,8],[10100,5,17],[10096,-28,-14],[10096,12,12],[10096,12,12],[10096,7,12],[10096,1,12],[10097,36,11],[10097,30,16],[10096,9,1],[10096,6,8]]"
888,3,"[[10101,-17,-4],[10103,-8,7],[10104,-16,10],[10101,-23,-10],[10101,-23,-11],[79,31,-8],[10101,-16,-2],[10101,-17,-9],[10101,-16,-9],[79,-11,-1],[79,0,0],[79,0,0],[10102,19,11],[10106,13,-2],[10106,14,11],[10105,-53,-21],[10101,-19,-11],[10101,-20,-11],[79,0,0],[79,0,0],[10105,-21,6],[10101,-15,-6],[10101,-9,-17],[10101,-11,-13]]"
889,0,"[[10107,-2,-9],[10108,-2,-9],[10109,-2,-9],[10110,-2,-9],[10111,-2,-9]]"
890,1,"[[10112,-1,-10],[10113,-4,-9],[10114,-3,-10],[10115,-2,-8],[10116,-3,-8],[10117,-5,-10],[10118,-4,-11],[10119,-1,-11],[10120,-2,-8],[10121,-2,-8],[10122,-3,-8],[10123,-3,-11],[10124,-2,-8],[10125,0,-8],[10126,-3,-9],[10127,-1,-5],[10128,-3,-10],[10129,-3,-6],[10130,-2,-10],[10131,-2,-10]]"
891,2,"[[10132,0,-4],[10133,-5,-5],[10134,-3,-5],[10135,-5,-5],[10136,-2,-5],[10137,-2,-5],[10138,-4,-5],[10139,-2,-5],[10140,-3,-5],[10141,-3,-5],[10142,1,-7],[10143,-1,-5],[10144,1,-5],[10145,1,-5],[10146,-4,-5]]"
892,3,"[[10147,-12,-1],[10148,25,-5],[10149,-12,13],[10150,-15,-13],[10150,-15,-12],[10151,22,1],[10152,2,-7],[10152,3,-12],[10152,3,-12],[79,0,0],[79,0,0],[79,0,0],[10153,-9,1],[10153,-14,1],[10154,4,-8],[79,0,0],[10147,-13,-12],[10147,-13,-9],[10155,7,-15],[10156,-5,-11],[10155,6,-16],[10156,-7,-12],[10157,-4,-10],[10158,-6,-4]]"
893,0,"[[10159,0,-6],[10160,0,-6],[10161,0,-6],[10162,0,-6],[10163,0,-6]]"
894,1,"[[10164,0,-10],[10165,-4,-8],[10166,-3,-9],[10167,-2,-5],[10168,-3,-5],[10169,-5,-7],[10170,-4,-8],[10171,-1,-8],[10172,-2,-8],[10173,-2,-9],[10174,-3,-6],[10175,-3,-8],[10176,-1,-6],[10177,0,-6],[10178,-3,-7],[10179,-1,-5],[10180,-3,-7],[10181,-3,-6],[10182,-2,-8],[10183,-2,-8]]"
895,2,"[[10184,0,-5],[10185,-5,-5],[10186,-4,-5],[10187,-6,-5],[10188,-1,-5],[10189,-2,-5],[10190,-6,-5],[10191,-1,-5],[10192,-2,-5],[10193,-1,-5],[10194,0,-7],[10195,-2,-5],[10196,0,-5],[10197,0,-5],[10198,-4,-5]]"
896,1,"[[10199,0,-10],[10200,-4,-8],[10201,-3,-9],[10202,-2,-5],[10203,-3,-5],[10204,-5,-7],[10205,-4,-8],[10206,-1,-8],[10207,-2,-8],[10208,-2,-9],[10209,-3,-6],[10210,-3,-8],[10211,-1,-6],[10212,0,-6],[10213,-3,-7],[10214,-1,-5],[10215,-3,-7],[10216,-2,-7],[10217,-2,-8],[10218,-2,-8]]"
897,0,"[[10219,-2,-11],[10220,-2,-11],[10221,-2,-11],[10222,-2,-11],[10223,-1,-10]]"
898,1,"[[10224,-3,-9],[10225,-4,-8],[10226,-3,-8],[10227,-2,-5],[10228,-3,-5],[10229,-5,-7],[10230,-4,-8],[10231,-1,-7],[10232,-4,-8],[10233,-4,-9],[10234,-5,-6],[10235,-3,-7],[10236,-3,-6],[10237,-1,-6],[10238,-3,-7],[10239,-1,-5],[10240,-3,-7],[10241,-2,-7],[10242,-2,-7],[10243,-2,-8]]"
899,2,"[[10244,0,-5],[10245,-3,-5],[10246,-4,-5],[10247,-5,-5],[10248,-1,-5],[10249,-3,-5],[10250,-6,-5],[10251,-2,-5],[10252,-3,-5],[10253,-3,-5],[10254,2,-7],[10255,0,-5],[10256,2,-5],[10257,2,-5],[10258,-5,-5]]"
900,0,"[[10259,-3,-15],[10260,-3,-15],[10261,-4,-15],[10262,-4,-15],[10263,-3,-14]]"
901,1,"[[10264,0,-6],[10265,-4,-6],[10266,-3,-6],[10267,-2,-5],[10268,-3,-5],[10269,-5,-7],[10270,-4,-6],[10271,-1,-6],[10272,-2,-8],[10273,-2,-9],[10274,-3,-6],[10275,-3,-6],[10276,-1,-5],[10277,1,-5],[10278,-3,-5],[10279,-1,-5],[10280,-3,-7],[10281,-2,-7],[10282,-2,-6],[10283,-2,-6]]"
902,2,"[[10284,0,-5],[10285,-5,-5],[10286,-3,-5],[10287,-5,-5],[10288,-2,-8],[10289,-1,-5],[10290,-5,-5],[10291,-2,-5],[10292,-2,-5],[10293,-3,-5],[10294,1,-7],[10295,-1,-5],[10296,1,-5],[10297,1,-5],[10298,-5,-5]]"
903,3,"[[10299,-12,-6],[10300,-4,2],[10301,-10,4],[10302,-7,-13],[10302,-8,-14],[10303,4,6],[10304,-1,-2],[10304,-1,-8],[10304,-2,-8],[79,0,0],[79,0,0],[79,0,0],[10305,0,-2],[10305,-5,-3],[10306,2,-4],[79,0,0],[10299,-12,-12],[10299,-11,-10],[10310,3,-9],[10307,-3,-9],[10310,3,-10],[10308,-3,-10],[10309,-3,-10],[10309,-5,-4]]"
904,3,"[[10311,-9,-5],[10312,0,1],[10313,-8,6],[10314,-9,-13],[10314,-9,-13],[10315,21,4],[10316,-1,-2],[10316,-1,-8],[10316,-1,-8],[79,0,0],[79,0,0],[79,0,0],[10317,22,-3],[10317,16,-3],[10318,3,-4],[79,0,0],[10311,-9,-13],[10311,-8,-10],[10319,3,-11],[10320,-3,-10],[10319,3,-12],[10321,-3,-11],[10322,-4,-10],[10323,-7,-4]]"
905,0,"[[10324,0,-8],[10325,0,-8],[10326,0,-8],[10327,0,-8],[10328,2,-7]]"
906,1,"[[10329,0,-10],[10330,-4,-8],[10331,-3,-9],[10332,-2,-6],[10333,-3,-5],[10334,-5,-8],[10335,-4,-10],[10336,-1,-9],[10337,-2,-8],[10338,-2,-9],[10339,-3,-6],[10340,-3,-8],[10341,-1,-8],[10342,0,-8],[10343,-3,-7],[10344,-1,-5],[10345,-3,-8],[10346,-2,-7],[10347,-2,-9],[10348,-2,-9]]"
907,2,"[[10349,0,-5],[10350,-5,-5],[10351,-4,-5],[10352,-4,-5],[10353,-1,-5],[10354,-2,-5],[10355,-6,-5],[10356,-2,-5],[10357,-2,-5],[10358,-2,-5],[10359,1,-7],[10360,-1,-5],[10361,1,-5],[10362,1,-5],[10363,-5,-5]]"
908,3,"[[10364,-20,-10],[10365,-15,-7],[10366,-18,3],[10367,-19,-22],[10367,-18,-22],[10368,-3,-6],[10369,-7,-14],[10369,-7,-20],[10369,-6,-20],[79,0,0],[79,0,0],[79,0,0],[10370,-12,-8],[10370,-19,-8],[10371,1,-17],[79,0,0],[10364,-19,-21],[10364,-19,-19],[10376,-2,-23],[10372,-13,-19],[10376,-2,-24],[10372,-13,-21],[10374,-9,-19],[10375,-13,-13]]"
909,1,"[[10377,0,-10],[10378,-4,-8],[10379,-3,-9],[10380,-2,-6],[10381,-3,-5],[10382,-5,-8],[10383,-4,-10],[10384,-1,-9],[10385,-2,-8],[10386,-2,-9],[10387,-3,-6],[10388,-3,-8],[10389,-1,-8],[10390,0,-8],[10391,-3,-7],[10392,-1,-5],[10393,-3,-8],[10394,-2,-7],[10395,-2,-9],[10396,-2,-9]]"
910,0,"[[10397,-2,-3],[10397,-2,-3],[10397,-2,-3],[10397,-2,-3],[10398,-1,-4]]"
911,0,"[[10399,-1,-5],[10399,-1,-5],[10400,-1,-5],[10401,-1,-5],[10402,-1,-5]]"
912,1,"[[10403,0,0],[10404,0,0],[10405,0,0],[10406,0,0],[10407,0,0],[10408,0,0],[10409,0,0],[10410,0,0],[10411,-2,0],[10412,-2,0],[10413,0,0],[10414,0,0],[10415,0,0],[10416,0,0],[10417,0,0],[10418,0,0],[10419,0,0],[10420,0,0],[10421,0,0],[10422,0,0]]"
913,2,"[[10423,0,0],[10424,0,0],[10425,0,0],[10426,0,0],[10427,0,0],[10428,-1,0],[10429,0,0],[10430,0,0],[10431,1,0],[10432,1,0],[10433,1,-1],[10434,0,0],[10435,0,0],[10436,0,0],[10437,0,0]]"
914,3,"[[10438,-14,2],[10439,-9,22],[10439,-12,24],[10440,-2,2],[10440,-2,1],[10441,26,-11],[10442,-3,-3],[10442,-3,-9],[10442,-2,-9],[10443,-7,-3],[10443,-36,-11],[10443,-44,-26],[10444,13,-1],[10445,9,7],[10446,13,-4],[10443,-41,-25],[10447,-2,-13],[10447,-6,-10],[10448,9,-16],[10447,-4,-11],[10448,9,-16],[10447,-3,-11],[10439,2,11],[10439,-5,18]]"
915,0,"[[10450,-2,-6],[10451,-2,-6],[10452,-2,-6],[10453,-2,-6],[10454,-1,-6]]"
916,1,"[[10455,0,0],[10456,0,0],[10457,0,-1],[10458,0,0],[10459,0,-1],[10460,0,0],[10461,0,-1],[10462,0,-1],[10463,0,0],[10464,0,0],[10465,0,0],[10466,0,0],[10467,-1,0],[10468,-1,0],[10469,0,0],[10470,0,0],[10471,0,0],[10472,0,0],[10473,0,-1],[10474,0,-1]]"
917,2,"[[10475,-1,0],[10476,-1,0],[10477,-1,0],[10478,0,0],[10479,0,0],[10480,0,0],[10481,0,0],[10482,-1,0],[10483,0,0],[10484,0,0],[10485,0,0],[10486,0,0],[10487,0,0],[10488,0,0],[10489,0,0]]"
918,0,"[[10490,-2,-4],[10491,-2,-4],[10492,-2,-4],[10493,-2,-4],[10494,-3,-4]]"
919,1,"[[10495,0,-1],[10496,0,0],[10497,0,-1],[10498,0,0],[10499,0,-1],[10500,0,0],[10501,0,-1],[10502,0,-1],[10503,-1,0],[10504,-1,0],[10505,0,0],[10506,0,0],[10507,-1,0],[10508,-1,0],[10509,0,0],[10510,0,0],[10511,0,0],[10512,0,0],[10513,0,-1],[10514,0,-1]]"
920,2,"[[10515,2,0],[10516,1,0],[10517,0,0],[10518,0,0],[10519,0,0],[10520,0,0],[10521,0,0],[10522,1,0],[10523,1,0],[10524,2,0],[10525,1,0],[10526,0,0],[10527,0,-1],[10528,0,1],[10529,0,0]]"
921,0,"[[10530,0,-7],[10531,0,-7],[10532,0,-7],[10533,0,-7],[10534,0,-8]]"
922,1,"[[10535,1,-6],[10536,0,-5],[10537,-1,-7],[10538,-1,-5],[10539,0,-4],[10540,0,-5],[10541,0,-7],[10542,0,-5],[10543,-3,-7],[10544,-3,-6],[10545,-1,-5],[10546,-2,-5],[10547,0,-6],[10548,0,-6],[10549,0,-6],[10550,1,-6],[10551,1,-6],[10552,0,-6],[10553,0,-7],[10554,0,-7]]"
923,2,"[[10555,3,-6],[10556,-2,-5],[10557,0,-6],[10559,-2,-5],[10558,-1,-6],[10560,0,-7],[10561,-1,-6],[10562,-2,-5],[10563,-1,-5],[10564,1,-5],[10565,-1,-6],[10566,-4,-8],[10567,-3,-5],[10568,-3,-8],[10569,-1,-5]]"
924,0,"[[10570,-4,-9],[10571,-4,-9],[10572,-4,-9],[10573,-4,-9],[10574,-4,-9]]"
925,1,"[[10575,-1,-6],[10576,-2,-5],[10577,-3,-6],[10578,-3,-4],[10579,-4,-5],[10580,-3,-6],[10581,-4,-5],[10582,-3,-5],[10583,-2,-8],[10584,-3,-5],[10585,-2,-4],[10586,-1,-5],[10587,0,-5],[10588,0,-5],[10589,-2,-6],[10590,0,-6],[10591,-2,-6],[10592,0,-7],[10593,-1,-6],[10594,-1,-5]]"
926,2,"[[10595,0,-3],[10596,-4,-4],[10597,-1,-3],[10598,-3,-3],[10599,-4,-4],[10600,-1,-3],[10601,-3,-3],[10602,-2,-3],[10603,-1,-3],[10604,-2,-3],[10605,-1,-3],[10606,-3,-4],[10607,-2,-2],[10608,-2,-5],[10609,-2,-3]]"
927,0,"[[10610,-4,-10],[10611,-4,-10],[10612,-4,-10],[10613,-4,-10],[10614,-3,-10]]"
928,1,"[[10615,-1,-12],[10616,-2,-11],[10617,-2,-10],[10618,-4,-10],[10619,-6,-8],[10620,-5,-9],[10621,-5,-9],[10622,-4,-8],[10623,-6,-9],[10624,-3,-10],[10625,-3,-8],[10626,-3,-9],[10627,-2,-10],[10628,-1,-10],[10629,-4,-10],[10630,-4,-11],[10631,-5,-9],[10632,-7,-11],[10633,-4,-10],[10634,-2,-10]]"
929,2,"[[10635,0,-6],[10636,-3,-5],[10637,-2,-6],[10638,-5,-6],[10639,-4,-4],[10640,-2,-6],[10641,-5,-6],[10642,-4,-5],[10643,-3,-6],[10644,-1,-6],[10645,-2,-6],[10646,-5,-9],[10647,-4,-6],[10648,-3,-11],[10649,-2,-6]]"
930,0,"[[10650,-2,-14],[10651,-2,-14],[10652,-2,-13],[10653,-2,-13],[10654,-2,-14]]"
931,1,"[[10655,-6,-14],[10656,-6,-12],[10657,-3,-14],[10658,-9,-13],[10659,-10,-12],[10660,-12,-12],[10661,-8,-13],[10662,-8,-14],[10663,-6,-18],[10664,-5,-19],[10665,-5,-12],[10666,-5,-12],[10667,-5,-12],[10668,-4,-11],[10669,-10,-13],[10670,-7,-17],[10671,-10,-13],[10672,-10,-13],[10673,-4,-13],[10674,-4,-13]]"
932,2,"[[10675,0,-6],[10676,-3,-4],[10677,-1,-6],[10678,-3,-6],[10679,-2,-7],[10680,0,-6],[10681,-4,-6],[10682,-2,-6],[10683,-3,-6],[10684,-2,-6],[10685,-2,-6],[10686,-2,-5],[10687,-1,-4],[10688,-1,-7],[10689,-2,-6]]"
933,0,"[[10690,-10,-15],[10691,-10,-15],[10692,-10,-15],[10693,-10,-15],[10694,-8,-16]]"
934,1,"[[10695,-12,-12],[10696,-7,-8],[10697,-12,-10],[10698,-16,-6],[10699,-5,-8],[10700,-16,-12],[10701,-19,-13],[10702,-7,-11],[10703,-16,-11],[10704,-16,-12],[10705,-14,-9],[10706,-11,-12],[10707,-15,-11],[10708,-12,-11],[10709,-3,-11],[10710,-6,-6],[10711,-16,-10],[10712,-18,-8],[10713,-5,-11],[10714,-9,-12]]"
935,2,"[[10715,-5,3],[10716,-4,2],[10717,-10,4],[10718,-8,5],[10719,-7,4],[10720,-10,3],[10721,-5,5],[10722,-2,2],[10723,-2,3],[10724,0,3],[10725,-5,-4],[10726,-9,-3],[10727,-8,-6],[10728,-8,-2],[10729,-5,4]]"
936,0,"[[10730,-2,-19],[10731,-2,-19],[10732,-2,-19],[10733,-2,-19],[10734,-1,-20]]"
937,1,"[[10735,-4,-6],[10736,-3,-5],[10737,-3,-7],[10738,-5,-5],[10739,-2,-5],[10740,-5,-7],[10741,-6,-7],[10742,-5,-7],[10743,-4,-11],[10744,-4,-10],[10745,-4,-5],[10746,-8,-5],[10747,0,-5],[10748,1,-7],[10749,-4,-8],[10750,-1,-7],[10751,-5,-7],[10752,-5,-9],[10753,0,-8],[10754,-1,-9]]"
938,2,"[[10755,3,0],[10756,-2,-7],[10757,0,0],[10758,-1,-6],[10759,-4,-1],[10760,-1,-1],[10761,-2,-5],[10762,3,-1],[10763,7,-1],[10764,7,-1],[10765,2,-2],[10766,0,-1],[10767,0,-1],[10768,-2,-1],[10769,0,-6]]"
939,0,"[[10770,-15,-14],[10771,-15,-14],[10772,-15,-14],[10773,-15,-14],[10774,-14,-14]]"
940,1,"[[10775,-11,-12],[10776,-10,-13],[10777,-8,-15],[10778,-14,-11],[10779,-9,-13],[10780,-12,-16],[10781,-22,-15],[10782,-20,-13],[10783,-11,-17],[10784,-11,-18],[10785,-11,-10],[10786,-17,-14],[10787,-12,-11],[10788,-10,-12],[10789,-10,-14],[10790,-14,-12],[10791,-15,-14],[10792,-14,-13],[10793,-8,-13],[10794,-11,-15]]"
941,2,"[[10795,-3,-3],[10796,-12,-3],[10797,-7,-3],[10798,-13,-3],[10799,-16,-1],[10800,-7,-3],[10801,-5,-3],[10802,-4,-3],[10803,-1,-3],[10804,-1,-3],[10805,-9,-5],[10806,-6,-5],[10807,-1,-3],[10808,-12,-6],[10809,-7,-3]]"
942,0,"[[10810,-8,-18],[10811,-8,-18],[10812,-8,-18],[10813,-8,-18],[10814,-8,-18]]"
943,1,"[[10815,-23,-21],[10816,-6,-20],[10817,-7,-19],[10818,-12,-16],[10819,-6,-17],[10820,-13,-21],[10821,-9,-19],[10822,-13,-18],[10823,-10,-19],[10824,-10,-19],[10825,-11,-18],[10826,-9,-18],[10827,-10,-21],[10828,-10,-20],[10829,-5,-20],[10830,-3,-14],[10831,-17,-20],[10832,-13,-16],[10833,-7,-19],[10834,-5,-19]]"
944,2,"[[10835,-16,-6],[10836,-12,-8],[10837,-7,-10],[10838,-7,-8],[10839,-13,-9],[10840,-1,-8],[10841,-7,-9],[10842,-13,-5],[10843,-9,-6],[10844,-7,-6],[10845,-9,-4],[10846,-9,-6],[10847,-9,-5],[10848,-7,-11],[10849,-4,-9]]"
945,3,"[[10851,-3,1],[10851,-19,-6],[10851,-17,-3],[10850,8,-11],[10850,8,-11],[10852,-12,-21],[10853,35,-23],[10853,35,-28],[10853,35,-29],[10852,-5,-28],[10854,-12,-29],[10855,-55,-21],[10856,-16,-10],[10856,-23,-9],[10852,3,-11],[10855,-51,-20],[10851,-3,-7],[10851,-6,-7],[10858,4,-22],[10852,-9,-22],[10853,40,-26],[10853,36,-22],[10859,-12,-15],[10859,-11,-12]]"
946,0,"[[10860,-2,-4],[10861,-2,-4],[10862,-2,-4],[10863,-2,-4],[10864,-2,-5]]"
947,1,"[[10865,0,0],[10866,0,0],[10867,0,0],[10868,0,0],[10869,0,0],[10870,0,0],[10871,0,0],[10872,0,0],[10873,0,0],[10874,0,0],[10875,0,0],[10876,0,0],[10877,0,0],[10878,0,0],[10879,0,0],[10880,0,0],[10881,0,0],[10882,0,0],[10883,0,0],[10884,0,0]]"
948,2,"[[10885,1,0],[10886,0,0],[10887,-1,0],[10888,0,0],[10889,0,0],[10890,0,0],[10891,0,0],[10892,0,0],[10893,0,0],[10894,0,0],[10895,0,0],[10896,0,0],[10897,0,1],[10898,0,0],[10899,0,0]]"
949,0,"[[10900,-4,-21],[10900,-4,-21],[10901,-4,-20],[10901,-4,-20],[10902,-4,-21]]"
950,1,"[[10903,-18,-30],[10904,-5,-30],[10905,-10,-29],[10906,-30,-28],[10907,-16,-30],[10908,-30,-29],[10909,-40,-32],[10910,-19,-30],[10911,-14,-52],[10912,-14,-53],[10913,-13,-43],[10914,-25,-32],[10915,-13,-31],[10916,-10,-30],[10917,-23,-30],[10918,-20,-26],[10919,-33,-29],[10920,-31,-26],[10921,-14,-30],[10922,-15,-28]]"
951,2,"[[10923,-1,-9],[10924,-10,-9],[10925,-7,-9],[10926,-8,-9],[10927,-7,-9],[10928,-5,-9],[10929,-10,-8],[10930,-9,-9],[10931,-7,-9],[10932,-6,-9],[10933,-4,-8],[10934,-9,-12],[10935,-9,-9],[10936,-7,-13],[10937,-8,-9]]"
952,0,"[[10938,-4,-14],[10939,-4,-14],[10940,-4,-14],[10941,-4,-14],[10942,-2,-14]]"
953,1,"[[10943,-5,-12],[10944,0,-13],[10945,-2,-14],[10946,-11,-15],[10947,-4,-15],[10948,-14,-12],[10949,-14,-12],[10950,-11,-12],[10951,-5,-21],[10952,-7,-21],[10953,-3,-14],[10954,-14,-12],[10955,-1,-13],[10956,0,-13],[10957,-6,-11],[10958,-7,-12],[10959,-15,-12],[10960,-17,-13],[10961,-3,-12],[10962,-4,-13]]"
954,2,"[[10963,1,-8],[10964,-8,-7],[10965,-5,-7],[10966,-5,-7],[10967,-4,-8],[10968,-1,-8],[10969,-7,-7],[10970,-5,-7],[10971,-2,-7],[10972,0,-7],[10973,-2,-4],[10974,-3,-8],[10975,-2,-5],[10976,-3,-8],[10977,-4,-6]]"
955,3,"[[10978,-6,-6],[10979,-2,-12],[10980,-7,-12],[10981,-29,-23],[10981,-28,-23],[10982,14,-8],[10983,-7,-11],[10983,-7,-17],[10983,-7,-17],[10984,-7,-9],[79,0,0],[79,0,0],[10985,-20,-10],[10986,-7,-22],[10987,11,-11],[79,-11,-1],[10988,-11,2],[10988,-10,1],[10989,-5,-19],[10990,-11,-20],[10991,-15,-19],[10992,-21,-21],[10993,-8,-16],[10994,-12,-10]]"
956,3,"[[10995,-24,19],[10996,5,10],[10996,3,13],[10997,-41,-19],[10997,-41,-19],[10998,-25,-19],[10999,-36,-13],[10999,-35,-19],[10999,-35,-19],[10996,8,2],[11000,8,-12],[79,0,0],[11001,32,-62],[11002,18,-64],[11003,45,-3],[79,0,0],[11004,-2,-3],[11004,-1,-4],[11005,-34,-12],[11006,-24,-25],[11007,-38,-26],[11008,-37,-24],[11009,-21,-15],[11010,-20,-18]]"
957,3,"[[11011,-29,8],[11012,46,-8],[11012,43,-5],[11013,-31,-23],[11013,-31,-23],[11014,47,-29],[11014,-29,-6],[11014,-29,-11],[11014,-30,-12],[11012,48,-16],[11019,-70,-32],[11019,-55,-45],[11016,14,-31],[11016,15,-45],[11017,30,-25],[11019,-58,-46],[11018,0,-11],[11018,2,-10],[11019,-28,-23],[11020,-15,-26],[11021,-45,-22],[11022,-29,-26],[79,0,0],[79,0,0]]"
958,3,"[[11023,13,2],[11024,16,3],[11024,11,6],[11026,11,5],[11026,11,5],[11027,16,7],[11028,19,12],[11028,19,6],[11028,19,6],[11025,24,-5],[11029,0,-2],[11029,-7,-15],[11030,10,-46],[11031,5,-55],[11032,-3,-45],[11029,-6,-16],[11033,13,1],[11034,14,2],[11028,19,6],[11028,11,10],[11028,27,7],[11028,19,11],[11035,30,1],[11035,27,11]]"
959,4,"[[11036,2,-3],[11037,-3,-2]]"
960,1,"[[11038,-1,0],[11039,0,0],[11040,0,0],[11041,0,0],[11042,0,0],[11043,0,0],[11044,0,0],[11045,0,0],[11046,-4,0],[11047,-4,0],[11048,-2,0],[11049,0,0],[11050,-2,0],[11051,-1,0],[11052,0,0],[11053,0,0],[11054,0,0],[11055,0,0],[11056,0,0],[11057,0,0]]"
961,2,"[[11058,0,1],[11059,0,0],[11060,0,0],[11061,0,0],[11062,0,0],[11063,-2,0],[11064,-2,0],[11065,0,0],[11066,0,0],[11067,0,0],[11068,0,0],[11069,0,0],[11070,3,0],[11071,-1,0],[11072,-5,0]]"
962,5,"[[11073,-9,-27],[11074,-9,-27]]"
963,1,"[[11075,-18,-29],[11076,-3,-29],[11077,-8,-28],[11078,-30,-28],[11079,-16,-29],[11080,-31,-29],[11081,-41,-32],[11082,-19,-29],[11083,-12,-52],[11084,-12,-53],[11085,-11,-43],[11086,-25,-32],[11087,-13,-31],[11088,-10,-30],[11089,-23,-29],[11090,-20,-25],[11091,-33,-29],[11092,-29,-26],[11093,-14,-29],[11094,-15,-27]]"
964,1,"[[11095,0,0],[11096,0,0],[11097,0,0],[11098,0,0],[11099,0,0],[11100,0,0],[11101,0,0],[11102,0,0],[11103,0,0],[11104,0,0],[11105,0,0],[11106,0,0],[11107,0,0],[11108,0,0],[11109,0,0],[11110,0,0],[11111,0,0],[11112,0,0],[11113,0,0],[11114,0,0]]"
965,2,"[[11115,0,0],[11116,0,0],[11117,0,0],[11118,0,0],[11119,0,0],[11120,0,0],[11121,0,0],[11122,0,0],[11123,0,0],[11124,0,0],[11125,0,0],[11126,0,0],[11127,0,0],[11128,0,0],[11129,0,0]]"
966,0,"[[11130,-3,-1],[11130,-3,-1],[11130,-3,-1],[11130,-3,-1],[11133,-3,-2]]"
967,0,"[[11131,-3,-1],[11131,-3,-1],[11131,-3,-1],[11131,-3,-1],[11133,-3,-2]]"
968,0,"[[11132,-3,-1],[11132,-3,-1],[11132,-3,-1],[11132,-3,-1],[11133,-3,-2]]"
969,1,"[[11134,0,0],[11135,0,0],[11136,0,0],[11137,0,0],[11138,0,0],[11139,0,0],[11140,0,0],[11141,0,0],[11142,0,0],[11143,0,0],[11144,0,0],[11145,0,0],[11146,0,0],[11147,0,0],[11148,0,0],[11149,0,0],[11150,0,0],[11151,0,0],[11152,0,0],[11153,0,0]]"
970,2,"[[11154,0,0],[11155,0,0],[11156,0,0],[11157,0,0],[11158,0,0],[11159,0,0],[11160,0,0],[11161,0,0],[11162,0,0],[11163,0,0],[11164,0,0],[11165,0,0],[11166,0,0],[11167,0,0],[11168,0,0]]"
971,0,"[[11169,-12,-24],[11170,-10,-25],[11171,-9,-23],[11172,-11,-26],[11173,-4,-28]]"
972,1,"[[11174,-10,-22],[11175,-13,-20],[11176,-8,-17],[11177,-13,-26],[11178,-12,-23],[11179,-15,-20],[11180,-17,-23],[11181,-19,-22],[11182,-9,-27],[11183,-10,-27],[11184,-12,-22],[11185,-22,-23],[11186,-5,-21],[11187,-5,-21],[11188,-9,-22],[11189,-8,-27],[11190,-18,-21],[11191,-19,-23],[11192,-5,-21],[11193,-9,-21]]"
973,2,"[[11194,-1,-9],[11195,-10,-9],[11196,-7,-9],[11197,-8,-9],[11198,-7,-9],[11199,-5,-9],[11200,-10,-8],[11201,-9,-9],[11202,-7,-9],[11203,-6,-9],[11204,-4,-8],[11205,-9,-12],[11205,-4,-16],[11207,-7,-13],[11208,-8,-9]]"
974,3,"[[11209,-14,13],[11210,-16,3],[11210,-11,4],[11211,-26,-23],[11211,-26,-23],[11212,-19,-22],[11213,-21,-19],[11213,-21,-24],[11213,-20,-25],[11210,-6,-7],[11214,3,-21],[79,0,0],[11215,18,-40],[11216,-1,-42],[11217,18,3],[79,3,-3],[11218,-2,-4],[11218,-2,-4],[11219,-18,-11],[11220,-12,-26],[11221,-29,-11],[11222,-24,-29],[11223,-5,-13],[11224,-9,-15]]"
975,3,"[[11225,-23,-2],[11226,32,-15],[11226,20,-14],[11227,-11,-23],[11227,-12,-23],[11226,46,-14],[11229,-12,-17],[11229,-12,-23],[11229,-12,-22],[79,3,2],[11230,-53,-30],[11230,-61,-44],[11231,8,-34],[11232,0,-38],[11231,14,-24],[11230,-67,-46],[11225,-3,-15],[11225,-2,-16],[11230,-17,-20],[11231,-1,-32],[11230,-28,-21],[11232,-13,-29],[79,5,-27],[79,0,0]]"
976,3,"[[11236,-15,18],[11237,-3,-19],[11238,-9,-17],[11239,-30,-24],[11239,-30,-24],[11240,25,-27],[11241,-7,-18],[11241,-7,-24],[11241,-7,-23],[11242,-15,-20],[79,0,0],[79,0,0],[11243,-13,-16],[11244,-5,-31],[11245,8,-22],[79,-5,-6],[11246,-1,-21],[11246,-2,-20],[11247,-19,-26],[11248,-20,-29],[11241,-8,-33],[11249,-33,-27],[11250,-8,-20],[11251,-16,-16]]"
977,3,"[[11252,10,5],[11253,14,6],[11254,9,12],[11253,11,3],[11253,9,2],[11253,12,6],[11253,23,12],[11253,19,9],[11253,17,6],[11255,10,-15],[11256,0,-4],[11256,-12,-17],[11257,5,-27],[11258,1,-33],[11259,-7,-38],[11256,-5,-17],[11260,12,2],[11261,11,2],[11253,19,5],[11253,13,10],[11253,26,6],[11253,19,11],[11262,20,0],[11263,18,6]]"
978,0,"[[11264,0,0],[11264,0,0],[11264,0,0],[11264,0,0],[11265,0,0]]"
979,1,"[[11266,0,0],[11267,0,0],[11268,0,0],[11269,0,0],[11270,0,0],[11271,0,0],[11272,0,0],[11273,0,0],[11274,0,0],[11275,0,0],[11276,0,0],[11277,0,0],[11278,0,0],[11279,0,0],[11280,0,0],[11281,0,0],[11282,0,0],[11283,0,0],[11284,0,0],[11285,0,0]]"
980,2,"[[11286,0,0],[11287,0,0],[11288,0,0],[11289,0,0],[11290,0,0],[11291,0,0],[11292,0,0],[11293,0,0],[11294,0,0],[11295,0,0],[11296,0,-1],[11297,0,0],[11298,0,0],[11299,0,0],[11300,0,0]]"
981,0,"[[11301,0,0],[11301,0,0],[11301,0,0],[11301,0,0],[11302,0,0]]"
982,1,"[[11303,-14,-22],[11304,-1,-20],[11305,-14,-22],[11306,-6,-16],[11307,-2,-20],[11308,-8,-20],[11309,-4,-21],[11310,0,-22],[11311,-19,-5],[11312,-19,-3],[11313,-13,-16],[11314,-3,-20],[11315,-13,-21],[11316,-11,-21],[11317,-5,-22],[11318,-5,-17],[11319,-4,-21],[11320,-5,-17],[11321,-4,-20],[11322,-4,-20]]"
983,2,"[[11323,0,0],[11324,0,0],[11325,0,0],[11326,0,0],[11327,0,0],[11328,0,0],[11329,0,0],[11330,0,0],[11331,0,0],[11332,0,0],[11333,0,-1],[11334,0,0],[11335,0,0],[11336,0,0],[11337,0,0]]"
984,4,"[[11338,1,-8],[11339,1,-9]]"
985,1,"[[11340,0,0],[11341,0,0],[11342,0,0],[11343,0,0],[11344,0,0],[11345,0,0],[11346,0,0],[11347,0,0],[11348,0,0],[11349,0,0],[11350,0,0],[11351,0,0],[11352,0,0],[11353,0,0],[11354,0,0],[11355,0,0],[11356,0,0],[11357,0,0],[11358,0,0],[11359,0,0]]"
986,2,"[[11360,0,0],[11361,0,-2],[11362,0,0],[11363,0,-3],[11364,0,0],[11365,0,-3],[11366,0,0],[11367,0,-3],[11368,0,0],[11369,0,-3],[11370,0,-1],[11371,0,0],[11372,0,0],[11373,0,0],[11374,0,0]]"
987,4,"[[11375,1,-8],[11376,1,-8]]"
988,1,"[[11377,0,0],[11378,0,0],[11379,0,0],[11380,0,0],[11381,0,0],[11382,0,0],[11383,0,0],[11384,0,0],[11385,0,0],[11386,0,0],[11387,0,0],[11388,0,0],[11389,0,0],[11390,0,0],[11391,0,0],[11392,0,0],[11393,0,0],[11394,0,0],[11395,0,0],[11396,0,0]]"
989,2,"[[11397,0,0],[11398,0,-2],[11399,0,0],[11400,0,-3],[11401,0,0],[11402,0,-3],[11403,0,0],[11404,0,-3],[11405,0,0],[11406,0,-3],[11407,0,-1],[11408,0,0],[11409,0,0],[11410,0,0],[11411,0,0]]"
990,1,"[[11412,0,-2],[11413,-2,-1],[11414,-2,-2],[11415,-3,-3],[11416,-5,0],[11417,-4,-1],[11418,-5,-2],[11419,-2,0],[11420,-3,-2],[11421,-2,-2],[11422,-2,-1],[11423,-4,-2],[11424,1,-2],[11425,4,-3],[11426,-1,-1],[11427,-1,-2],[11428,-5,1],[11429,-4,-2],[11430,-1,0],[11431,0,0]]"
991,2,"[[10635,1,2],[10636,-3,0],[10637,-1,1],[10638,-3,1],[10639,-2,1],[10640,0,1],[10641,-2,2],[10642,-1,0],[10643,-1,0],[10644,-1,0],[10645,3,4],[10646,-3,1],[10647,1,4],[10648,4,-1],[10649,-2,1]]"
992,4,"[[11432,-2,-4],[11433,-6,-8]]"
993,1,"[[11434,0,0],[11435,0,0],[11436,0,0],[11437,0,0],[11438,0,0],[11439,0,0],[11440,0,0],[11441,0,0],[11442,0,0],[11443,0,0],[11444,0,0],[11445,0,0],[11446,0,0],[11447,0,0],[11448,0,0],[11449,0,0],[11450,0,0],[11451,0,0],[11452,0,0],[11453,0,0]]"
994,3,"[[11454,-1,-7],[11455,20,-7],[11455,16,-7],[11456,20,-8],[11456,20,-8],[11455,19,-7],[11457,21,-8],[11455,27,-7],[11455,27,-7],[11458,0,0],[79,0,0],[79,0,0],[11459,-6,0],[11460,0,-3],[11461,5,1],[79,0,0],[11462,-10,-9],[11462,-10,-9],[11464,-1,-8],[11463,0,-8],[11464,-1,-8],[11463,0,-8],[11465,3,1],[11466,-7,-9]]"
995,0,"[[11467,-2,-9],[11468,0,-8],[11469,-2,-7],[11469,-1,-8],[11470,-1,-8]]"
996,1,"[[11471,-3,-12],[11472,-4,-11],[11473,-3,-12],[11474,-2,-8],[11475,-3,-8],[11476,-5,-9],[11477,-4,-10],[11478,-1,-9],[11479,-3,-8],[11480,-3,-8],[11481,-4,-7],[11482,-3,-9],[11483,-3,-10],[11484,-2,-9],[11485,-3,-10],[11486,-1,-6],[11487,-3,-9],[11488,-3,-6],[11489,-2,-11],[11490,-2,-12]]"
997,2,"[[11491,0,-4],[11492,-3,-6],[11493,-3,-5],[11494,-4,-5],[11495,-3,-5],[11496,-2,-5],[11497,-4,-5],[11498,-1,-5],[11499,-1,-5],[11500,-1,-5],[11501,0,-7],[11502,-2,-5],[11503,0,-5],[11504,0,-5],[11505,-2,-5]]"
998,4,"[[11506,2,-2],[11507,2,-3]]"
999,1,"[[11508,0,0],[11509,0,0],[11510,0,0],[11511,0,0],[11512,0,0],[11513,0,0],[11514,0,0],[11515,0,0],[11516,-1,0],[11517,-1,0],[11518,0,0],[11519,0,0],[11520,0,0],[11521,0,0],[11522,0,0],[11523,0,0],[11524,0,0],[11525,0,0],[11526,0,0],[11527,0,0]]"
1000,2,"[[11528,1,0],[11529,0,0],[11530,0,0],[11531,0,0],[11532,0,0],[11533,0,0],[11534,0,0],[11535,0,0],[11536,0,0],[11537,2,0],[11538,0,0],[11539,0,0],[11540,0,1],[11541,0,0],[11542,0,0]]"
1001,3,"[[11543,-1,16],[11544,26,18],[79,22,23],[11546,-4,3],[11546,-3,4],[11548,26,20],[11545,-3,15],[11545,-3,9],[11545,-3,9],[79,-1,-2],[79,0,0],[79,0,0],[11547,21,36],[11547,17,14],[11547,16,23],[11549,-35,-10],[11543,9,11],[11543,8,11],[79,2,6],[79,8,8],[79,0,0],[79,0,0],[79,0,0],[79,0,0]]"
1002,1,"[[11550,-5,-12],[11551,0,-13],[11552,-2,-14],[11553,-11,-15],[11554,-4,-15],[11555,-14,-12],[11556,-14,-12],[11557,-11,-12],[11558,-5,-21],[11559,-7,-21],[11560,-3,-14],[11561,-14,-12],[11562,-1,-13],[11563,0,-13],[11564,-6,-11],[11565,-7,-12],[11566,-15,-12],[11567,-17,-13],[11568,-3,-12],[11569,-4,-13]]"
1003,1,"[[11570,0,-3],[11571,0,-2],[11572,0,-3],[11573,0,-2],[11574,0,-2],[11575,0,-3],[11576,0,-4],[11577,0,-3],[11578,0,0],[11579,0,0],[11580,-2,0],[11581,-2,-4],[11582,0,-3],[11583,0,-3],[11584,0,-4],[11585,0,0],[11586,0,-3],[11587,0,0],[11588,0,-4],[11589,0,-4]]"
1004,2,"[[11590,0,0],[11591,0,0],[11592,0,0],[11593,0,0],[11594,0,0],[11595,0,0],[11596,0,0],[11597,0,0],[11598,0,0],[11599,0,0],[11600,0,0],[11601,0,0],[11602,0,0],[11603,0,0],[11604,0,0]]"
1005,4,"[[11605,3,1],[11606,4,0]]"
1006,1,"[[11607,0,0],[11608,0,0],[11609,0,0],[11610,0,0],[11611,0,0],[11612,0,0],[11613,0,0],[11614,0,0],[11615,0,0],[11616,0,0],[11617,0,0],[11618,0,0],[11619,0,0],[11620,0,0],[11621,0,0],[11622,0,0],[11623,0,0],[11624,0,0],[11625,0,0],[11626,0,0]]"
1007,2,"[[11627,1,0],[11628,0,0],[11629,0,0],[11630,0,0],[11631,0,0],[11632,0,0],[11633,0,0],[11634,0,0],[11635,1,0],[11636,2,0],[11637,0,0],[11638,0,0],[11639,0,1],[11640,-5,0],[11641,0,0]]"
1008,5,"[[11642,-1,-3],[11643,1,-4]]"
1009,4,"[[11644,5,9],[79,0,0]]"
1010,1,"[[11645,0,-1],[11646,0,-1],[11647,0,-1],[11648,0,0],[11649,0,-1],[11650,0,-1],[11651,0,-2],[11652,0,-1],[11653,-1,0],[11654,-1,0],[11655,-2,0],[11656,-2,-1],[11657,0,-2],[11658,0,-2],[11659,0,-2],[11660,0,0],[11661,0,-1],[11662,0,0],[11663,0,-2],[11664,0,-2]]"
1011,2,"[[11665,0,0],[11666,0,0],[11667,0,0],[11668,0,0],[11669,0,0],[11670,0,0],[11671,0,0],[11672,0,0],[11673,0,0],[11674,2,0],[11675,0,0],[11676,0,0],[11677,0,1],[11678,0,0],[11679,0,0]]"
1012,5,"[[11680,-5,-2],[11681,-4,-2]]"
1013,4,"[[11682,5,9],[79,0,0]]"
1014,1,"[[11683,0,-1],[11684,0,-1],[11685,0,-1],[11686,0,0],[11687,0,-1],[11688,0,-1],[11689,0,-2],[11690,0,-1],[11691,-1,0],[11692,-1,0],[11693,-2,0],[11694,-1,-1],[11695,0,-2],[11696,0,-2],[11697,0,-2],[11698,0,0],[11699,0,-1],[11700,0,0],[11701,0,-2],[11702,0,-2]]"
1015,2,"[[11703,0,0],[11704,0,0],[11705,0,0],[11706,0,0],[11707,0,0],[11708,0,0],[11709,0,0],[11710,0,0],[11711,1,0],[11712,2,0],[11713,0,0],[11714,0,0],[11715,0,1],[11716,0,0],[11717,0,0]]"
1016,5,"[[11718,3,0],[11719,2,0]]"
1017,1,"[[11720,0,-1],[11721,0,-1],[11722,0,-1],[11723,0,0],[11724,0,-1],[11725,0,-1],[11726,0,-2],[11727,0,-1],[11728,-1,0],[11729,-1,0],[11730,-2,0],[11731,-1,-1],[11732,0,-2],[11733,0,-2],[11734,0,-2],[11735,0,0],[11736,0,-1],[11737,0,0],[11738,0,-2],[11739,0,-2]]"
1018,2,"[[11740,0,0],[11741,0,0],[11742,0,0],[11743,0,0],[11744,0,0],[11745,0,0],[11746,0,0],[11747,0,0],[11748,1,0],[11749,2,0],[11750,0,0],[11751,0,0],[11752,0,0],[11753,0,0],[11754,0,0]]"
1019,5,"[[11755,-1,-6],[11756,-1,-5]]"
1020,4,"[[11757,5,12],[79,0,0]]"
1021,1,"[[11758,0,-1],[11759,0,-1],[11760,0,-1],[11761,0,0],[11762,0,-1],[11763,0,-1],[11764,0,-2],[11765,0,-1],[11766,-1,0],[11767,-1,0],[11768,-2,0],[11769,-1,-1],[11770,0,-2],[11771,0,-2],[11772,0,-2],[11773,0,0],[11774,0,-1],[11775,0,0],[11776,0,-2],[11777,0,-2]]"
1022,2,"[[11778,0,0],[11779,0,0],[11780,0,0],[11781,0,0],[11782,0,0],[11783,0,0],[11784,0,0],[11785,0,0],[11786,1,0],[11787,2,0],[11788,0,0],[11789,0,0],[11790,0,1],[11791,0,0],[11792,0,0]]"
1023,5,"[[11793,-2,-7],[11794,1,-6]]"
1024,1,"[[11795,0,-1],[11796,0,-1],[11797,0,0],[11798,0,0],[11799,0,0],[11800,0,-1],[11801,0,-2],[11802,0,-1],[11803,0,0],[11804,0,0],[11805,-1,0],[11806,-2,-1],[11807,0,-2],[11808,0,-2],[11809,0,-2],[11810,0,0],[11811,0,-1],[11812,0,0],[11813,0,-2],[11814,0,-2]]"
1025,2,"[[11815,0,0],[11816,0,0],[11817,-1,0],[11818,-1,0],[11819,0,0],[11820,-1,0],[11821,-1,0],[11822,0,0],[11823,1,0],[11824,2,0],[11825,0,-1],[11826,0,0],[11827,0,0],[11828,0,0],[11829,-1,0]]"
1026,5,"[[11830,0,-1],[11831,0,-1]]"
1027,1,"[[11832,0,-1],[11833,0,0],[11834,0,0],[11835,0,0],[11836,0,-2],[11837,0,-1],[11838,0,-1],[11839,0,0],[11840,-2,0],[11841,-2,0],[11842,-3,0],[11843,0,0],[11844,0,-2],[11845,0,-2],[11846,0,-2],[11847,0,0],[11848,0,-1],[11849,0,0],[11850,0,-2],[11851,0,-2]]"
1028,2,"[[11852,0,0],[11853,0,0],[11854,0,0],[11855,0,0],[11856,0,0],[11857,0,0],[11858,0,0],[11859,0,0],[11860,1,0],[11861,2,0],[11862,0,0],[11863,0,0],[11864,0,1],[11865,0,0],[11866,0,0]]"
1029,4,"[[11867,-3,-3],[11868,-2,-2]]"
1030,1,"[[11869,-8,-29],[11870,0,-24],[11871,0,-25],[11872,-3,-23],[11873,0,-24],[11874,-1,-28],[11875,0,-25],[11876,0,-26],[11877,0,-10],[11878,0,-8],[11879,-2,-21],[11880,0,-25],[11881,-8,-29],[11882,-7,-29],[11883,0,-25],[11884,0,-20],[11885,0,-28],[11886,0,-24],[11887,0,-25],[11888,0,-25]]"
1031,2,"[[11889,1,0],[11890,0,0],[11891,0,0],[11892,0,0],[11893,1,0],[11894,0,0],[11895,0,0],[11896,1,0],[11897,1,0],[11898,2,0],[11899,2,0],[11900,0,0],[11901,0,0],[11902,0,0],[11903,-1,0]]"
1032,1,"[[11904,-8,-29],[11905,0,-24],[11906,0,-25],[11907,-3,-23],[11908,0,-24],[11909,-1,-28],[11910,0,-25],[11911,0,-26],[11912,0,-10],[11913,0,-8],[11914,-2,-21],[11915,0,-25],[11916,-8,-29],[11917,-7,-29],[11918,0,-25],[11919,0,-20],[11920,0,-28],[11921,0,-24],[11922,0,-25],[11923,0,-25]]"
1033,4,"[[11924,-3,-3],[11925,-2,-2]]"
1034,1,"[[11926,-8,-29],[11927,0,-24],[11928,0,-25],[11929,-3,-23],[11930,0,-24],[11931,-1,-28],[11932,0,-25],[11933,0,-26],[11934,0,-10],[11935,0,-8],[11936,-2,-21],[11937,0,-25],[11938,-8,-29],[11939,-7,-29],[11940,0,-25],[11941,0,-20],[11942,0,-28],[11943,0,-24],[11944,0,-25],[11945,0,-25]]"
1035,1,"[[11946,-8,-29],[11947,0,-24],[11948,0,-25],[11949,-3,-23],[11950,0,-24],[11951,-1,-28],[11952,0,-25],[11953,0,-26],[11954,0,-10],[11955,0,-8],[11956,-2,-21],[11957,0,-25],[11958,-8,-29],[11959,-7,-29],[11960,0,-25],[11961,0,-20],[11962,0,-28],[11963,0,-24],[11964,0,-25],[11965,0,-25]]"
1036,5,"[[11966,3,1],[11967,2,1]]"
1037,0,"[[11968,0,0],[11969,0,0],[11970,0,0],[11971,0,0],[11972,0,0]]"
1038,1,"[[11973,-10,-14],[11974,-2,-17],[11975,-3,-14],[11976,-1,-17],[11977,-2,-14],[11978,-3,-16],[11979,0,-18],[11980,0,-15],[11981,-13,0],[11982,-13,0],[11983,-11,-13],[11984,0,-16],[11985,-8,-17],[11986,-7,-16],[11987,-1,-15],[11988,-3,-10],[11989,0,-16],[11990,0,-12],[11991,-4,-15],[11992,-3,-15]]"
1039,2,"[[11993,0,0],[11994,0,0],[11995,-1,0],[11996,-4,0],[11997,0,0],[11998,-2,0],[11999,-3,-2],[12000,0,0],[12001,0,0],[12002,0,0],[12003,0,0],[12004,0,0],[12005,0,0],[12006,0,0],[12007,-5,0]]"
1040,1,"[[12008,0,0],[12009,0,0],[12010,0,0],[12011,0,0],[12012,0,0],[12013,0,0],[12014,0,0],[12015,0,0],[12016,0,0],[12017,0,0],[12018,0,0],[12019,0,0],[12020,0,0],[12021,0,0],[12022,0,0],[12023,0,0],[12024,0,0],[12025,0,0],[12026,0,0],[12027,0,0]]"
1041,2,"[[12028,0,-1],[12029,0,-1],[12030,0,-1],[12031,0,-1],[12032,0,-1],[12033,0,-1],[12034,0,-1],[12035,0,-1],[12036,0,-1],[12037,0,-1],[12038,0,0],[12039,0,0],[12040,0,1],[12041,0,0],[12042,-1,-1]]"
1042,0,"[[12043,-6,-17],[12044,-6,-17],[12045,-6,-17],[12046,-6,-17],[12047,-6,-18]]"
1043,1,"[[12048,0,-1],[12049,0,-1],[12050,0,-2],[12051,0,0],[12052,0,-2],[12053,0,-2],[12054,0,-3],[12055,0,-3],[12056,-1,0],[12057,-1,0],[12058,0,0],[12059,0,-3],[12060,0,0],[12061,0,0],[12062,0,-2],[12063,0,0],[12064,0,-2],[12065,0,0],[12066,0,-2],[12067,0,-2]]"
1044,2,"[[12068,1,0],[12069,0,0],[12070,0,0],[12071,0,0],[12072,0,0],[12073,0,0],[12074,-2,0],[12075,0,0],[12076,0,0],[12077,1,0],[12078,2,0],[12079,0,0],[12080,0,1],[12081,0,1],[12082,0,0]]"
1045,3,"[[12083,13,13],[12083,6,14],[12083,6,14],[12083,18,8],[12083,19,6],[12083,1,12],[12084,29,15],[12084,29,9],[12084,29,9],[12083,10,2],[12085,2,-1],[12083,-28,-17],[12083,10,7],[12083,4,8],[12087,4,17],[12083,-24,-15],[12083,16,8],[12083,16,8],[12083,10,10],[12083,3,13],[12084,35,10],[12084,29,15],[12083,15,3],[12083,11,9]]"
1046,0,"[[12088,-3,-3],[12089,-3,-3],[12090,-3,-3],[12091,-3,-3],[12092,-3,-3]]"
1047,1,"[[12093,-2,0],[12094,0,1],[12095,0,0],[12096,0,0],[12097,0,0],[12098,0,0],[12099,0,0],[12100,0,0],[12101,-1,0],[12102,-1,0],[12103,0,0],[12104,0,0],[12105,0,0],[12106,0,0],[12107,0,0],[12108,0,0],[12109,0,0],[12110,0,0],[12111,0,0],[12112,0,0]]"
1048,2,"[[12113,1,0],[12114,0,0],[12115,0,0],[12116,0,0],[12117,0,0],[12118,1,0],[12119,0,0],[12120,0,0],[12121,0,0],[12122,1,0],[12123,0,0],[12124,0,0],[12125,0,1],[12126,0,1],[12127,0,0]]"
1049,0,"[[12128,-2,-4],[12129,-2,-4],[12130,-2,-4],[12131,-2,-4],[12132,-2,-4]]"
1050,1,"[[12133,0,-4],[12134,0,-2],[12135,0,-2],[12136,0,-1],[12137,0,-3],[12138,0,-2],[12139,0,-3],[12140,0,-2],[12141,0,0],[12142,0,0],[12143,-2,0],[12144,0,-3],[12145,0,-3],[12146,0,-3],[12147,0,-3],[12148,0,0],[12149,0,-4],[12150,0,0],[12151,0,-3],[12152,0,-3]]"
1051,2,"[[12153,1,-1],[12154,0,-1],[12155,-1,-1],[12156,0,-1],[12157,0,-1],[12158,0,-1],[12159,0,-1],[12160,1,-1],[12161,1,-1],[12162,2,-1],[12163,1,-1],[12164,0,0],[12165,0,1],[12166,0,0],[12167,0,-1]]"
1052,2,"[[12168,0,-5],[12169,0,-5],[12170,-2,-5],[12171,-4,-5],[12172,0,-5],[12173,-2,-5],[12174,-5,-5],[12175,-2,-5],[12176,-2,-5],[12177,4,-5],[12178,0,-7],[12179,-2,-5],[12180,0,-5],[12181,0,-5],[12182,-4,-5]]"
1053,1,"[[12185,-3,-11],[12186,-4,-11],[12187,-3,-12],[12188,-2,-8],[12189,-3,-8],[12190,-5,-9],[12191,-4,-11],[12192,-1,-10],[12193,-3,-8],[12194,-3,-8],[12195,-5,-7],[12196,-3,-9],[12197,-3,-10],[12198,-2,-9],[12199,-3,-9],[12200,-1,-5],[12201,-3,-9],[12202,-3,-6],[12203,-2,-10],[12204,-2,-10]]"
1054,4,"[[12183,-1,-8],[12184,-1,-8]]"
1055,0,"[[5431,-2,-7],[5432,-2,-7],[5433,-2,-7],[5434,-2,-7],[5435,-2,-7]]"
