id,id_index,id_2,icon,typeSkill,typeBuff,name,typeEffSkill,range,rangeLan,nTarget,damage,manaLost,timeDelay,nKick,info,Lv_RQ,percentLv,typeDevil,option,EffSpec,LvDevilSkill,phanTramDevilSkill
1,0,0,0,1,0,Quả đấm tốc độ,21,50,50,1,25,0,1000,1,Kỹ năng tấn công cơ bản của các võ sĩ.,1,0,0,[],"[0,-1,-1]",0,0
2,1,0,0,1,0,Quả đấm tốc độ,21,50,50,1,28,0,1000,1,Kỹ năng tấn công cơ bản của các võ sĩ.,2,0,0,[],"[0,-1,-1]",0,0
3,2,0,0,1,0,Quả đấm tốc độ,21,50,50,1,31,0,1000,1,Kỹ năng tấn công cơ bản của các võ sĩ.,3,0,0,[],"[0,-1,-1]",0,0
4,3,0,0,1,0,Quả đấm tốc độ,21,50,50,1,36,0,1000,1,Kỹ năng tấn công cơ bản của các võ sĩ.,4,0,0,[],"[0,-1,-1]",0,0
5,4,0,0,1,0,Quả đấm tốc độ,33,50,50,1,42,0,1000,2,Kỹ năng tấn công cơ bản của các võ sĩ.,5,0,0,[],"[0,-1,-1]",0,0
6,5,0,0,1,0,Quả đấm tốc độ,33,50,50,1,49,0,1000,2,Kỹ năng tấn công cơ bản của các võ sĩ.,6,0,0,[],"[0,-1,-1]",0,0
7,6,0,0,1,0,Quả đấm tốc độ,33,50,50,1,58,0,1000,2,Kỹ năng tấn công cơ bản của các võ sĩ.,7,0,0,[],"[0,-1,-1]",0,0
8,7,0,0,1,0,Quả đấm tốc độ,33,50,50,1,68,0,1000,2,Kỹ năng tấn công cơ bản của các võ sĩ.,8,0,0,[],"[0,-1,-1]",0,0
9,8,0,0,1,0,Quả đấm tốc độ,33,50,50,1,80,0,1000,2,Kỹ năng tấn công cơ bản của các võ sĩ.,9,0,0,[],"[0,-1,-1]",0,0
10,9,0,0,1,0,Quả đấm tốc độ,83,50,50,1,93,0,1000,3,Kỹ năng tấn công cơ bản của các võ sĩ.,10,0,0,"[[28,5],[29,50],[30,20]]","[5,50,20]",0,0
11,10,0,0,1,0,Quả đấm tốc độ,83,50,50,1,107,0,1000,3,Kỹ năng tấn công cơ bản của các võ sĩ.,11,0,0,"[[28,5],[29,50],[30,22]]","[5,50,22]",0,0
12,11,0,0,1,0,Quả đấm tốc độ,83,50,50,1,122,0,1000,3,Kỹ năng tấn công cơ bản của các võ sĩ.,12,0,0,"[[28,5],[29,60],[30,24]]","[5,60,24]",0,0
13,12,0,0,1,0,Quả đấm tốc độ,83,50,50,1,139,0,1000,3,Kỹ năng tấn công cơ bản của các võ sĩ.,13,0,0,"[[28,5],[29,60],[30,26]]","[5,60,26]",0,0
14,13,0,0,1,0,Quả đấm tốc độ,83,50,50,1,157,0,1000,3,Kỹ năng tấn công cơ bản của các võ sĩ.,14,0,0,"[[28,5],[29,70],[30,28]]","[5,70,28]",0,0
15,14,0,0,1,0,Quả đấm tốc độ,180,50,50,1,177,0,1000,4,Kỹ năng tấn công cơ bản của các võ sĩ.,15,0,0,"[[28,5],[29,70],[30,30]]","[5,70,30]",0,0
16,15,0,0,1,0,Quả đấm tốc độ,180,50,50,1,198,0,1000,4,Kỹ năng tấn công cơ bản của các võ sĩ.,16,0,0,"[[28,5],[29,80],[30,32]]","[5,80,32]",0,0
17,16,0,0,1,0,Quả đấm tốc độ,180,50,50,1,220,0,1000,4,Kỹ năng tấn công cơ bản của các võ sĩ.,17,0,0,"[[28,5],[29,80],[30,34]]","[5,80,34]",0,0
18,17,0,0,1,0,Quả đấm tốc độ,180,50,50,1,244,0,1000,4,Kỹ năng tấn công cơ bản của các võ sĩ.,18,0,0,"[[28,5],[29,90],[30,36]]","[5,90,36]",0,0
19,18,0,0,1,0,Quả đấm tốc độ,180,50,50,1,269,0,1000,4,Kỹ năng tấn công cơ bản của các võ sĩ.,19,0,0,"[[28,5],[29,90],[30,38]]","[5,90,38]",0,0
20,19,0,0,1,0,Quả đấm tốc độ,212,50,50,1,295,0,1000,5,Kỹ năng tấn công cơ bản của các võ sĩ.,20,0,0,"[[28,5],[29,100],[30,40]]","[5,100,40]",0,0
21,20,1,1,1,0,Bazooka,34,120,120,1,80,2,4000,1,Tung một cú đấm nhanh như viên đạn súng lục.,1,0,0,"[[28,5],[29,60],[30,20]]","[5,60,20]",0,0
22,21,1,1,1,0,Bazooka,34,120,120,1,89,2,3900,1,Tung một cú đấm nhanh như viên đạn súng lục.,2,0,0,"[[28,5],[29,70],[30,21]]","[5,70,21]",0,0
23,22,1,1,1,0,Bazooka,34,120,120,1,99,2,3800,1,Tung một cú đấm nhanh như viên đạn súng lục.,3,0,0,"[[28,5],[29,80],[30,22]]","[5,80,22]",0,0
24,23,1,1,1,0,Bazooka,34,120,120,1,115,2,3700,1,Tung một cú đấm nhanh như viên đạn súng lục.,4,0,0,"[[28,5],[29,90],[30,23]]","[5,90,23]",0,0
25,24,1,1,1,0,Bazooka,35,120,120,1,134,3,3600,1,Tung một cú đấm nhanh như viên đạn súng lục.,5,0,0,"[[10,50],[11,50],[28,5],[29,100],[30,24]]","[5,100,24]",0,0
26,25,1,1,1,0,Bazooka,35,120,120,1,158,3,3500,1,Tung một cú đấm nhanh như viên đạn súng lục.,6,0,0,"[[10,50],[11,60],[28,5],[29,110],[30,25]]","[5,110,25]",0,0
27,26,1,1,1,0,Bazooka,35,120,120,1,186,3,3400,1,Tung một cú đấm nhanh như viên đạn súng lục.,7,0,0,"[[10,50],[11,70],[28,5],[29,120],[30,26]]","[5,120,26]",0,0
28,27,1,1,1,0,Bazooka,35,120,120,1,218,3,3300,1,Tung một cú đấm nhanh như viên đạn súng lục.,8,0,0,"[[10,50],[11,80],[28,5],[29,130],[30,27]]","[5,130,27]",0,0
29,28,1,1,1,0,Bazooka,35,120,120,1,255,3,3200,1,Tung một cú đấm nhanh như viên đạn súng lục.,9,0,0,"[[10,50],[11,90],[28,5],[29,140],[30,28]]","[5,140,28]",0,0
30,29,1,1,1,0,Bazooka,84,120,120,1,296,5,3100,1,Tung một cú đấm nhanh như viên đạn súng lục.,10,0,0,"[[10,60],[11,100],[28,5],[29,150],[30,29]]","[5,150,29]",0,0
31,30,1,1,1,0,Bazooka,84,120,120,1,342,5,3000,1,Tung một cú đấm nhanh như viên đạn súng lục.,11,0,0,"[[10,60],[11,110],[28,5],[29,160],[30,30]]","[5,160,30]",0,0
32,31,1,1,1,0,Bazooka,84,120,120,1,391,5,2900,1,Tung một cú đấm nhanh như viên đạn súng lục.,12,0,0,"[[10,60],[11,120],[28,5],[29,170],[30,31]]","[5,170,31]",0,0
33,32,1,1,1,0,Bazooka,84,120,120,1,445,5,2800,1,Tung một cú đấm nhanh như viên đạn súng lục.,13,0,0,"[[10,60],[11,130],[28,5],[29,180],[30,32]]","[5,180,32]",0,0
34,33,1,1,1,0,Bazooka,84,120,120,1,504,5,2700,1,Tung một cú đấm nhanh như viên đạn súng lục.,14,0,0,"[[10,60],[11,140],[28,5],[29,190],[30,33]]","[5,190,33]",0,0
35,34,1,1,1,0,Bazooka,181,120,120,1,566,8,2600,1,Tung một cú đấm nhanh như viên đạn súng lục.,15,0,0,"[[10,70],[11,150],[28,5],[29,200],[30,34]]","[5,200,34]",0,0
36,35,1,1,1,0,Bazooka,181,120,120,1,634,8,2500,1,Tung một cú đấm nhanh như viên đạn súng lục.,16,0,0,"[[10,70],[11,160],[28,5],[29,210],[30,35]]","[5,210,35]",0,0
37,36,1,1,1,0,Bazooka,181,120,120,1,705,8,2400,1,Tung một cú đấm nhanh như viên đạn súng lục.,17,0,0,"[[10,70],[11,170],[28,5],[29,220],[30,36]]","[5,220,36]",0,0
38,37,1,1,1,0,Bazooka,181,120,120,1,781,8,2300,1,Tung một cú đấm nhanh như viên đạn súng lục.,18,0,0,"[[10,70],[11,180],[28,5],[29,230],[30,37]]","[5,230,37]",0,0
39,38,1,1,1,0,Bazooka,181,120,120,1,861,8,2200,1,Tung một cú đấm nhanh như viên đạn súng lục.,19,0,0,"[[10,70],[11,190],[28,5],[29,240],[30,38]]","[5,240,38]",0,0
40,39,1,1,1,0,Bazooka,213,120,120,1,945,8,2100,1,Tung một cú đấm nhanh như viên đạn súng lục.,20,0,0,"[[10,80],[11,200],[28,5],[29,250],[30,39]]","[5,250,39]",0,0
41,40,2,2,1,0,Liên hoàng cú đấm,1,80,80,3,50,5,9000,1,Tấn công liên tiếp vào đối thủ bằng những cú đấm như trời giáng.,1,0,0,[],"[0,-1,-1]",0,0
42,40,2,2,1,0,Liên hoàng cú đấm,1,80,80,3,50,5,9000,1,Tấn công liên tiếp vào đối thủ bằng những cú đấm như trời giáng.,-1,0,0,[],"[0,-1,-1]",0,0
44,41,2,2,1,0,Liên hoàng cú đấm,1,80,80,3,55,5,8800,1,Tấn công liên tiếp vào đối thủ bằng những cú đấm như trời giáng.,2,0,0,[],"[0,-1,-1]",0,0
45,42,2,2,1,0,Liên hoàng cú đấm,1,80,80,3,62,6,8600,1,Tấn công liên tiếp vào đối thủ bằng những cú đấm như trời giáng.,3,0,0,[],"[0,-1,-1]",0,0
46,43,2,2,1,0,Liên hoàng cú đấm,1,80,80,3,72,6,8400,1,Tấn công liên tiếp vào đối thủ bằng những cú đấm như trời giáng.,4,0,0,[],"[0,-1,-1]",0,0
47,44,2,2,1,0,Liên hoàng cú đấm,37,80,80,3,84,7,8200,2,Tấn công liên tiếp vào đối thủ bằng những cú đấm như trời giáng.,5,0,0,[],"[0,-1,-1]",0,0
48,45,2,2,1,0,Liên hoàng cú đấm,37,80,80,3,99,7,8000,2,Tấn công liên tiếp vào đối thủ bằng những cú đấm như trời giáng.,6,0,0,[],"[0,-1,-1]",0,0
49,46,2,2,1,0,Liên hoàng cú đấm,37,80,80,3,116,8,7800,2,Tấn công liên tiếp vào đối thủ bằng những cú đấm như trời giáng.,7,0,0,[],"[0,-1,-1]",0,0
50,47,2,2,1,0,Liên hoàng cú đấm,37,80,80,3,136,8,7600,2,Tấn công liên tiếp vào đối thủ bằng những cú đấm như trời giáng.,8,0,0,[],"[0,-1,-1]",0,0
51,48,2,2,1,0,Liên hoàng cú đấm,37,80,80,3,159,9,7400,2,Tấn công liên tiếp vào đối thủ bằng những cú đấm như trời giáng.,9,0,0,[],"[0,-1,-1]",0,0
52,49,2,2,1,0,Liên hoàng cú đấm,85,80,80,4,185,9,7200,3,Tấn công liên tiếp vào đối thủ bằng những cú đấm như trời giáng.,10,0,0,"[[28,5],[29,50],[30,10]]","[5,50,10]",0,0
53,50,2,2,1,0,Liên hoàng cú đấm,85,80,80,4,214,10,7000,3,Tấn công liên tiếp vào đối thủ bằng những cú đấm như trời giáng.,11,0,0,"[[28,5],[29,50],[30,12]]","[5,50,12]",0,0
54,51,2,2,1,0,Liên hoàng cú đấm,85,80,80,4,245,10,6800,3,Tấn công liên tiếp vào đối thủ bằng những cú đấm như trời giáng.,12,0,0,"[[28,5],[29,60],[30,14]]","[5,60,14]",0,0
55,52,2,2,1,0,Liên hoàng cú đấm,85,80,80,4,278,11,6600,3,Tấn công liên tiếp vào đối thủ bằng những cú đấm như trời giáng.,13,0,0,"[[28,5],[29,60],[30,16]]","[5,60,16]",0,0
56,53,2,2,1,0,Liên hoàng cú đấm,85,80,80,4,315,11,6400,3,Tấn công liên tiếp vào đối thủ bằng những cú đấm như trời giáng.,14,0,0,"[[28,5],[29,70],[30,18]]","[5,70,18]",0,0
57,54,2,2,1,0,Liên hoàng cú đấm,182,80,80,4,354,12,6200,4,Tấn công liên tiếp vào đối thủ bằng những cú đấm như trời giáng.,15,0,0,"[[28,5],[29,70],[30,20]]","[5,70,20]",0,0
58,55,2,2,1,0,Liên hoàng cú đấm,182,80,80,4,396,12,6000,4,Tấn công liên tiếp vào đối thủ bằng những cú đấm như trời giáng.,16,0,0,"[[28,5],[29,80],[30,22]]","[5,80,22]",0,0
59,56,2,2,1,0,Liên hoàng cú đấm,182,80,80,4,441,13,5800,4,Tấn công liên tiếp vào đối thủ bằng những cú đấm như trời giáng.,17,0,0,"[[28,5],[29,80],[30,24]]","[5,80,24]",0,0
60,57,2,2,1,0,Liên hoàng cú đấm,182,80,80,4,488,13,5600,4,Tấn công liên tiếp vào đối thủ bằng những cú đấm như trời giáng.,18,0,0,"[[28,5],[29,90],[30,26]]","[5,90,26]",0,0
61,58,2,2,1,0,Liên hoàng cú đấm,182,80,80,4,538,14,5400,4,Tấn công liên tiếp vào đối thủ bằng những cú đấm như trời giáng.,19,0,0,"[[28,5],[29,90],[30,28]]","[5,90,28]",0,0
62,59,2,2,1,0,Liên hoàng cú đấm,214,80,80,4,591,14,5200,4,Tấn công liên tiếp vào đối thủ bằng những cú đấm như trời giáng.,20,0,0,"[[28,5],[29,100],[30,30]]","[5,100,30]",0,0
63,60,0,3,1,0,Nhất kiếm,38,50,50,1,25,0,1000,1,Nhát chém tạo ra bằng một thanh kiếm sắc bén.,1,0,0,[],"[0,-1,-1]",0,0
64,61,0,3,1,0,Nhất kiếm,38,50,50,1,28,0,1000,1,Nhát chém tạo ra bằng một thanh kiếm sắc bén.,2,0,0,[],"[0,-1,-1]",0,0
65,62,0,3,1,0,Nhất kiếm,38,50,50,1,31,0,1000,1,Nhát chém tạo ra bằng một thanh kiếm sắc bén.,3,0,0,[],"[0,-1,-1]",0,0
66,63,0,3,1,0,Nhất kiếm,38,50,50,1,36,0,1000,1,Nhát chém tạo ra bằng một thanh kiếm sắc bén.,4,0,0,[],"[0,-1,-1]",0,0
67,64,0,3,1,0,Nhất kiếm,15,50,50,1,42,0,1000,2,Nhát chém tạo ra bằng một thanh kiếm sắc bén.,5,0,0,"[[11,100]]","[0,-1,-1]",0,0
68,65,0,3,1,0,Nhất kiếm,15,50,50,1,49,0,1000,2,Nhát chém tạo ra bằng một thanh kiếm sắc bén.,6,0,0,"[[11,110]]","[0,-1,-1]",0,0
69,66,0,3,1,0,Nhất kiếm,15,50,50,1,58,0,1000,2,Nhát chém tạo ra bằng một thanh kiếm sắc bén.,7,0,0,"[[11,120]]","[0,-1,-1]",0,0
70,67,0,3,1,0,Nhất kiếm,15,50,50,1,68,0,1000,2,Nhát chém tạo ra bằng một thanh kiếm sắc bén.,8,0,0,"[[11,130]]","[0,-1,-1]",0,0
71,68,0,3,1,0,Nhất kiếm,15,50,50,1,80,0,1000,2,Nhát chém tạo ra bằng một thanh kiếm sắc bén.,9,0,0,"[[11,140]]","[0,-1,-1]",0,0
72,69,0,3,1,0,Nhất kiếm,86,50,50,1,93,0,1000,3,Nhát chém tạo ra bằng một thanh kiếm sắc bén.,10,0,0,"[[11,150],[28,2],[29,50],[30,20]]","[2,50,20]",0,0
73,70,0,3,1,0,Nhất kiếm,86,50,50,1,107,0,1000,3,Nhát chém tạo ra bằng một thanh kiếm sắc bén.,11,0,0,"[[11,160],[28,2],[29,50],[30,22]]","[2,50,22]",0,0
74,71,0,3,1,0,Nhất kiếm,86,50,50,1,122,0,1000,3,Nhát chém tạo ra bằng một thanh kiếm sắc bén.,12,0,0,"[[11,170],[28,2],[29,60],[30,24]]","[2,60,24]",0,0
75,72,0,3,1,0,Nhất kiếm,86,50,50,1,139,0,1000,3,Nhát chém tạo ra bằng một thanh kiếm sắc bén.,13,0,0,"[[11,180],[28,2],[29,60],[30,26]]","[2,60,26]",0,0
76,73,0,3,1,0,Nhất kiếm,86,50,50,1,157,0,1000,3,Nhát chém tạo ra bằng một thanh kiếm sắc bén.,14,0,0,"[[11,190],[28,2],[29,70],[30,28]]","[2,70,28]",0,0
77,74,0,3,1,0,Nhất kiếm,183,50,50,1,177,0,1000,4,Nhát chém tạo ra bằng một thanh kiếm sắc bén.,15,0,0,"[[11,200],[28,2],[29,70],[30,30]]","[2,70,30]",0,0
78,75,0,3,1,0,Nhất kiếm,183,50,50,1,198,0,1000,4,Nhát chém tạo ra bằng một thanh kiếm sắc bén.,16,0,0,"[[11,210],[28,2],[29,80],[30,32]]","[2,80,32]",0,0
79,76,0,3,1,0,Nhất kiếm,183,50,50,1,220,0,1000,4,Nhát chém tạo ra bằng một thanh kiếm sắc bén.,17,0,0,"[[11,220],[28,2],[29,80],[30,34]]","[2,80,34]",0,0
80,77,0,3,1,0,Nhất kiếm,183,50,50,1,244,0,1000,4,Nhát chém tạo ra bằng một thanh kiếm sắc bén.,18,0,0,"[[11,230],[28,2],[29,90],[30,36]]","[2,90,36]",0,0
81,78,0,3,1,0,Nhất kiếm,183,50,50,1,269,0,1000,4,Nhát chém tạo ra bằng một thanh kiếm sắc bén.,19,0,0,"[[11,240],[28,2],[29,90],[30,38]]","[2,90,38]",0,0
82,79,0,3,1,0,Nhất kiếm,215,50,50,1,295,0,1000,5,Nhát chém tạo ra bằng một thanh kiếm sắc bén.,20,0,0,"[[11,250],[28,2],[29,100],[30,40]]","[2,100,40]",0,0
83,80,1,4,1,0,Nhị trảm,41,120,120,1,80,2,4000,1,Tung ra 2 đường kiếm song song tấn công đối thủ từ khoản cách xa.,1,0,0,"[[28,2],[29,60],[30,40]]","[2,60,40]",0,0
84,80,1,4,1,0,Nhị trảm,41,120,120,1,80,2,4000,1,Tung ra 2 đường kiếm song song tấn công đối thủ từ khoản cách xa.,-1,0,0,"[[28,2],[29,60],[30,40]]","[2,60,40]",0,0
86,81,1,4,1,0,Nhị trảm,41,120,120,1,89,2,3900,1,Tung ra 2 đường kiếm song song tấn công đối thủ từ khoản cách xa.,2,0,0,"[[28,2],[29,70],[30,41]]","[2,70,41]",0,0
87,82,1,4,1,0,Nhị trảm,41,120,120,1,99,2,3800,1,Tung ra 2 đường kiếm song song tấn công đối thủ từ khoản cách xa.,3,0,0,"[[28,2],[29,80],[30,42]]","[2,80,42]",0,0
88,83,1,4,1,0,Nhị trảm,41,120,120,1,115,2,3700,1,Tung ra 2 đường kiếm song song tấn công đối thủ từ khoản cách xa.,4,0,0,"[[28,2],[29,90],[30,43]]","[2,90,43]",0,0
89,84,1,4,1,0,Nhị trảm,29,120,120,1,134,3,3600,1,Tung ra 2 đường kiếm song song tấn công đối thủ từ khoản cách xa.,5,0,0,"[[13,50],[28,2],[29,100],[30,44]]","[2,100,44]",0,0
90,85,1,4,1,0,Nhị trảm,29,120,120,1,158,3,3500,1,Tung ra 2 đường kiếm song song tấn công đối thủ từ khoản cách xa.,6,0,0,"[[13,50],[28,2],[29,110],[30,45]]","[2,110,45]",0,0
91,86,1,4,1,0,Nhị trảm,29,120,120,1,186,3,3400,1,Tung ra 2 đường kiếm song song tấn công đối thủ từ khoản cách xa.,7,0,0,"[[13,50],[28,2],[29,120],[30,46]]","[2,120,46]",0,0
92,87,1,4,1,0,Nhị trảm,29,120,120,1,218,3,3300,1,Tung ra 2 đường kiếm song song tấn công đối thủ từ khoản cách xa.,8,0,0,"[[13,50],[28,2],[29,130],[30,47]]","[2,130,47]",0,0
93,88,1,4,1,0,Nhị trảm,29,120,120,1,255,3,3200,1,Tung ra 2 đường kiếm song song tấn công đối thủ từ khoản cách xa.,9,0,0,"[[13,50],[28,2],[29,140],[30,48]]","[2,140,48]",0,0
94,89,1,4,1,0,Nhị trảm,87,120,120,1,296,5,3100,1,Tung ra 2 đường kiếm song song tấn công đối thủ từ khoản cách xa.,10,0,0,"[[13,60],[28,2],[29,150],[30,49]]","[2,150,49]",0,0
95,90,1,4,1,0,Nhị trảm,87,120,120,1,342,5,3000,1,Tung ra 2 đường kiếm song song tấn công đối thủ từ khoản cách xa.,11,0,0,"[[13,60],[28,2],[29,160],[30,50]]","[2,160,50]",0,0
96,91,1,4,1,0,Nhị trảm,87,120,120,1,391,5,2900,1,Tung ra 2 đường kiếm song song tấn công đối thủ từ khoản cách xa.,12,0,0,"[[13,60],[28,2],[29,170],[30,51]]","[2,170,51]",0,0
97,92,1,4,1,0,Nhị trảm,87,120,120,1,445,5,2800,1,Tung ra 2 đường kiếm song song tấn công đối thủ từ khoản cách xa.,13,0,0,"[[13,60],[28,2],[29,180],[30,52]]","[2,180,52]",0,0
98,93,1,4,1,0,Nhị trảm,87,120,120,1,504,5,2700,1,Tung ra 2 đường kiếm song song tấn công đối thủ từ khoản cách xa.,14,0,0,"[[13,60],[28,2],[29,190],[30,53]]","[2,190,53]",0,0
99,94,1,4,1,0,Nhị trảm,184,120,120,1,566,8,2600,1,Tung ra 2 đường kiếm song song tấn công đối thủ từ khoản cách xa.,15,0,0,"[[13,70],[28,2],[29,200],[30,54]]","[2,200,54]",0,0
100,95,1,4,1,0,Nhị trảm,184,120,120,1,634,8,2500,1,Tung ra 2 đường kiếm song song tấn công đối thủ từ khoản cách xa.,16,0,0,"[[13,70],[28,2],[29,210],[30,55]]","[2,210,55]",0,0
101,96,1,4,1,0,Nhị trảm,184,120,120,1,705,8,2400,1,Tung ra 2 đường kiếm song song tấn công đối thủ từ khoản cách xa.,17,0,0,"[[13,70],[28,2],[29,220],[30,56]]","[2,220,56]",0,0
102,97,1,4,1,0,Nhị trảm,184,120,120,1,781,8,2300,1,Tung ra 2 đường kiếm song song tấn công đối thủ từ khoản cách xa.,18,0,0,"[[13,70],[28,2],[29,230],[30,57]]","[2,230,57]",0,0
103,98,1,4,1,0,Nhị trảm,184,120,120,1,861,8,2200,1,Tung ra 2 đường kiếm song song tấn công đối thủ từ khoản cách xa.,19,0,0,"[[13,70],[28,2],[29,240],[30,58]]","[2,240,58]",0,0
104,99,1,4,1,0,Nhị trảm,216,120,120,1,945,8,2100,1,Tung ra 2 đường kiếm song song tấn công đối thủ từ khoản cách xa.,20,0,0,"[[13,80],[28,2],[29,250],[30,59]]","[2,250,59]",0,0
105,100,2,5,1,0,Vòi rồng,121,80,80,3,50,5,9000,1,Thuật sử dụng tam kiếm tạo ra một cơn lốc xoáy cuốn theo mọi thứ xung quanh.,1,0,0,[],"[0,-1,-1]",0,0
106,100,2,5,1,0,Vòi rồng,121,80,80,3,50,5,9000,1,Thuật sử dụng tam kiếm tạo ra một cơn lốc xoáy cuốn theo mọi thứ xung quanh.,-1,0,0,[],"[0,-1,-1]",0,0
108,101,2,5,1,0,Vòi rồng,121,80,80,3,55,5,8800,1,Thuật sử dụng tam kiếm tạo ra một cơn lốc xoáy cuốn theo mọi thứ xung quanh.,2,0,0,[],"[0,-1,-1]",0,0
109,102,2,5,1,0,Vòi rồng,121,80,80,3,62,6,8600,1,Thuật sử dụng tam kiếm tạo ra một cơn lốc xoáy cuốn theo mọi thứ xung quanh.,3,0,0,[],"[0,-1,-1]",0,0
110,103,2,5,1,0,Vòi rồng,121,80,80,3,72,6,8400,1,Thuật sử dụng tam kiếm tạo ra một cơn lốc xoáy cuốn theo mọi thứ xung quanh.,4,0,0,[],"[0,-1,-1]",0,0
111,104,2,5,1,0,Vòi rồng,122,80,80,3,84,7,8200,1,Thuật sử dụng tam kiếm tạo ra một cơn lốc xoáy cuốn theo mọi thứ xung quanh.,5,0,0,[],"[0,-1,-1]",0,0
112,105,2,5,1,0,Vòi rồng,122,80,80,3,99,7,8000,1,Thuật sử dụng tam kiếm tạo ra một cơn lốc xoáy cuốn theo mọi thứ xung quanh.,6,0,0,[],"[0,-1,-1]",0,0
113,106,2,5,1,0,Vòi rồng,122,80,80,3,116,8,7800,1,Thuật sử dụng tam kiếm tạo ra một cơn lốc xoáy cuốn theo mọi thứ xung quanh.,7,0,0,[],"[0,-1,-1]",0,0
114,107,2,5,1,0,Vòi rồng,122,80,80,3,136,8,7600,1,Thuật sử dụng tam kiếm tạo ra một cơn lốc xoáy cuốn theo mọi thứ xung quanh.,8,0,0,[],"[0,-1,-1]",0,0
115,108,2,5,1,0,Vòi rồng,122,80,80,3,159,9,7400,1,Thuật sử dụng tam kiếm tạo ra một cơn lốc xoáy cuốn theo mọi thứ xung quanh.,9,0,0,[],"[0,-1,-1]",0,0
116,109,2,5,1,0,Vòi rồng,123,80,80,4,185,9,7200,1,Thuật sử dụng tam kiếm tạo ra một cơn lốc xoáy cuốn theo mọi thứ xung quanh.,10,0,0,"[[28,2],[29,50],[30,10]]","[2,50,10]",0,0
117,110,2,5,1,0,Vòi rồng,123,80,80,4,214,10,7000,1,Thuật sử dụng tam kiếm tạo ra một cơn lốc xoáy cuốn theo mọi thứ xung quanh.,11,0,0,"[[28,2],[29,50],[30,12]]","[2,50,12]",0,0
118,111,2,5,1,0,Vòi rồng,123,80,80,4,245,10,6800,1,Thuật sử dụng tam kiếm tạo ra một cơn lốc xoáy cuốn theo mọi thứ xung quanh.,12,0,0,"[[28,2],[29,60],[30,14]]","[2,60,14]",0,0
119,112,2,5,1,0,Vòi rồng,123,80,80,4,278,11,6600,1,Thuật sử dụng tam kiếm tạo ra một cơn lốc xoáy cuốn theo mọi thứ xung quanh.,13,0,0,"[[28,2],[29,60],[30,16]]","[2,60,16]",0,0
120,113,2,5,1,0,Vòi rồng,123,80,80,4,315,11,6400,1,Thuật sử dụng tam kiếm tạo ra một cơn lốc xoáy cuốn theo mọi thứ xung quanh.,14,0,0,"[[28,2],[29,70],[30,18]]","[2,70,18]",0,0
121,114,2,5,1,0,Vòi rồng,185,80,80,4,354,12,6200,1,Thuật sử dụng tam kiếm tạo ra một cơn lốc xoáy cuốn theo mọi thứ xung quanh.,15,0,0,"[[28,2],[29,70],[30,20]]","[2,70,20]",0,0
122,115,2,5,1,0,Vòi rồng,185,80,80,4,396,12,6000,1,Thuật sử dụng tam kiếm tạo ra một cơn lốc xoáy cuốn theo mọi thứ xung quanh.,16,0,0,"[[28,2],[29,80],[30,22]]","[2,80,22]",0,0
123,116,2,5,1,0,Vòi rồng,185,80,80,4,441,13,5800,1,Thuật sử dụng tam kiếm tạo ra một cơn lốc xoáy cuốn theo mọi thứ xung quanh.,17,0,0,"[[28,2],[29,80],[30,24]]","[2,80,24]",0,0
124,117,2,5,1,0,Vòi rồng,185,80,80,4,488,13,5600,1,Thuật sử dụng tam kiếm tạo ra một cơn lốc xoáy cuốn theo mọi thứ xung quanh.,18,0,0,"[[28,2],[29,90],[30,26]]","[2,90,26]",0,0
125,118,2,5,1,0,Vòi rồng,185,80,80,4,538,14,5400,1,Thuật sử dụng tam kiếm tạo ra một cơn lốc xoáy cuốn theo mọi thứ xung quanh.,19,0,0,"[[28,2],[29,90],[30,28]]","[2,90,28]",0,0
126,119,2,5,1,0,Vòi rồng,217,80,80,4,591,14,5200,1,Thuật sử dụng tam kiếm tạo ra một cơn lốc xoáy cuốn theo mọi thứ xung quanh.,20,0,0,"[[28,2],[29,100],[30,30]]","[2,100,30]",0,0
127,120,0,6,1,0,Hắc cước,14,50,50,1,25,0,1000,1,Cú đá in hằn dấu chân lên đối phương.,1,0,0,[],"[0,-1,-1]",0,0
128,121,0,6,1,0,Hắc cước,14,50,50,1,28,0,1000,1,Cú đá in hằn dấu chân lên đối phương.,2,0,0,[],"[0,-1,-1]",0,0
129,122,0,6,1,0,Hắc cước,14,50,50,1,31,0,1000,1,Cú đá in hằn dấu chân lên đối phương.,3,0,0,[],"[0,-1,-1]",0,0
130,123,0,6,1,0,Hắc cước,14,50,50,1,36,0,1000,1,Cú đá in hằn dấu chân lên đối phương.,4,0,0,[],"[0,-1,-1]",0,0
131,124,0,6,1,0,Hắc cước,44,50,50,1,42,0,1000,2,Cú đá in hằn dấu chân lên đối phương.,5,0,0,[],"[0,-1,-1]",0,0
132,125,0,6,1,0,Hắc cước,44,50,50,1,49,0,1000,2,Cú đá in hằn dấu chân lên đối phương.,6,0,0,[],"[0,-1,-1]",0,0
133,126,0,6,1,0,Hắc cước,44,50,50,1,58,0,1000,2,Cú đá in hằn dấu chân lên đối phương.,7,0,0,[],"[0,-1,-1]",0,0
134,127,0,6,1,0,Hắc cước,44,50,50,1,68,0,1000,2,Cú đá in hằn dấu chân lên đối phương.,8,0,0,[],"[0,-1,-1]",0,0
135,128,0,6,1,0,Hắc cước,44,50,50,1,80,0,1000,2,Cú đá in hằn dấu chân lên đối phương.,9,0,0,[],"[0,-1,-1]",0,0
136,129,0,6,1,0,Hắc cước,124,50,50,1,93,0,1000,3,Cú đá in hằn dấu chân lên đối phương.,10,0,0,"[[28,4],[29,50],[30,20]]","[4,50,20]",0,0
137,130,0,6,1,0,Hắc cước,124,50,50,1,107,0,1000,3,Cú đá in hằn dấu chân lên đối phương.,11,0,0,"[[28,4],[29,50],[30,22]]","[4,50,22]",0,0
138,131,0,6,1,0,Hắc cước,124,50,50,1,122,0,1000,3,Cú đá in hằn dấu chân lên đối phương.,12,0,0,"[[28,4],[29,60],[30,24]]","[4,60,24]",0,0
139,132,0,6,1,0,Hắc cước,124,50,50,1,139,0,1000,3,Cú đá in hằn dấu chân lên đối phương.,13,0,0,"[[28,4],[29,60],[30,26]]","[4,60,26]",0,0
140,133,0,6,1,0,Hắc cước,124,50,50,1,157,0,1000,3,Cú đá in hằn dấu chân lên đối phương.,14,0,0,"[[28,4],[29,70],[30,28]]","[4,70,28]",0,0
141,134,0,6,1,0,Hắc cước,186,50,50,1,177,0,1000,4,Cú đá in hằn dấu chân lên đối phương.,15,0,0,"[[28,4],[29,70],[30,30]]","[4,70,30]",0,0
142,135,0,6,1,0,Hắc cước,186,50,50,1,198,0,1000,4,Cú đá in hằn dấu chân lên đối phương.,16,0,0,"[[28,4],[29,80],[30,32]]","[4,80,32]",0,0
143,136,0,6,1,0,Hắc cước,186,50,50,1,220,0,1000,4,Cú đá in hằn dấu chân lên đối phương.,17,0,0,"[[28,4],[29,80],[30,34]]","[4,80,34]",0,0
144,137,0,6,1,0,Hắc cước,186,50,50,1,244,0,1000,4,Cú đá in hằn dấu chân lên đối phương.,18,0,0,"[[28,4],[29,90],[30,36]]","[4,90,36]",0,0
145,138,0,6,1,0,Hắc cước,186,50,50,1,269,0,1000,4,Cú đá in hằn dấu chân lên đối phương.,19,0,0,"[[28,4],[29,90],[30,38]]","[4,90,38]",0,0
146,139,0,6,1,0,Hắc cước,218,50,50,1,295,0,1000,5,Cú đá in hằn dấu chân lên đối phương.,20,0,0,"[[28,4],[29,100],[30,40]]","[4,100,40]",0,0
147,140,1,7,1,0,Knock out,47,120,120,1,80,2,4000,1,Lao đến đối phương và tung một cú đá khiến đối thủ bật lên cao.,1,0,0,"[[28,4],[29,60],[30,20]]","[4,60,20]",0,0
148,140,1,7,1,0,Knock out,47,120,120,1,80,2,4000,1,Lao đến đối phương và tung một cú đá khiến đối thủ bật lên cao.,-1,0,0,"[[28,4],[29,60],[30,20]]","[4,60,20]",0,0
150,141,1,7,1,0,Knock out,47,120,120,1,89,2,3900,1,Lao đến đối phương và tung một cú đá khiến đối thủ bật lên cao.,2,0,0,"[[28,4],[29,70],[30,21]]","[4,70,21]",0,0
151,142,1,7,1,0,Knock out,47,120,120,1,99,2,3800,1,Lao đến đối phương và tung một cú đá khiến đối thủ bật lên cao.,3,0,0,"[[28,4],[29,80],[30,22]]","[4,80,22]",0,0
152,143,1,7,1,0,Knock out,47,120,120,1,115,2,3700,1,Lao đến đối phương và tung một cú đá khiến đối thủ bật lên cao.,4,0,0,"[[28,4],[29,90],[30,23]]","[4,90,23]",0,0
153,144,1,7,1,0,Knock out,48,120,120,1,134,3,3600,1,Lao đến đối phương và tung một cú đá khiến đối thủ bật lên cao.,5,0,0,"[[10,50],[11,50],[28,4],[29,100],[30,24]]","[4,100,24]",0,0
154,145,1,7,1,0,Knock out,48,120,120,1,158,3,3500,1,Lao đến đối phương và tung một cú đá khiến đối thủ bật lên cao.,6,0,0,"[[10,50],[11,60],[28,4],[29,110],[30,25]]","[4,110,25]",0,0
155,146,1,7,1,0,Knock out,48,120,120,1,186,3,3400,1,Lao đến đối phương và tung một cú đá khiến đối thủ bật lên cao.,7,0,0,"[[10,50],[11,70],[28,4],[29,120],[30,26]]","[4,120,26]",0,0
156,147,1,7,1,0,Knock out,48,120,120,1,218,3,3300,1,Lao đến đối phương và tung một cú đá khiến đối thủ bật lên cao.,8,0,0,"[[10,50],[11,80],[28,4],[29,130],[30,27]]","[4,130,27]",0,0
157,148,1,7,1,0,Knock out,48,120,120,1,255,3,3200,1,Lao đến đối phương và tung một cú đá khiến đối thủ bật lên cao.,9,0,0,"[[10,50],[11,90],[28,4],[29,140],[30,28]]","[4,140,28]",0,0
158,149,1,7,1,0,Knock out,125,120,120,1,296,5,3100,1,Lao đến đối phương và tung một cú đá khiến đối thủ bật lên cao.,10,0,0,"[[10,60],[11,100],[28,4],[29,150],[30,29]]","[4,150,29]",0,0
159,150,1,7,1,0,Knock out,125,120,120,1,342,5,3000,1,Lao đến đối phương và tung một cú đá khiến đối thủ bật lên cao.,11,0,0,"[[10,60],[11,110],[28,4],[29,160],[30,30]]","[4,160,30]",0,0
160,151,1,7,1,0,Knock out,125,120,120,1,391,5,2900,1,Lao đến đối phương và tung một cú đá khiến đối thủ bật lên cao.,12,0,0,"[[10,60],[11,120],[28,4],[29,170],[30,31]]","[4,170,31]",0,0
161,152,1,7,1,0,Knock out,125,120,120,1,445,5,2800,1,Lao đến đối phương và tung một cú đá khiến đối thủ bật lên cao.,13,0,0,"[[10,60],[11,130],[28,4],[29,180],[30,32]]","[4,180,32]",0,0
162,153,1,7,1,0,Knock out,125,120,120,1,504,5,2700,1,Lao đến đối phương và tung một cú đá khiến đối thủ bật lên cao.,14,0,0,"[[10,60],[11,140],[28,4],[29,190],[30,33]]","[4,190,33]",0,0
163,154,1,7,1,0,Knock out,187,120,120,1,566,8,2600,1,Lao đến đối phương và tung một cú đá khiến đối thủ bật lên cao.,15,0,0,"[[10,70],[11,150],[28,4],[29,200],[30,34]]","[4,200,34]",0,0
164,155,1,7,1,0,Knock out,187,120,120,1,634,8,2500,1,Lao đến đối phương và tung một cú đá khiến đối thủ bật lên cao.,16,0,0,"[[10,70],[11,160],[28,4],[29,210],[30,35]]","[4,210,35]",0,0
165,156,1,7,1,0,Knock out,187,120,120,1,705,8,2400,1,Lao đến đối phương và tung một cú đá khiến đối thủ bật lên cao.,17,0,0,"[[10,70],[11,170],[28,4],[29,220],[30,36]]","[4,220,36]",0,0
166,157,1,7,1,0,Knock out,187,120,120,1,781,8,2300,1,Lao đến đối phương và tung một cú đá khiến đối thủ bật lên cao.,18,0,0,"[[10,70],[11,180],[28,4],[29,230],[30,37]]","[4,230,37]",0,0
167,158,1,7,1,0,Knock out,187,120,120,1,861,8,2200,1,Lao đến đối phương và tung một cú đá khiến đối thủ bật lên cao.,19,0,0,"[[10,70],[11,190],[28,4],[29,240],[30,38]]","[4,240,38]",0,0
168,159,1,7,1,0,Knock out,219,120,120,1,945,8,2100,1,Lao đến đối phương và tung một cú đá khiến đối thủ bật lên cao.,20,0,0,"[[10,80],[11,200],[28,4],[29,250],[30,39]]","[4,250,39]",0,0
169,160,2,8,1,0,Thịt băm,49,80,80,3,50,5,9000,1,Tung liên hoàn cước nhịp nhàng như một đầu bếp đang băm thịt.,1,0,0,[],"[0,-1,-1]",0,0
170,160,2,8,1,0,Thịt băm,49,80,80,3,50,5,9000,1,Tung liên hoàn cước nhịp nhàng như một đầu bếp đang băm thịt.,-1,0,0,[],"[0,-1,-1]",0,0
172,161,2,8,1,0,Thịt băm,49,80,80,3,55,5,8800,1,Tung liên hoàn cước nhịp nhàng như một đầu bếp đang băm thịt.,2,0,0,[],"[0,-1,-1]",0,0
173,162,2,8,1,0,Thịt băm,49,80,80,3,62,6,8600,1,Tung liên hoàn cước nhịp nhàng như một đầu bếp đang băm thịt.,3,0,0,[],"[0,-1,-1]",0,0
174,163,2,8,1,0,Thịt băm,49,80,80,3,72,6,8400,1,Tung liên hoàn cước nhịp nhàng như một đầu bếp đang băm thịt.,4,0,0,[],"[0,-1,-1]",0,0
175,164,2,8,1,0,Thịt băm,50,80,80,3,84,7,8200,2,Tung liên hoàn cước nhịp nhàng như một đầu bếp đang băm thịt.,5,0,0,[],"[0,-1,-1]",0,0
176,165,2,8,1,0,Thịt băm,50,80,80,3,99,7,8000,2,Tung liên hoàn cước nhịp nhàng như một đầu bếp đang băm thịt.,6,0,0,[],"[0,-1,-1]",0,0
177,166,2,8,1,0,Thịt băm,50,80,80,3,116,8,7800,2,Tung liên hoàn cước nhịp nhàng như một đầu bếp đang băm thịt.,7,0,0,[],"[0,-1,-1]",0,0
178,167,2,8,1,0,Thịt băm,50,80,80,3,136,8,7600,2,Tung liên hoàn cước nhịp nhàng như một đầu bếp đang băm thịt.,8,0,0,[],"[0,-1,-1]",0,0
179,168,2,8,1,0,Thịt băm,50,80,80,3,159,9,7400,2,Tung liên hoàn cước nhịp nhàng như một đầu bếp đang băm thịt.,9,0,0,[],"[0,-1,-1]",0,0
180,169,2,8,1,0,Thịt băm,12,80,80,4,185,9,7200,3,Tung liên hoàn cước nhịp nhàng như một đầu bếp đang băm thịt.,10,0,0,"[[28,3],[29,50],[30,10]]","[3,50,10]",0,0
181,170,2,8,1,0,Thịt băm,12,80,80,4,214,10,7000,3,Tung liên hoàn cước nhịp nhàng như một đầu bếp đang băm thịt.,11,0,0,"[[28,3],[29,50],[30,12]]","[3,50,12]",0,0
182,171,2,8,1,0,Thịt băm,12,80,80,4,245,10,6800,3,Tung liên hoàn cước nhịp nhàng như một đầu bếp đang băm thịt.,12,0,0,"[[28,3],[29,60],[30,14]]","[3,60,14]",0,0
183,172,2,8,1,0,Thịt băm,12,80,80,4,278,11,6600,3,Tung liên hoàn cước nhịp nhàng như một đầu bếp đang băm thịt.,13,0,0,"[[28,3],[29,60],[30,16]]","[3,60,16]",0,0
184,173,2,8,1,0,Thịt băm,12,80,80,4,315,11,6400,3,Tung liên hoàn cước nhịp nhàng như một đầu bếp đang băm thịt.,14,0,0,"[[28,3],[29,70],[30,18]]","[3,70,18]",0,0
185,174,2,8,1,0,Thịt băm,188,80,80,4,354,12,6200,4,Tung liên hoàn cước nhịp nhàng như một đầu bếp đang băm thịt.,15,0,0,"[[28,3],[29,70],[30,20]]","[3,70,20]",0,0
186,175,2,8,1,0,Thịt băm,188,80,80,4,396,12,6000,4,Tung liên hoàn cước nhịp nhàng như một đầu bếp đang băm thịt.,16,0,0,"[[28,3],[29,80],[30,22]]","[3,80,22]",0,0
187,176,2,8,1,0,Thịt băm,188,80,80,4,441,13,5800,4,Tung liên hoàn cước nhịp nhàng như một đầu bếp đang băm thịt.,17,0,0,"[[28,3],[29,80],[30,24]]","[3,80,24]",0,0
188,177,2,8,1,0,Thịt băm,188,80,80,4,488,13,5600,4,Tung liên hoàn cước nhịp nhàng như một đầu bếp đang băm thịt.,18,0,0,"[[28,3],[29,90],[30,26]]","[3,90,26]",0,0
189,178,2,8,1,0,Thịt băm,188,80,80,4,538,14,5400,4,Tung liên hoàn cước nhịp nhàng như một đầu bếp đang băm thịt.,19,0,0,"[[28,3],[29,90],[30,28]]","[3,90,28]",0,0
190,179,2,8,1,0,Thịt băm,220,80,80,4,591,14,5200,4,Tung liên hoàn cước nhịp nhàng như một đầu bếp đang băm thịt.,20,0,0,"[[28,3],[29,100],[30,30]]","[3,100,30]",0,0
191,180,0,9,1,0,Gậy chong chóng,16,60,60,1,25,0,1000,1,Đòn tấn công khéo léo bằng gậy của một hoa tiêu.,1,0,0,"[[28,5],[29,60],[30,10]]","[5,60,10]",0,0
192,181,0,9,1,0,Gậy chong chóng,16,60,60,1,28,0,1000,1,Đòn tấn công khéo léo bằng gậy của một hoa tiêu.,2,0,0,"[[28,5],[29,70],[30,11]]","[5,70,11]",0,0
193,182,0,9,1,0,Gậy chong chóng,16,60,60,1,31,0,1000,1,Đòn tấn công khéo léo bằng gậy của một hoa tiêu.,3,0,0,"[[28,5],[29,80],[30,12]]","[5,80,12]",0,0
194,183,0,9,1,0,Gậy chong chóng,16,60,60,1,36,0,1000,1,Đòn tấn công khéo léo bằng gậy của một hoa tiêu.,4,0,0,"[[28,5],[29,90],[30,13]]","[5,90,13]",0,0
195,184,0,9,1,0,Gậy chong chóng,51,60,60,1,42,0,1000,1,Đòn tấn công khéo léo bằng gậy của một hoa tiêu.,5,0,0,"[[28,5],[29,100],[30,14]]","[5,100,14]",0,0
196,185,0,9,1,0,Gậy chong chóng,51,60,60,1,49,0,1000,1,Đòn tấn công khéo léo bằng gậy của một hoa tiêu.,6,0,0,"[[28,5],[29,110],[30,15]]","[5,110,15]",0,0
197,186,0,9,1,0,Gậy chong chóng,51,60,60,1,58,0,1000,1,Đòn tấn công khéo léo bằng gậy của một hoa tiêu.,7,0,0,"[[28,5],[29,120],[30,16]]","[5,120,16]",0,0
198,187,0,9,1,0,Gậy chong chóng,51,60,60,1,68,0,1000,1,Đòn tấn công khéo léo bằng gậy của một hoa tiêu.,8,0,0,"[[28,5],[29,130],[30,17]]","[5,130,17]",0,0
199,188,0,9,1,0,Gậy chong chóng,51,60,60,1,80,0,1000,1,Đòn tấn công khéo léo bằng gậy của một hoa tiêu.,9,0,0,"[[28,5],[29,140],[30,18]]","[5,140,18]",0,0
200,189,0,9,1,0,Gậy chong chóng,52,60,60,1,93,0,1000,1,Đòn tấn công khéo léo bằng gậy của một hoa tiêu.,10,0,0,"[[28,5],[29,150],[30,19]]","[5,150,19]",0,0
201,190,0,9,1,0,Gậy chong chóng,52,60,60,1,107,0,1000,1,Đòn tấn công khéo léo bằng gậy của một hoa tiêu.,11,0,0,"[[28,5],[29,160],[30,20]]","[5,160,20]",0,0
202,191,0,9,1,0,Gậy chong chóng,52,60,60,1,122,0,1000,1,Đòn tấn công khéo léo bằng gậy của một hoa tiêu.,12,0,0,"[[28,5],[29,170],[30,21]]","[5,170,21]",0,0
203,192,0,9,1,0,Gậy chong chóng,52,60,60,1,139,0,1000,1,Đòn tấn công khéo léo bằng gậy của một hoa tiêu.,13,0,0,"[[28,5],[29,180],[30,22]]","[5,180,22]",0,0
204,193,0,9,1,0,Gậy chong chóng,52,60,60,1,157,0,1000,1,Đòn tấn công khéo léo bằng gậy của một hoa tiêu.,14,0,0,"[[28,5],[29,190],[30,23]]","[5,190,23]",0,0
205,194,0,9,1,0,Gậy chong chóng,189,60,60,1,177,0,1000,1,Đòn tấn công khéo léo bằng gậy của một hoa tiêu.,15,0,0,"[[28,5],[29,200],[30,24]]","[5,200,24]",0,0
206,195,0,9,1,0,Gậy chong chóng,189,60,60,1,198,0,1000,1,Đòn tấn công khéo léo bằng gậy của một hoa tiêu.,16,0,0,"[[28,5],[29,210],[30,25]]","[5,210,25]",0,0
207,196,0,9,1,0,Gậy chong chóng,189,60,60,1,220,0,1000,1,Đòn tấn công khéo léo bằng gậy của một hoa tiêu.,17,0,0,"[[28,5],[29,220],[30,26]]","[5,220,26]",0,0
208,197,0,9,1,0,Gậy chong chóng,189,60,60,1,244,0,1000,1,Đòn tấn công khéo léo bằng gậy của một hoa tiêu.,18,0,0,"[[28,5],[29,230],[30,27]]","[5,230,27]",0,0
209,198,0,9,1,0,Gậy chong chóng,189,60,60,1,269,0,1000,1,Đòn tấn công khéo léo bằng gậy của một hoa tiêu.,19,0,0,"[[28,5],[29,240],[30,28]]","[5,240,28]",0,0
210,199,0,9,1,0,Gậy chong chóng,221,60,60,1,295,0,1000,1,Đòn tấn công khéo léo bằng gậy của một hoa tiêu.,20,0,0,"[[28,5],[29,250],[30,29]]","[5,250,29]",0,0
211,200,1,10,1,0,Bong bóng tích điện,9,120,120,1,70,3,4000,1,Phóng những quả bóng hơi nước gây sock điện bất cứ ai đến gần nó.,1,0,0,"[[28,6],[29,120],[30,60]]","[6,120,60]",0,0
212,200,1,10,1,0,Bong bóng tích điện,9,120,120,1,70,3,4000,1,Phóng những quả bóng hơi nước gây sock điện bất cứ ai đến gần nó.,-1,0,0,"[[28,6],[29,120],[30,60]]","[6,120,60]",0,0
214,201,1,10,1,0,Bong bóng tích điện,9,120,120,1,78,3,3900,1,Phóng những quả bóng hơi nước gây sock điện bất cứ ai đến gần nó.,2,0,0,"[[28,6],[29,130],[30,60]]","[6,130,60]",0,0
215,202,1,10,1,0,Bong bóng tích điện,9,120,120,1,87,3,3800,1,Phóng những quả bóng hơi nước gây sock điện bất cứ ai đến gần nó.,3,0,0,"[[28,6],[29,140],[30,60]]","[6,140,60]",0,0
216,203,1,10,1,0,Bong bóng tích điện,9,120,120,1,100,3,3700,1,Phóng những quả bóng hơi nước gây sock điện bất cứ ai đến gần nó.,4,0,0,"[[28,6],[29,150],[30,60]]","[6,150,60]",0,0
217,204,1,10,1,0,Bong bóng tích điện,53,120,120,1,117,4,3600,1,Phóng những quả bóng hơi nước gây sock điện bất cứ ai đến gần nó.,5,0,0,"[[13,50],[28,6],[29,160],[30,60]]","[6,160,60]",0,0
218,205,1,10,1,0,Bong bóng tích điện,53,120,120,1,138,4,3500,1,Phóng những quả bóng hơi nước gây sock điện bất cứ ai đến gần nó.,6,0,0,"[[13,50],[28,6],[29,170],[30,60]]","[6,170,60]",0,0
219,206,1,10,1,0,Bong bóng tích điện,53,120,120,1,163,4,3400,1,Phóng những quả bóng hơi nước gây sock điện bất cứ ai đến gần nó.,7,0,0,"[[13,50],[28,6],[29,180],[30,60]]","[6,180,60]",0,0
220,207,1,10,1,0,Bong bóng tích điện,53,120,120,1,191,4,3300,1,Phóng những quả bóng hơi nước gây sock điện bất cứ ai đến gần nó.,8,0,0,"[[13,50],[28,6],[29,190],[30,60]]","[6,190,60]",0,0
221,208,1,10,1,0,Bong bóng tích điện,53,120,120,1,223,4,3200,1,Phóng những quả bóng hơi nước gây sock điện bất cứ ai đến gần nó.,9,0,0,"[[13,50],[28,6],[29,200],[30,60]]","[6,200,60]",0,0
222,209,1,10,1,0,Bong bóng tích điện,63,120,120,1,259,6,3100,1,Phóng những quả bóng hơi nước gây sock điện bất cứ ai đến gần nó.,10,0,0,"[[13,60],[28,6],[29,210],[30,80]]","[6,210,80]",0,0
223,210,1,10,1,0,Bong bóng tích điện,63,120,120,1,299,6,3000,1,Phóng những quả bóng hơi nước gây sock điện bất cứ ai đến gần nó.,11,0,0,"[[13,60],[28,6],[29,220],[30,80]]","[6,220,80]",0,0
224,211,1,10,1,0,Bong bóng tích điện,63,120,120,1,342,6,2900,1,Phóng những quả bóng hơi nước gây sock điện bất cứ ai đến gần nó.,12,0,0,"[[13,60],[28,6],[29,230],[30,80]]","[6,230,80]",0,0
225,212,1,10,1,0,Bong bóng tích điện,63,120,120,1,390,6,2800,1,Phóng những quả bóng hơi nước gây sock điện bất cứ ai đến gần nó.,13,0,0,"[[13,60],[28,6],[29,240],[30,80]]","[6,240,80]",0,0
226,213,1,10,1,0,Bong bóng tích điện,63,120,120,1,441,6,2700,1,Phóng những quả bóng hơi nước gây sock điện bất cứ ai đến gần nó.,14,0,0,"[[13,60],[28,6],[29,250],[30,80]]","[6,250,80]",0,0
227,214,1,10,1,0,Bong bóng tích điện,190,120,120,1,496,9,2600,1,Phóng những quả bóng hơi nước gây sock điện bất cứ ai đến gần nó.,15,0,0,"[[13,70],[28,6],[29,260],[30,80]]","[6,260,80]",0,0
228,215,1,10,1,0,Bong bóng tích điện,190,120,120,1,554,9,2500,1,Phóng những quả bóng hơi nước gây sock điện bất cứ ai đến gần nó.,16,0,0,"[[13,70],[28,6],[29,270],[30,80]]","[6,270,80]",0,0
229,216,1,10,1,0,Bong bóng tích điện,190,120,120,1,617,9,2400,1,Phóng những quả bóng hơi nước gây sock điện bất cứ ai đến gần nó.,17,0,0,"[[13,70],[28,6],[29,280],[30,80]]","[6,280,80]",0,0
230,217,1,10,1,0,Bong bóng tích điện,190,120,120,1,683,9,2300,1,Phóng những quả bóng hơi nước gây sock điện bất cứ ai đến gần nó.,18,0,0,"[[13,70],[28,6],[29,290],[30,80]]","[6,290,80]",0,0
231,218,1,10,1,0,Bong bóng tích điện,190,120,120,1,753,9,2200,1,Phóng những quả bóng hơi nước gây sock điện bất cứ ai đến gần nó.,19,0,0,"[[13,70],[28,6],[29,300],[30,80]]","[6,300,80]",0,0
232,219,1,10,1,0,Bong bóng tích điện,222,120,120,1,827,9,2100,1,Phóng những quả bóng hơi nước gây sock điện bất cứ ai đến gần nó.,20,0,0,"[[13,80],[28,6],[29,310],[30,80]]","[6,310,80]",0,0
233,220,2,11,1,0,Bão sấm,31,80,80,4,40,6,9000,1,Tạo ra một trận mây sấm diện rộng trên đầu đối thủ.,1,0,0,[],"[0,-1,-1]",0,0
234,220,2,11,1,0,Bão sấm,31,80,80,4,40,6,9000,1,Tạo ra một trận mây sấm diện rộng trên đầu đối thủ.,-1,0,0,[],"[0,-1,-1]",0,0
236,221,2,11,1,0,Bão sấm,31,80,80,4,44,6,8800,1,Tạo ra một trận mây sấm diện rộng trên đầu đối thủ.,2,0,0,[],"[0,-1,-1]",0,0
237,222,2,11,1,0,Bão sấm,31,80,80,4,50,7,8600,1,Tạo ra một trận mây sấm diện rộng trên đầu đối thủ.,3,0,0,[],"[0,-1,-1]",0,0
238,223,2,11,1,0,Bão sấm,31,80,80,4,57,7,8400,1,Tạo ra một trận mây sấm diện rộng trên đầu đối thủ.,4,0,0,[],"[0,-1,-1]",0,0
239,224,2,11,1,0,Bão sấm,55,80,80,4,67,8,8200,1,Tạo ra một trận mây sấm diện rộng trên đầu đối thủ.,5,0,0,[],"[0,-1,-1]",0,0
240,225,2,11,1,0,Bão sấm,55,80,80,4,79,8,8000,1,Tạo ra một trận mây sấm diện rộng trên đầu đối thủ.,6,0,0,[],"[0,-1,-1]",0,0
241,226,2,11,1,0,Bão sấm,55,80,80,4,93,9,7800,1,Tạo ra một trận mây sấm diện rộng trên đầu đối thủ.,7,0,0,[],"[0,-1,-1]",0,0
242,227,2,11,1,0,Bão sấm,55,80,80,4,109,9,7600,1,Tạo ra một trận mây sấm diện rộng trên đầu đối thủ.,8,0,0,[],"[0,-1,-1]",0,0
243,228,2,11,1,0,Bão sấm,55,80,80,4,128,10,7400,1,Tạo ra một trận mây sấm diện rộng trên đầu đối thủ.,9,0,0,[],"[0,-1,-1]",0,0
244,229,2,11,1,0,Bão sấm,56,80,80,5,148,10,7200,1,Tạo ra một trận mây sấm diện rộng trên đầu đối thủ.,10,0,0,"[[28,6],[29,70],[30,60]]","[6,70,60]",0,0
245,230,2,11,1,0,Bão sấm,56,80,80,5,171,11,7000,1,Tạo ra một trận mây sấm diện rộng trên đầu đối thủ.,11,0,0,"[[28,6],[29,70],[30,60]]","[6,70,60]",0,0
246,231,2,11,1,0,Bão sấm,56,80,80,5,196,11,6800,1,Tạo ra một trận mây sấm diện rộng trên đầu đối thủ.,12,0,0,"[[28,6],[29,80],[30,60]]","[6,80,60]",0,0
247,232,2,11,1,0,Bão sấm,56,80,80,5,223,12,6600,1,Tạo ra một trận mây sấm diện rộng trên đầu đối thủ.,13,0,0,"[[28,6],[29,80],[30,60]]","[6,80,60]",0,0
248,233,2,11,1,0,Bão sấm,56,80,80,5,252,12,6400,1,Tạo ra một trận mây sấm diện rộng trên đầu đối thủ.,14,0,0,"[[28,6],[29,90],[30,60]]","[6,90,60]",0,0
249,234,2,11,1,0,Bão sấm,191,80,80,5,283,13,6200,1,Tạo ra một trận mây sấm diện rộng trên đầu đối thủ.,15,0,0,"[[28,6],[29,90],[30,60]]","[6,90,60]",0,0
250,235,2,11,1,0,Bão sấm,191,80,80,5,317,13,6000,1,Tạo ra một trận mây sấm diện rộng trên đầu đối thủ.,16,0,0,"[[28,6],[29,100],[30,60]]","[6,100,60]",0,0
251,236,2,11,1,0,Bão sấm,191,80,80,5,352,14,5800,1,Tạo ra một trận mây sấm diện rộng trên đầu đối thủ.,17,0,0,"[[28,6],[29,100],[30,60]]","[6,100,60]",0,0
252,237,2,11,1,0,Bão sấm,191,80,80,5,390,14,5600,1,Tạo ra một trận mây sấm diện rộng trên đầu đối thủ.,18,0,0,"[[28,6],[29,110],[30,60]]","[6,110,60]",0,0
253,238,2,11,1,0,Bão sấm,191,80,80,5,430,15,5400,1,Tạo ra một trận mây sấm diện rộng trên đầu đối thủ.,19,0,0,"[[28,6],[29,110],[30,60]]","[6,110,60]",0,0
254,239,2,11,1,0,Bão sấm,223,80,80,5,472,15,5200,1,Tạo ra một trận mây sấm diện rộng trên đầu đối thủ.,20,0,0,"[[28,6],[29,120],[30,60]]","[6,120,60]",0,0
255,240,0,12,1,0,Double Shot,57,120,120,1,25,0,1000,1,Kỹ năng bắn súng lục đôi của một xạ thủ hải tặc.,1,0,0,[],"[0,-1,-1]",0,0
256,241,0,12,1,0,Double Shot,57,120,120,1,28,0,1000,1,Kỹ năng bắn súng lục đôi của một xạ thủ hải tặc.,2,0,0,[],"[0,-1,-1]",0,0
257,242,0,12,1,0,Double Shot,57,120,120,1,31,0,1000,1,Kỹ năng bắn súng lục đôi của một xạ thủ hải tặc.,3,0,0,[],"[0,-1,-1]",0,0
258,243,0,12,1,0,Double Shot,57,120,120,1,36,0,1000,1,Kỹ năng bắn súng lục đôi của một xạ thủ hải tặc.,4,0,0,[],"[0,-1,-1]",0,0
259,244,0,12,1,0,Double Shot,58,120,120,1,42,0,1000,1,Kỹ năng bắn súng lục đôi của một xạ thủ hải tặc.,5,0,0,[],"[0,-1,-1]",0,0
260,245,0,12,1,0,Double Shot,58,120,120,1,49,0,1000,1,Kỹ năng bắn súng lục đôi của một xạ thủ hải tặc.,6,0,0,[],"[0,-1,-1]",0,0
261,246,0,12,1,0,Double Shot,58,120,120,1,58,0,1000,1,Kỹ năng bắn súng lục đôi của một xạ thủ hải tặc.,7,0,0,[],"[0,-1,-1]",0,0
262,247,0,12,1,0,Double Shot,58,120,120,1,68,0,1000,1,Kỹ năng bắn súng lục đôi của một xạ thủ hải tặc.,8,0,0,[],"[0,-1,-1]",0,0
263,248,0,12,1,0,Double Shot,58,120,120,1,80,0,1000,1,Kỹ năng bắn súng lục đôi của một xạ thủ hải tặc.,9,0,0,[],"[0,-1,-1]",0,0
264,249,0,12,1,0,Double Shot,126,120,120,1,93,0,1000,2,Kỹ năng bắn súng lục đôi của một xạ thủ hải tặc.,10,0,0,"[[28,4],[29,60],[30,20]]","[4,60,20]",0,0
265,250,0,12,1,0,Double Shot,126,120,120,1,107,0,1000,2,Kỹ năng bắn súng lục đôi của một xạ thủ hải tặc.,11,0,0,"[[28,4],[29,70],[30,22]]","[4,70,22]",0,0
266,251,0,12,1,0,Double Shot,126,120,120,1,122,0,1000,2,Kỹ năng bắn súng lục đôi của một xạ thủ hải tặc.,12,0,0,"[[28,4],[29,80],[30,24]]","[4,80,24]",0,0
267,252,0,12,1,0,Double Shot,126,120,120,1,139,0,1000,2,Kỹ năng bắn súng lục đôi của một xạ thủ hải tặc.,13,0,0,"[[28,4],[29,90],[30,26]]","[4,90,26]",0,0
268,253,0,12,1,0,Double Shot,126,120,120,1,157,0,1000,2,Kỹ năng bắn súng lục đôi của một xạ thủ hải tặc.,14,0,0,"[[28,4],[29,100],[30,28]]","[4,100,28]",0,0
269,254,0,12,1,0,Double Shot,192,120,120,1,177,0,1000,2,Kỹ năng bắn súng lục đôi của một xạ thủ hải tặc.,15,0,0,"[[28,4],[29,110],[30,30]]","[4,110,30]",0,0
270,255,0,12,1,0,Double Shot,192,120,120,1,198,0,1000,2,Kỹ năng bắn súng lục đôi của một xạ thủ hải tặc.,16,0,0,"[[28,4],[29,120],[30,32]]","[4,120,32]",0,0
271,256,0,12,1,0,Double Shot,192,120,120,1,220,0,1000,2,Kỹ năng bắn súng lục đôi của một xạ thủ hải tặc.,17,0,0,"[[28,4],[29,130],[30,34]]","[4,130,34]",0,0
272,257,0,12,1,0,Double Shot,192,120,120,1,244,0,1000,2,Kỹ năng bắn súng lục đôi của một xạ thủ hải tặc.,18,0,0,"[[28,4],[29,140],[30,36]]","[4,140,36]",0,0
273,258,0,12,1,0,Double Shot,192,120,120,1,269,0,1000,2,Kỹ năng bắn súng lục đôi của một xạ thủ hải tặc.,19,0,0,"[[28,4],[29,150],[30,38]]","[4,150,38]",0,0
274,259,0,12,1,0,Double Shot,224,120,120,1,295,0,1000,2,Kỹ năng bắn súng lục đôi của một xạ thủ hải tặc.,20,0,0,"[[28,4],[29,160],[30,40]]","[4,160,40]",0,0
275,260,1,13,1,0,Quả cầu lửa,64,120,120,1,70,3,4000,1,Sử dụng súng hạng nặng phóng một quả cầu lửa vào đối thủ.,1,0,0,"[[28,7],[29,120],[30,60]]","[7,120,60]",0,0
276,260,1,13,1,0,Quả cầu lửa,64,120,120,1,70,3,4000,1,Sử dụng súng hạng nặng phóng một quả cầu lửa vào đối thủ.,-1,0,0,"[[28,7],[29,120],[30,60]]","[7,120,60]",0,0
278,261,1,13,1,0,Quả cầu lửa,64,120,120,1,78,3,3900,1,Sử dụng súng hạng nặng phóng một quả cầu lửa vào đối thủ.,2,0,0,"[[28,7],[29,130],[30,60]]","[7,130,60]",0,0
279,262,1,13,1,0,Quả cầu lửa,64,120,120,1,87,3,3800,1,Sử dụng súng hạng nặng phóng một quả cầu lửa vào đối thủ.,3,0,0,"[[28,7],[29,140],[30,60]]","[7,140,60]",0,0
280,263,1,13,1,0,Quả cầu lửa,64,120,120,1,100,3,3700,1,Sử dụng súng hạng nặng phóng một quả cầu lửa vào đối thủ.,4,0,0,"[[28,7],[29,150],[30,60]]","[7,150,60]",0,0
281,264,1,13,1,0,Quả cầu lửa,66,120,120,1,117,4,3600,1,Sử dụng súng hạng nặng phóng một quả cầu lửa vào đối thủ.,5,0,0,"[[11,50],[13,50],[28,7],[29,160],[30,60]]","[7,160,60]",0,0
282,265,1,13,1,0,Quả cầu lửa,66,120,120,1,138,4,3500,1,Sử dụng súng hạng nặng phóng một quả cầu lửa vào đối thủ.,6,0,0,"[[11,60],[13,50],[28,7],[29,170],[30,60]]","[7,170,60]",0,0
283,266,1,13,1,0,Quả cầu lửa,66,120,120,1,163,4,3400,1,Sử dụng súng hạng nặng phóng một quả cầu lửa vào đối thủ.,7,0,0,"[[11,70],[13,50],[28,7],[29,180],[30,60]]","[7,180,60]",0,0
284,267,1,13,1,0,Quả cầu lửa,66,120,120,1,191,4,3300,1,Sử dụng súng hạng nặng phóng một quả cầu lửa vào đối thủ.,8,0,0,"[[11,80],[13,50],[28,7],[29,190],[30,60]]","[7,190,60]",0,0
285,268,1,13,1,0,Quả cầu lửa,66,120,120,1,223,4,3200,1,Sử dụng súng hạng nặng phóng một quả cầu lửa vào đối thủ.,9,0,0,"[[11,90],[13,50],[28,7],[29,200],[30,60]]","[7,200,60]",0,0
286,269,1,13,1,0,Quả cầu lửa,127,120,120,1,259,6,3100,1,Sử dụng súng hạng nặng phóng một quả cầu lửa vào đối thủ.,10,0,0,"[[11,100],[13,60],[28,7],[29,210],[30,80]]","[7,210,80]",0,0
287,270,1,13,1,0,Quả cầu lửa,127,120,120,1,299,6,3000,1,Sử dụng súng hạng nặng phóng một quả cầu lửa vào đối thủ.,11,0,0,"[[11,110],[13,60],[28,7],[29,220],[30,80]]","[7,220,80]",0,0
288,271,1,13,1,0,Quả cầu lửa,127,120,120,1,342,6,2900,1,Sử dụng súng hạng nặng phóng một quả cầu lửa vào đối thủ.,12,0,0,"[[11,120],[13,60],[28,7],[29,230],[30,80]]","[7,230,80]",0,0
289,272,1,13,1,0,Quả cầu lửa,127,120,120,1,390,6,2800,1,Sử dụng súng hạng nặng phóng một quả cầu lửa vào đối thủ.,13,0,0,"[[11,130],[13,60],[28,7],[29,240],[30,80]]","[7,240,80]",0,0
290,273,1,13,1,0,Quả cầu lửa,127,120,120,1,441,6,2700,1,Sử dụng súng hạng nặng phóng một quả cầu lửa vào đối thủ.,14,0,0,"[[11,140],[13,60],[28,7],[29,250],[30,80]]","[7,250,80]",0,0
291,274,1,13,1,0,Quả cầu lửa,193,120,120,1,496,9,2600,1,Sử dụng súng hạng nặng phóng một quả cầu lửa vào đối thủ.,15,0,0,"[[11,150],[13,70],[28,7],[29,260],[30,80]]","[7,260,80]",0,0
292,275,1,13,1,0,Quả cầu lửa,193,120,120,1,554,9,2500,1,Sử dụng súng hạng nặng phóng một quả cầu lửa vào đối thủ.,16,0,0,"[[11,160],[13,70],[28,7],[29,270],[30,80]]","[7,270,80]",0,0
293,276,1,13,1,0,Quả cầu lửa,193,120,120,1,617,9,2400,1,Sử dụng súng hạng nặng phóng một quả cầu lửa vào đối thủ.,17,0,0,"[[11,170],[13,70],[28,7],[29,280],[30,80]]","[7,280,80]",0,0
294,277,1,13,1,0,Quả cầu lửa,193,120,120,1,683,9,2300,1,Sử dụng súng hạng nặng phóng một quả cầu lửa vào đối thủ.,18,0,0,"[[11,180],[13,70],[28,7],[29,290],[30,80]]","[7,290,80]",0,0
295,278,1,13,1,0,Quả cầu lửa,193,120,120,1,753,9,2200,1,Sử dụng súng hạng nặng phóng một quả cầu lửa vào đối thủ.,19,0,0,"[[11,190],[13,70],[28,7],[29,300],[30,80]]","[7,300,80]",0,0
296,279,1,13,1,0,Quả cầu lửa,225,120,120,1,827,9,2100,1,Sử dụng súng hạng nặng phóng một quả cầu lửa vào đối thủ.,20,0,0,"[[11,200],[13,80],[28,7],[29,310],[30,80]]","[7,310,80]",0,0
297,280,2,14,1,0,Pháo hoa,67,80,80,3,50,6,9000,1,Tạo ra một màn trình diễn pháo hoa gây sát thương diện rộng.,1,0,0,[],"[0,-1,-1]",0,0
298,280,2,14,1,0,Pháo hoa,67,80,80,3,50,6,9000,1,Tạo ra một màn trình diễn pháo hoa gây sát thương diện rộng.,-1,0,0,[],"[0,-1,-1]",0,0
300,281,2,14,1,0,Pháo hoa,67,80,80,3,55,6,8800,1,Tạo ra một màn trình diễn pháo hoa gây sát thương diện rộng.,2,0,0,[],"[0,-1,-1]",0,0
301,282,2,14,1,0,Pháo hoa,67,80,80,3,62,7,8600,1,Tạo ra một màn trình diễn pháo hoa gây sát thương diện rộng.,3,0,0,[],"[0,-1,-1]",0,0
302,283,2,14,1,0,Pháo hoa,67,80,80,3,72,7,8400,1,Tạo ra một màn trình diễn pháo hoa gây sát thương diện rộng.,4,0,0,[],"[0,-1,-1]",0,0
303,284,2,14,1,0,Pháo hoa,68,80,80,3,84,8,8200,1,Tạo ra một màn trình diễn pháo hoa gây sát thương diện rộng.,5,0,0,[],"[0,-1,-1]",0,0
304,285,2,14,1,0,Pháo hoa,68,80,80,3,99,8,8000,1,Tạo ra một màn trình diễn pháo hoa gây sát thương diện rộng.,6,0,0,[],"[0,-1,-1]",0,0
305,286,2,14,1,0,Pháo hoa,68,80,80,3,116,9,7800,1,Tạo ra một màn trình diễn pháo hoa gây sát thương diện rộng.,7,0,0,[],"[0,-1,-1]",0,0
306,287,2,14,1,0,Pháo hoa,68,80,80,3,136,9,7600,1,Tạo ra một màn trình diễn pháo hoa gây sát thương diện rộng.,8,0,0,[],"[0,-1,-1]",0,0
307,288,2,14,1,0,Pháo hoa,68,80,80,3,159,10,7400,1,Tạo ra một màn trình diễn pháo hoa gây sát thương diện rộng.,9,0,0,[],"[0,-1,-1]",0,0
308,289,2,14,1,0,Pháo hoa,69,80,80,4,185,10,7200,1,Tạo ra một màn trình diễn pháo hoa gây sát thương diện rộng.,10,0,0,"[[28,7],[29,60],[30,60]]","[7,60,60]",0,0
309,290,2,14,1,0,Pháo hoa,69,80,80,4,214,11,7000,1,Tạo ra một màn trình diễn pháo hoa gây sát thương diện rộng.,11,0,0,"[[28,7],[29,60],[30,60]]","[7,60,60]",0,0
310,291,2,14,1,0,Pháo hoa,69,80,80,4,245,11,6800,1,Tạo ra một màn trình diễn pháo hoa gây sát thương diện rộng.,12,0,0,"[[28,7],[29,70],[30,60]]","[7,70,60]",0,0
311,292,2,14,1,0,Pháo hoa,69,80,80,4,278,12,6600,1,Tạo ra một màn trình diễn pháo hoa gây sát thương diện rộng.,13,0,0,"[[28,7],[29,70],[30,60]]","[7,70,60]",0,0
312,293,2,14,1,0,Pháo hoa,69,80,80,4,315,12,6400,1,Tạo ra một màn trình diễn pháo hoa gây sát thương diện rộng.,14,0,0,"[[28,7],[29,80],[30,60]]","[7,80,60]",0,0
313,294,2,14,1,0,Pháo hoa,194,80,80,4,354,13,6200,1,Tạo ra một màn trình diễn pháo hoa gây sát thương diện rộng.,15,0,0,"[[28,7],[29,80],[30,60]]","[7,80,60]",0,0
314,295,2,14,1,0,Pháo hoa,194,80,80,4,396,13,6000,1,Tạo ra một màn trình diễn pháo hoa gây sát thương diện rộng.,16,0,0,"[[28,7],[29,90],[30,60]]","[7,90,60]",0,0
315,296,2,14,1,0,Pháo hoa,194,80,80,4,441,14,5800,1,Tạo ra một màn trình diễn pháo hoa gây sát thương diện rộng.,17,0,0,"[[28,7],[29,90],[30,60]]","[7,90,60]",0,0
316,297,2,14,1,0,Pháo hoa,194,80,80,4,488,14,5600,1,Tạo ra một màn trình diễn pháo hoa gây sát thương diện rộng.,18,0,0,"[[28,7],[29,100],[30,60]]","[7,100,60]",0,0
317,298,2,14,1,0,Pháo hoa,194,80,80,4,538,15,5400,1,Tạo ra một màn trình diễn pháo hoa gây sát thương diện rộng.,19,0,0,"[[28,7],[29,100],[30,60]]","[7,100,60]",0,0
318,299,2,14,1,0,Pháo hoa,226,80,80,4,591,15,5200,1,Tạo ra một màn trình diễn pháo hoa gây sát thương diện rộng.,20,0,0,"[[28,7],[29,110],[30,60]]","[7,110,60]",0,0
319,300,1000,15,3,0,Bản năng sinh tồn,0,0,0,0,0,0,0,0,"Rèn luyện cách sinh tồn trong rừng, tăng sức chịu đựng cơ thể.",-1,0,0,"[[17,400]]","[0,-1,-1]",0,0
320,300,1000,15,3,0,Bản năng sinh tồn,0,0,0,0,0,0,0,0,"Rèn luyện cách sinh tồn trong rừng, tăng sức chịu đựng cơ thể.",1,0,0,"[[17,400]]","[0,-1,-1]",0,0
321,301,1000,15,3,0,Bản năng sinh tồn +1,0,0,0,0,0,0,0,0,"Rèn luyện cách sinh tồn trong rừng, tăng sức chịu đựng cơ thể.",2,0,0,"[[17,500]]","[0,-1,-1]",0,0
322,305,1001,16,3,0,Vận động viên Marathon,0,0,0,0,0,0,0,0,Chạy bộ quanh đảo để có khả năng chiến đấu không mệt mỏi.,-1,0,0,"[[18,200]]","[0,-1,-1]",0,0
323,305,1001,16,3,0,Vận động viên Marathon,0,0,0,0,0,0,0,0,Chạy bộ quanh đảo để có khả năng chiến đấu không mệt mỏi.,1,0,0,"[[18,200]]","[0,-1,-1]",0,0
324,306,1001,16,3,0,Vận động viên Marathon +1,0,0,0,0,0,0,0,0,Chạy bộ quanh đảo để có khả năng chiến đấu không mệt mỏi.,2,0,0,"[[18,250]]","[0,-1,-1]",0,0
326,310,1002,17,2,1,Thôi miên,46,120,320,1,0,10,30000,0,Tự thôi miên bản thân hoặc đồng đội để gia tăng giới hạn của đòn tấn công.,-1,0,0,[],"[0,-1,-1]",0,0
330,315,1003,18,2,1,Tekkai,46,120,320,1,0,10,30000,0,"Một trong 6 tuyệt kỹ của Lục Thức, biến các cơ bắp trở nên cứng như sắt thép.",-1,0,0,[],"[0,-1,-1]",0,0
334,320,1004,19,3,0,Ý chí của D,0,0,0,0,0,0,0,0,"Tăng khả năng kháng lại tác dụng phụ của đòn tấn công vật lý như Hoa mắt, choáng, chảy máu, giảm tấn công, giảm phòng thủ.",-1,0,0,[],"[0,-1,-1]",0,0
336,325,1005,20,3,0,Tinh thần võ sĩ đạo,0,0,0,0,0,0,0,0,"Tăng khả năng kháng lại tác dụng phụ của đòn tấn công thuộc tính như Lửa cháy, Đóng băng, Điện giật và Trúng độc.",-1,0,0,[],"[0,-1,-1]",0,0
339,375,3,24,4,0,Bazooka Thủy Chiến,133,120,320,1,80,2,1487,1,Tung một cú đấm nhanh như viên đạn súng lục.,1,0,0,"[[28,5],[29,60],[30,20]]","[5,60,20]",0,0
340,376,3,24,4,0,Bazooka Thủy Chiến,133,120,320,1,85,2,1487,1,Tung một cú đấm nhanh như viên đạn súng lục.,2,0,0,"[[28,5],[29,60],[30,20]]","[5,60,20]",0,0
341,377,3,24,4,0,Bazooka Thủy Chiến,133,120,320,1,92,2,1487,1,Tung một cú đấm nhanh như viên đạn súng lục.,3,0,0,"[[28,5],[29,60],[30,20]]","[5,60,20]",0,0
342,378,3,24,4,0,Bazooka Thủy Chiến,133,120,320,1,102,2,1487,1,Tung một cú đấm nhanh như viên đạn súng lục.,4,0,0,"[[28,5],[29,60],[30,20]]","[5,60,20]",0,0
343,379,3,24,4,0,Bazooka Thủy Chiến,134,120,320,1,114,2,1487,1,Tung một cú đấm nhanh như viên đạn súng lục.,5,0,0,"[[28,5],[29,60],[30,20]]","[5,60,20]",0,0
344,380,3,24,4,0,Bazooka Thủy Chiến,134,120,320,1,128,2,1487,1,Tung một cú đấm nhanh như viên đạn súng lục.,6,0,0,"[[28,5],[29,60],[30,20]]","[5,60,20]",0,0
345,381,3,24,4,0,Bazooka Thủy Chiến,134,120,320,1,145,2,1487,1,Tung một cú đấm nhanh như viên đạn súng lục.,7,0,0,"[[28,5],[29,60],[30,20]]","[5,60,20]",0,0
346,382,3,24,4,0,Bazooka Thủy Chiến,134,120,320,1,164,2,1487,1,Tung một cú đấm nhanh như viên đạn súng lục.,8,0,0,"[[28,5],[29,60],[30,20]]","[5,60,20]",0,0
347,383,3,24,4,0,Bazooka Thủy Chiến,134,120,320,1,186,2,1487,1,Tung một cú đấm nhanh như viên đạn súng lục.,9,0,0,"[[28,5],[29,60],[30,20]]","[5,60,20]",0,0
348,384,3,24,4,0,Bazooka Thủy Chiến,135,120,320,1,210,2,1487,1,Tung một cú đấm nhanh như viên đạn súng lục.,10,0,0,"[[28,5],[29,60],[30,20]]","[5,60,20]",0,0
349,385,3,24,4,0,Bazooka Thủy Chiến,135,120,320,1,237,2,1487,1,Tung một cú đấm nhanh như viên đạn súng lục.,11,0,0,"[[28,5],[29,60],[30,20]]","[5,60,20]",0,0
350,386,3,24,4,0,Bazooka Thủy Chiến,135,120,320,1,265,2,1487,1,Tung một cú đấm nhanh như viên đạn súng lục.,12,0,0,"[[28,5],[29,60],[30,20]]","[5,60,20]",0,0
351,387,3,24,4,0,Bazooka Thủy Chiến,135,120,320,1,297,2,1487,1,Tung một cú đấm nhanh như viên đạn súng lục.,13,0,0,"[[28,5],[29,60],[30,20]]","[5,60,20]",0,0
352,388,3,24,4,0,Bazooka Thủy Chiến,135,120,320,1,330,2,1487,1,Tung một cú đấm nhanh như viên đạn súng lục.,14,0,0,"[[28,5],[29,60],[30,20]]","[5,60,20]",0,0
353,389,3,24,4,0,Bazooka Thủy Chiến,135,120,320,1,367,2,1487,1,Tung một cú đấm nhanh như viên đạn súng lục.,15,0,0,"[[28,5],[29,60],[30,20]]","[5,60,20]",0,0
354,390,3,24,4,0,Bazooka Thủy Chiến,135,120,320,1,405,2,1487,1,Tung một cú đấm nhanh như viên đạn súng lục.,16,0,0,"[[28,5],[29,60],[30,20]]","[5,60,20]",0,0
355,391,3,24,4,0,Bazooka Thủy Chiến,135,120,320,1,446,2,1487,1,Tung một cú đấm nhanh như viên đạn súng lục.,17,0,0,"[[28,5],[29,60],[30,20]]","[5,60,20]",0,0
356,392,3,24,4,0,Bazooka Thủy Chiến,135,120,320,1,489,2,1487,1,Tung một cú đấm nhanh như viên đạn súng lục.,18,0,0,"[[28,5],[29,60],[30,20]]","[5,60,20]",0,0
357,393,3,24,4,0,Bazooka Thủy Chiến,135,120,320,1,535,2,1487,1,Tung một cú đấm nhanh như viên đạn súng lục.,19,0,0,"[[28,5],[29,60],[30,20]]","[5,60,20]",0,0
358,394,3,24,4,0,Bazooka Thủy Chiến,135,120,320,1,583,2,1487,1,Tung một cú đấm nhanh như viên đạn súng lục.,20,0,0,"[[28,5],[29,60],[30,20]]","[5,60,20]",0,0
359,395,3,25,4,0,Nhị trảm Thủy Chiến,42,120,320,1,85,2,1487,1,Tung ra 2 đường kiếm song song tấn công đối thủ từ khoản cách xa.,1,0,0,"[[28,2],[29,60],[30,40]]","[2,60,40]",0,0
360,395,3,25,4,0,Nhị trảm Thủy Chiến,42,120,120,1,80,2,1500,1,Tung ra 2 đường kiếm song song tấn công đối thủ từ khoản cách xa.,-1,0,0,"[[28,2],[29,60],[30,40]]","[2,60,40]",0,0
362,396,3,25,4,0,Nhị trảm Thủy Chiến,42,120,320,1,102,2,1487,1,Tung ra 2 đường kiếm song song tấn công đối thủ từ khoản cách xa.,2,0,0,"[[28,2],[29,60],[30,40]]","[2,60,40]",0,0
363,397,3,25,4,0,Nhị trảm Thủy Chiến,42,120,320,1,114,2,1487,1,Tung ra 2 đường kiếm song song tấn công đối thủ từ khoản cách xa.,3,0,0,"[[28,2],[29,60],[30,40]]","[2,60,40]",0,0
364,398,3,25,4,0,Nhị trảm Thủy Chiến,42,120,320,1,128,2,1487,1,Tung ra 2 đường kiếm song song tấn công đối thủ từ khoản cách xa.,4,0,0,"[[28,2],[29,60],[30,40]]","[2,60,40]",0,0
365,399,3,25,4,0,Nhị trảm Thủy Chiến,43,120,320,1,145,2,1487,1,Tung ra 2 đường kiếm song song tấn công đối thủ từ khoản cách xa.,5,0,0,"[[28,2],[29,60],[30,40]]","[2,60,40]",0,0
366,400,3,25,4,0,Nhị trảm Thủy Chiến,43,120,320,1,164,2,1487,1,Tung ra 2 đường kiếm song song tấn công đối thủ từ khoản cách xa.,6,0,0,"[[28,2],[29,60],[30,40]]","[2,60,40]",0,0
367,401,3,25,4,0,Nhị trảm Thủy Chiến,43,120,320,1,186,2,1487,1,Tung ra 2 đường kiếm song song tấn công đối thủ từ khoản cách xa.,7,0,0,"[[28,2],[29,60],[30,40]]","[2,60,40]",0,0
368,402,3,25,4,0,Nhị trảm Thủy Chiến,43,120,320,1,210,2,1487,1,Tung ra 2 đường kiếm song song tấn công đối thủ từ khoản cách xa.,8,0,0,"[[28,2],[29,60],[30,40]]","[2,60,40]",0,0
369,403,3,25,4,0,Nhị trảm Thủy Chiến,43,120,320,1,237,2,1487,1,Tung ra 2 đường kiếm song song tấn công đối thủ từ khoản cách xa.,9,0,0,"[[28,2],[29,60],[30,40]]","[2,60,40]",0,0
370,404,3,25,4,0,Nhị trảm Thủy Chiến,19,120,320,1,265,2,1487,1,Tung ra 2 đường kiếm song song tấn công đối thủ từ khoản cách xa.,10,0,0,"[[28,2],[29,60],[30,40]]","[2,60,40]",0,0
371,405,3,25,4,0,Nhị trảm Thủy Chiến,19,120,320,1,297,2,1487,1,Tung ra 2 đường kiếm song song tấn công đối thủ từ khoản cách xa.,11,0,0,"[[28,2],[29,60],[30,40]]","[2,60,40]",0,0
372,406,3,25,4,0,Nhị trảm Thủy Chiến,19,120,320,1,330,2,1487,1,Tung ra 2 đường kiếm song song tấn công đối thủ từ khoản cách xa.,12,0,0,"[[28,2],[29,60],[30,40]]","[2,60,40]",0,0
373,407,3,25,4,0,Nhị trảm Thủy Chiến,19,120,320,1,367,2,1487,1,Tung ra 2 đường kiếm song song tấn công đối thủ từ khoản cách xa.,13,0,0,"[[28,2],[29,60],[30,40]]","[2,60,40]",0,0
374,408,3,25,4,0,Nhị trảm Thủy Chiến,19,120,320,1,405,2,1487,1,Tung ra 2 đường kiếm song song tấn công đối thủ từ khoản cách xa.,14,0,0,"[[28,2],[29,60],[30,40]]","[2,60,40]",0,0
375,409,3,25,4,0,Nhị trảm Thủy Chiến,19,120,320,1,446,2,1487,1,Tung ra 2 đường kiếm song song tấn công đối thủ từ khoản cách xa.,15,0,0,"[[28,2],[29,60],[30,40]]","[2,60,40]",0,0
376,410,3,25,4,0,Nhị trảm Thủy Chiến,19,120,320,1,489,2,1487,1,Tung ra 2 đường kiếm song song tấn công đối thủ từ khoản cách xa.,16,0,0,"[[28,2],[29,60],[30,40]]","[2,60,40]",0,0
377,411,3,25,4,0,Nhị trảm Thủy Chiến,19,120,320,1,535,2,1487,1,Tung ra 2 đường kiếm song song tấn công đối thủ từ khoản cách xa.,17,0,0,"[[28,2],[29,60],[30,40]]","[2,60,40]",0,0
378,412,3,25,4,0,Nhị trảm Thủy Chiến,19,120,320,1,583,2,1487,1,Tung ra 2 đường kiếm song song tấn công đối thủ từ khoản cách xa.,18,0,0,"[[28,2],[29,60],[30,40]]","[2,60,40]",0,0
379,413,3,25,4,0,Nhị trảm Thủy Chiến,19,120,320,1,600,2,1487,1,Tung ra 2 đường kiếm song song tấn công đối thủ từ khoản cách xa.,19,0,0,"[[28,2],[29,60],[30,40]]","[2,60,40]",0,0
380,414,3,25,4,0,Nhị trảm Thủy Chiến,19,120,320,1,635,2,1487,1,Tung ra 2 đường kiếm song song tấn công đối thủ từ khoản cách xa.,20,0,0,"[[28,2],[29,60],[30,40]]","[2,60,40]",0,0
381,415,3,26,4,0,Knock out Thủy Chiến,136,120,120,1,80,2,1500,1,Lao đến đối phương và tung một cú đá khiến đối thủ bật lên cao.,1,0,0,"[[28,4],[29,60],[30,20]]","[4,60,20]",0,0
382,415,3,26,4,0,Knock out Thủy Chiến,136,120,120,1,80,2,1500,1,Lao đến đối phương và tung một cú đá khiến đối thủ bật lên cao.,-1,0,0,"[[28,4],[29,60],[30,20]]","[4,60,20]",0,0
383,416,3,26,4,0,Knock out Thủy Chiến,136,120,320,1,85,2,1487,1,Lao đến đối phương và tung một cú đá khiến đối thủ bật lên cao.,2,0,0,"[[28,4],[29,60],[30,20]]","[4,60,20]",0,0
385,417,3,26,4,0,Knock out Thủy Chiến,136,120,320,1,92,2,1487,1,Lao đến đối phương và tung một cú đá khiến đối thủ bật lên cao.,3,0,0,"[[28,4],[29,60],[30,20]]","[4,60,20]",0,0
386,418,3,26,4,0,Knock out Thủy Chiến,136,120,320,1,102,2,1487,1,Lao đến đối phương và tung một cú đá khiến đối thủ bật lên cao.,4,0,0,"[[28,4],[29,60],[30,20]]","[4,60,20]",0,0
387,419,3,26,4,0,Knock out Thủy Chiến,137,120,320,1,114,2,1487,1,Lao đến đối phương và tung một cú đá khiến đối thủ bật lên cao.,5,0,0,"[[28,4],[29,60],[30,20]]","[4,60,20]",0,0
388,420,3,26,4,0,Knock out Thủy Chiến,137,120,320,1,128,2,1487,1,Lao đến đối phương và tung một cú đá khiến đối thủ bật lên cao.,6,0,0,"[[28,4],[29,60],[30,20]]","[4,60,20]",0,0
389,421,3,26,4,0,Knock out Thủy Chiến,137,120,320,1,145,2,1487,1,Lao đến đối phương và tung một cú đá khiến đối thủ bật lên cao.,7,0,0,"[[28,4],[29,60],[30,20]]","[4,60,20]",0,0
390,422,3,26,4,0,Knock out Thủy Chiến,137,120,320,1,186,2,1487,1,Lao đến đối phương và tung một cú đá khiến đối thủ bật lên cao.,8,0,0,"[[28,4],[29,60],[30,20]]","[4,60,20]",0,0
391,423,3,26,4,0,Knock out Thủy Chiến,137,120,320,1,210,2,1487,1,Lao đến đối phương và tung một cú đá khiến đối thủ bật lên cao.,9,0,0,"[[28,4],[29,60],[30,20]]","[4,60,20]",0,0
392,424,3,26,4,0,Knock out Thủy Chiến,138,120,320,1,237,2,1487,1,Lao đến đối phương và tung một cú đá khiến đối thủ bật lên cao.,10,0,0,"[[28,4],[29,60],[30,20]]","[4,60,20]",0,0
393,425,3,26,4,0,Knock out Thủy Chiến,138,120,320,1,265,2,1487,1,Lao đến đối phương và tung một cú đá khiến đối thủ bật lên cao.,11,0,0,"[[28,4],[29,60],[30,20]]","[4,60,20]",0,0
394,426,3,26,4,0,Knock out Thủy Chiến,138,120,320,1,297,2,1487,1,Lao đến đối phương và tung một cú đá khiến đối thủ bật lên cao.,12,0,0,"[[28,4],[29,60],[30,20]]","[4,60,20]",0,0
395,427,3,26,4,0,Knock out Thủy Chiến,138,120,320,1,330,2,1487,1,Lao đến đối phương và tung một cú đá khiến đối thủ bật lên cao.,13,0,0,"[[28,4],[29,60],[30,20]]","[4,60,20]",0,0
396,428,3,26,4,0,Knock out Thủy Chiến,138,120,320,1,367,2,1487,1,Lao đến đối phương và tung một cú đá khiến đối thủ bật lên cao.,14,0,0,"[[28,4],[29,60],[30,20]]","[4,60,20]",0,0
397,429,3,26,4,0,Knock out Thủy Chiến,138,120,320,1,405,2,1487,1,Lao đến đối phương và tung một cú đá khiến đối thủ bật lên cao.,15,0,0,"[[28,4],[29,60],[30,20]]","[4,60,20]",0,0
398,430,3,26,4,0,Knock out Thủy Chiến,138,120,320,1,446,2,1487,1,Lao đến đối phương và tung một cú đá khiến đối thủ bật lên cao.,16,0,0,"[[28,4],[29,60],[30,20]]","[4,60,20]",0,0
399,431,3,26,4,0,Knock out Thủy Chiến,138,120,320,1,489,2,1487,1,Lao đến đối phương và tung một cú đá khiến đối thủ bật lên cao.,17,0,0,"[[28,4],[29,60],[30,20]]","[4,60,20]",0,0
400,432,3,26,4,0,Knock out Thủy Chiến,138,120,320,1,535,2,1487,1,Lao đến đối phương và tung một cú đá khiến đối thủ bật lên cao.,18,0,0,"[[28,4],[29,60],[30,20]]","[4,60,20]",0,0
401,433,3,26,4,0,Knock out Thủy Chiến,138,120,320,1,583,2,1487,1,Lao đến đối phương và tung một cú đá khiến đối thủ bật lên cao.,19,0,0,"[[28,4],[29,60],[30,20]]","[4,60,20]",0,0
402,434,3,26,4,0,Knock out Thủy Chiến,138,120,320,1,600,2,1487,1,Lao đến đối phương và tung một cú đá khiến đối thủ bật lên cao.,20,0,0,"[[28,4],[29,60],[30,20]]","[4,60,20]",0,0
403,435,3,27,4,0,Bóng điện Thủy Chiến,11,120,120,1,65,3,1500,1,Phóng những quả bóng hơi nước gây sock điện bất cứ ai đến gần nó.,1,0,0,"[[28,6],[29,120],[30,60]]","[6,120,60]",0,0
404,435,3,27,4,0,Bóng điện Thủy Chiến,11,120,120,1,65,3,1500,1,Phóng những quả bóng hơi nước gây sock điện bất cứ ai đến gần nó.,-1,0,0,"[[28,6],[29,120],[30,60]]","[6,120,60]",0,0
405,436,3,27,4,0,Bóng điện Thủy Chiến,11,120,320,1,85,3,1487,1,Phóng những quả bóng hơi nước gây sock điện bất cứ ai đến gần nó.,2,0,0,"[[28,6],[29,120],[30,60]]","[6,120,60]",0,0
407,437,3,27,4,0,Bóng điện Thủy Chiến,11,120,320,1,92,3,1487,1,Phóng những quả bóng hơi nước gây sock điện bất cứ ai đến gần nó.,3,0,0,"[[28,6],[29,120],[30,60]]","[6,120,60]",0,0
408,438,3,27,4,0,Bóng điện Thủy Chiến,11,120,320,1,103,3,1487,1,Phóng những quả bóng hơi nước gây sock điện bất cứ ai đến gần nó.,4,0,0,"[[28,6],[29,120],[30,60]]","[6,120,60]",0,0
409,439,3,27,4,0,Bóng điện Thủy Chiến,139,120,320,1,114,3,1487,1,Phóng những quả bóng hơi nước gây sock điện bất cứ ai đến gần nó.,5,0,0,"[[28,6],[29,120],[30,60]]","[6,120,60]",0,0
410,440,3,27,4,0,Bóng điện Thủy Chiến,139,120,320,1,128,3,1487,1,Phóng những quả bóng hơi nước gây sock điện bất cứ ai đến gần nó.,6,0,0,"[[28,6],[29,120],[30,60]]","[6,120,60]",0,0
411,441,3,27,4,0,Bóng điện Thủy Chiến,139,120,320,1,145,3,1487,1,Phóng những quả bóng hơi nước gây sock điện bất cứ ai đến gần nó.,7,0,0,"[[28,6],[29,120],[30,60]]","[6,120,60]",0,0
412,442,3,27,4,0,Bóng điện Thủy Chiến,139,120,320,1,164,3,1487,1,Phóng những quả bóng hơi nước gây sock điện bất cứ ai đến gần nó.,8,0,0,"[[28,6],[29,120],[30,60]]","[6,120,60]",0,0
413,443,3,27,4,0,Bóng điện Thủy Chiến,139,120,320,1,186,3,1487,1,Phóng những quả bóng hơi nước gây sock điện bất cứ ai đến gần nó.,9,0,0,"[[28,6],[29,120],[30,60]]","[6,120,60]",0,0
414,444,3,27,4,0,Bóng điện Thủy Chiến,140,120,320,1,210,3,1487,1,Phóng những quả bóng hơi nước gây sock điện bất cứ ai đến gần nó.,10,0,0,"[[28,6],[29,120],[30,60]]","[6,120,60]",0,0
415,445,3,27,4,0,Bóng điện Thủy Chiến,140,120,320,1,237,3,1487,1,Phóng những quả bóng hơi nước gây sock điện bất cứ ai đến gần nó.,11,0,0,"[[28,6],[29,120],[30,60]]","[6,120,60]",0,0
416,446,3,27,4,0,Bóng điện Thủy Chiến,140,120,320,1,265,3,1487,1,Phóng những quả bóng hơi nước gây sock điện bất cứ ai đến gần nó.,12,0,0,"[[28,6],[29,120],[30,60]]","[6,120,60]",0,0
417,447,3,27,4,0,Bóng điện Thủy Chiến,140,120,320,1,297,3,1487,1,Phóng những quả bóng hơi nước gây sock điện bất cứ ai đến gần nó.,13,0,0,"[[28,6],[29,120],[30,60]]","[6,120,60]",0,0
418,448,3,27,4,0,Bóng điện Thủy Chiến,140,120,320,1,330,3,1487,1,Phóng những quả bóng hơi nước gây sock điện bất cứ ai đến gần nó.,14,0,0,"[[28,6],[29,120],[30,60]]","[6,120,60]",0,0
419,449,3,27,4,0,Bóng điện Thủy Chiến,140,120,320,1,367,3,1487,1,Phóng những quả bóng hơi nước gây sock điện bất cứ ai đến gần nó.,15,0,0,"[[28,6],[29,120],[30,60]]","[6,120,60]",0,0
420,450,3,27,4,0,Bóng điện Thủy Chiến,140,120,320,1,405,3,1487,1,Phóng những quả bóng hơi nước gây sock điện bất cứ ai đến gần nó.,16,0,0,"[[28,6],[29,120],[30,60]]","[6,120,60]",0,0
421,451,3,27,4,0,Bóng điện Thủy Chiến,140,120,320,1,446,3,1487,1,Phóng những quả bóng hơi nước gây sock điện bất cứ ai đến gần nó.,17,0,0,"[[28,6],[29,120],[30,60]]","[6,120,60]",0,0
422,452,3,27,4,0,Bóng điện Thủy Chiến,140,120,320,1,489,3,1487,1,Phóng những quả bóng hơi nước gây sock điện bất cứ ai đến gần nó.,18,0,0,"[[28,6],[29,120],[30,60]]","[6,120,60]",0,0
423,453,3,27,4,0,Bóng điện Thủy Chiến,140,120,320,1,535,3,1487,1,Phóng những quả bóng hơi nước gây sock điện bất cứ ai đến gần nó.,19,0,0,"[[28,6],[29,120],[30,60]]","[6,120,60]",0,0
424,454,3,27,4,0,Bóng điện Thủy Chiến,140,120,320,1,583,3,1487,1,Phóng những quả bóng hơi nước gây sock điện bất cứ ai đến gần nó.,20,0,0,"[[28,6],[29,120],[30,60]]","[6,120,60]",0,0
425,455,3,28,4,0,Quả cầu lửa Thủy Chiến,7,120,120,1,70,3,1500,1,Sử dụng súng hạng nặng phóng một quả cầu lửa vào đối thủ.,1,0,0,"[[28,7],[29,120],[30,60]]","[7,120,60]",0,0
426,455,3,28,4,0,Quả cầu lửa Thủy Chiến,7,120,120,1,70,3,1500,1,Sử dụng súng hạng nặng phóng một quả cầu lửa vào đối thủ.,-1,0,0,"[[28,7],[29,120],[30,60]]","[7,120,60]",0,0
427,456,3,28,4,0,Quả cầu lửa Thủy Chiến,7,120,320,1,85,3,1487,1,Sử dụng súng hạng nặng phóng một quả cầu lửa vào đối thủ.,2,0,0,"[[28,7],[29,120],[30,60]]","[7,120,60]",0,0
429,457,3,28,4,0,Quả cầu lửa Thủy Chiến,7,120,320,1,92,3,1487,1,Sử dụng súng hạng nặng phóng một quả cầu lửa vào đối thủ.,3,0,0,"[[28,7],[29,120],[30,60]]","[7,120,60]",0,0
430,458,3,28,4,0,Quả cầu lửa Thủy Chiến,7,120,320,1,102,3,1487,1,Sử dụng súng hạng nặng phóng một quả cầu lửa vào đối thủ.,4,0,0,"[[28,7],[29,120],[30,60]]","[7,120,60]",0,0
431,459,3,28,4,0,Quả cầu lửa Thủy Chiến,141,120,320,1,114,3,1487,1,Sử dụng súng hạng nặng phóng một quả cầu lửa vào đối thủ.,5,0,0,"[[28,7],[29,120],[30,60]]","[7,120,60]",0,0
432,460,3,28,4,0,Quả cầu lửa Thủy Chiến,141,120,320,1,128,3,1487,1,Sử dụng súng hạng nặng phóng một quả cầu lửa vào đối thủ.,6,0,0,"[[28,7],[29,120],[30,60]]","[7,120,60]",0,0
433,461,3,28,4,0,Quả cầu lửa Thủy Chiến,141,120,320,1,145,3,1487,1,Sử dụng súng hạng nặng phóng một quả cầu lửa vào đối thủ.,7,0,0,"[[28,7],[29,120],[30,60]]","[7,120,60]",0,0
434,462,3,28,4,0,Quả cầu lửa Thủy Chiến,141,120,320,1,164,3,1487,1,Sử dụng súng hạng nặng phóng một quả cầu lửa vào đối thủ.,8,0,0,"[[28,7],[29,120],[30,60]]","[7,120,60]",0,0
435,463,3,28,4,0,Quả cầu lửa Thủy Chiến,141,120,320,1,186,3,1487,1,Sử dụng súng hạng nặng phóng một quả cầu lửa vào đối thủ.,9,0,0,"[[28,7],[29,120],[30,60]]","[7,120,60]",0,0
436,464,3,28,4,0,Quả cầu lửa Thủy Chiến,142,120,320,1,210,3,1487,1,Sử dụng súng hạng nặng phóng một quả cầu lửa vào đối thủ.,10,0,0,"[[28,7],[29,120],[30,60]]","[7,120,60]",0,0
437,465,3,28,4,0,Quả cầu lửa Thủy Chiến,142,120,320,1,237,3,1487,1,Sử dụng súng hạng nặng phóng một quả cầu lửa vào đối thủ.,11,0,0,"[[28,7],[29,120],[30,60]]","[7,120,60]",0,0
438,466,3,28,4,0,Quả cầu lửa Thủy Chiến,142,120,320,1,265,3,1487,1,Sử dụng súng hạng nặng phóng một quả cầu lửa vào đối thủ.,12,0,0,"[[28,7],[29,120],[30,60]]","[7,120,60]",0,0
439,467,3,28,4,0,Quả cầu lửa Thủy Chiến,142,120,320,1,297,3,1487,1,Sử dụng súng hạng nặng phóng một quả cầu lửa vào đối thủ.,13,0,0,"[[28,7],[29,120],[30,60]]","[7,120,60]",0,0
440,468,3,28,4,0,Quả cầu lửa Thủy Chiến,142,120,320,1,330,3,1487,1,Sử dụng súng hạng nặng phóng một quả cầu lửa vào đối thủ.,14,0,0,"[[28,7],[29,120],[30,60]]","[7,120,60]",0,0
441,469,3,28,4,0,Quả cầu lửa Thủy Chiến,142,120,320,1,367,3,1487,1,Sử dụng súng hạng nặng phóng một quả cầu lửa vào đối thủ.,15,0,0,"[[28,7],[29,120],[30,60]]","[7,120,60]",0,0
442,470,3,28,4,0,Quả cầu lửa Thủy Chiến,142,120,320,1,405,3,1487,1,Sử dụng súng hạng nặng phóng một quả cầu lửa vào đối thủ.,16,0,0,"[[28,7],[29,120],[30,60]]","[7,120,60]",0,0
443,471,3,28,4,0,Quả cầu lửa Thủy Chiến,142,120,320,1,446,3,1487,1,Sử dụng súng hạng nặng phóng một quả cầu lửa vào đối thủ.,17,0,0,"[[28,7],[29,120],[30,60]]","[7,120,60]",0,0
444,472,3,28,4,0,Quả cầu lửa Thủy Chiến,142,120,320,1,489,3,1487,1,Sử dụng súng hạng nặng phóng một quả cầu lửa vào đối thủ.,18,0,0,"[[28,7],[29,120],[30,60]]","[7,120,60]",0,0
445,473,3,28,4,0,Quả cầu lửa Thủy Chiến,142,120,320,1,535,3,1487,1,Sử dụng súng hạng nặng phóng một quả cầu lửa vào đối thủ.,19,0,0,"[[28,7],[29,120],[30,60]]","[7,120,60]",0,0
446,474,3,28,4,0,Quả cầu lửa Thủy Chiến,142,120,320,1,583,3,1487,1,Sử dụng súng hạng nặng phóng một quả cầu lửa vào đối thủ.,20,0,0,"[[28,7],[29,120],[30,60]]","[7,120,60]",0,0
447,475,2003,29,1,0,Nắm đấm lửa,2,120,120,1,2025,30,15000,1,Hàng loạt đòn đánh lửa cực mạnh từ trên trời giáng xuống như một trận bão. 450% sát thương của chiêu thức Quả đấm tốc độ,1,0,1,"[[11,250],[13,150],[28,7],[29,400],[30,50]]","[7,400,50]",0,0
448,476,2004,30,1,0,Hỏa quyền,3,120,120,3,1125,40,17500,3,Giải phóng nguồn năng lượng lửa khổng lồ của bản thân quét sạch mọi thứ trên đường đi. 250% sát thương của chiêu thức Quả đấm tốc độ,1,0,1,"[[11,200],[13,150],[28,4],[29,300],[30,40]]","[4,300,40]",0,0
449,477,2005,31,1,0,Súng máy causu,164,120,120,1,2500,35,15000,1,Liên hoàn những cú đấm được tung ra với tốc độ như một khẩu súng máy. 500% sát thương của chiêu thức Quả đấm tốc độ,1,0,1,"[[13,200],[21,10],[22,5],[28,1],[29,300],[30,30]]","[1,300,30]",0,0
450,478,2006,32,3,0,Sức mạnh của lửa,0,0,0,0,0,0,0,0,Thiêu cháy những kẻ dám coi thường sức mạnh của lửa.,1,0,1,"[[1,300],[2,500],[13,500]]","[0,-1,-1]",0,0
451,479,2007,33,3,0,Chất bất ổn,0,0,0,0,0,0,0,0,Sự dẻo dai của cau su giúp tăng sức chịu đựng của bản thân lên một mức mới.,1,0,1,"[[4,250],[12,150],[14,150],[17,100]]","[0,-1,-1]",0,0
452,480,2008,34,2,1,Sức sống bất diệt,46,120,120,1,0,50,40000,0,Vận dụng sức mạnh cau su để cường hóa cơ thể trở nên cứng cáp hơn.,1,0,1,"[[53,100],[17,250],[19,30],[26,150],[27,150],[31,1],[32,200]]","[0,-1,-1]",0,0
453,481,2009,35,2,1,Hóa tuần lộc,165,120,120,1,0,100,35000,0,Đổi dạng thành tuần lộc tăng đồng thời khả năng tấn công và phòng ngự.,1,0,1,"[[1,150],[2,150],[13,100],[17,150],[26,100],[31,1],[32,300]]","[0,-1,-1]",0,0
454,482,2010,36,2,1,Thuốc tăng trưởng,46,120,120,1,0,50,40000,0,Dùng một viên thuốc giúp tăng khả năng quan sát tìm ra điểm yếu đối phương để tấn công .,1,0,1,"[[2,2000],[10,100],[11,150],[13,150],[31,1],[32,200]]","[0,-1,-1]",0,0
455,483,2011,37,3,0,Tiến hóa,0,0,0,0,0,0,0,0,Quá trình tiến hóa giúp bản thân cân bằng giữa sức mạnh và khả năng chịu đựng.,1,0,1,"[[1,150],[3,15],[17,150],[26,150]]","[0,-1,-1]",0,0
456,484,2012,38,3,0,Khói bất tử,0,0,0,0,0,0,0,0,Biến đổi cơ thể tăng khả năng tránh đòn cũng như tối ưu háo sát thương bản thân.,1,0,1,"[[1,150],[12,150],[13,150]]","[0,-1,-1]",0,0
457,485,2013,39,1,0,Khói tốc độ,232,120,120,1,1225,30,12000,1,Tốc độ tung đòn với vận tốc ánh sáng của quả đấm khói. 350% sát thương của chiêu thức Quả đấm tốc độ,1,0,1,"[[13,200],[28,2],[29,250],[30,30]]","[2,250,30]",0,0
458,486,2014,40,1,0,Mưa khói,10,120,120,3,1750,40,17500,3,Một trận mưa khói lớn đổ xuống tất cả các đối thủ trong tầm ngắm. 250% sát thương của chiêu thức Quả đấm tốc độ,1,0,1,"[[10,150],[28,5],[29,100],[30,30]]","[5,100,30]",0,0
459,512,2015,46,3,0,Bất khuất,0,0,0,0,0,0,0,0,Thể lực dồi dào giúp cơ thể tăng khả năng chịu đựng lên đến giới hạn. ,1,0,1,"[[4,250],[14,100],[17,200]]","[0,-1,-1]",0,0
460,513,2016,47,2,1,Hóa bò tót,165,120,120,1,0,100,35000,0,Đổi dạng thành bò tót tăng sự chóng chịu của bản thân gấp nhiều lần.,1,0,1,"[[4,150],[12,150],[17,100],[27,100],[31,1],[32,300]]","[0,-1,-1]",0,0
461,514,2017,48,2,1,Bản năng thủ lĩnh,46,120,120,1,0,50,40000,0,"Tăng cường sự tập trung gấp nhiều lần , tránh né chiêu thức của đối phương cũng như tìm ra điểm yếu của họ.",1,0,1,"[[12,150],[14,200],[18,100],[26,50],[27,50],[31,1],[32,300]]","[0,-1,-1]",0,0
462,515,2018,49,2,1,Nét vẽ sức mạnh,46,120,120,3,0,70,40000,0,Khả năng đặt biệt vẽ hình lên đồng đội và bản thân giúp cả hai mạnh mẽ hơn.,1,0,1,"[[1,200],[10,200],[13,200],[31,1],[32,250]]","[0,-1,-1]",0,0
463,516,2019,50,2,1,Nét vẽ phòng thủ,46,120,120,3,0,70,40000,0,Giúp tăng sự chống chịu cảu bản thân và đồng đội nhờ nét vẽ huyền bí.,1,0,1,"[[12,200],[14,200],[26,150],[27,150],[31,1],[32,250]]","[0,-1,-1]",0,0
464,517,2020,51,2,1,Nét vẽ cường hóa,46,120,120,1,0,70,40000,0,Tự nâng cấp bản thân giúp tăng khả năng hồi phục máu và năng lượng.,1,0,1,"[[17,200],[18,200],[19,10],[20,15],[31,1],[32,250]]","[0,-1,-1]",0,0
465,518,2021,52,3,0,Cát linh động,0,0,200,0,0,0,0,0,Phân tử cát tạo nên sự cân bằng trong phòng ngự giúp cơ thể giảm phần lớn sát thương nhận vào.,1,0,1,"[[4,250],[12,200],[27,250]]","[0,-1,-1]",0,0
466,519,2022,53,3,0,Tuyết tê tái,0,0,0,0,0,0,0,0,Băng lạnh giá từ cơ thể giúp các đòn đánh trở nên mạnh mẽ cũng như giảm sức chống chịu đối phương ,1,0,1,"[[1,250],[2,250],[13,250]]","[0,-1,-1]",0,0
467,520,2023,54,1,0,Bão cát sa mạc,26,120,320,3,208,40,16769,3,Vận sức mạnh để hội tụ các tinh thể cát xung quang người tại thành 1 trận bảo cát. 260% sát thương của chiêu thức Quả đấm tốc độ,1,0,1,"[[10,250],[11,250],[28,3],[29,300],[30,30]]","[3,300,30]",0,0
468,521,2024,55,1,0,Cát lưu động,25,120,320,1,400,35,14355,1,Hóa thân thành cát lẫn vào không khí rồi bất ngờ xuất hiện gần đối thủ tung ra một đòn đánh vỡ tan đất cát. 500% sát thương của chiêu thức Quả đấm tốc độ,1,0,1,"[[10,250],[13,250],[21,15],[28,1],[29,250],[30,40]]","[1,250,40]",0,0
469,522,2025,56,1,0,Mưa băng,4,120,120,3,784,40,17500,3,Ngưng động tinh thể nước từ không khí tạo thành các tảng băng khổng lồ ngay trên đầu đối thủ và rơi xuống gây sát thương cực mạnh. 280% sát thương của chiêu thức Quả đấm tốc độ,1,0,1,"[[13,400],[28,2],[29,250],[30,35]]","[2,250,35]",0,0
470,523,2026,57,1,0,Băng vĩnh cửu,5,120,120,1,1400,35,15000,1,Biến hóa nước từ bản thân và xung quang tạo thành 1 thanh kiếm băng rồi tung ra đòn đánh làm đối thủ hóa băng. 500% sát thương của chiêu thức Quả đấm tốc độ,1,0,1,"[[13,500],[22,20],[28,8],[29,350],[30,30]]","[8,350,30]",0,0
471,524,2027,58,3,0,Ý chí thần sấm,0,0,0,0,0,0,0,0,Quy tụ sức mạnh từ tự nhiên vượt xa sự khả năng của con người.,1,0,1,"[[10,300],[11,300],[13,300]]","[0,-1,-1]",0,0
472,525,2028,59,2,1,Bùng nổ sức mạnh,46,120,120,1,0,85,40000,0,Bùng phát mọi nguồn sức mạnh trong cơ thể giúp cường hóa từng đòn đánh.,1,0,1,"[[1,350],[2,350],[31,1],[32,250]]","[0,-1,-1]",0,0
473,526,2029,60,1,0,Lôi phạt,169,120,120,1,4225,38,16000,1,Giáng một luồng sét khổng lồ xuống những kẻ dám động đến thần. 650% sát thương của chiêu thức Quả đấm tốc độ,1,0,1,"[[10,350],[11,350],[28,6],[29,350],[30,35]]","[6,350,35]",0,0
474,527,2030,61,1,0,Sấm chớp rền vang,170,120,120,3,1950,45,19000,1,Tạo ra một trận bão sấm chớp lên toàn khu vực gây cho đối thủ nổi kinh hoàng. 300% sát thương của chiêu thức Quả đấm tốc độ,1,0,1,"[[1,300],[13,400],[28,4],[29,350],[30,35]]","[4,350,35]",0,0
475,528,2031,62,3,0,Nỗi đau bỏng cháy,0,0,0,0,0,0,0,0,Thiêu đốt tất cả mọi thứ chạm vào bản thân cũng như gia tăng sức mạnh cơ thể từ nham thạch,1,0,1,"[[1,300],[2,300],[14,300]]","[0,-1,-1]",0,0
476,529,2032,63,2,1,Bùng cháy,46,120,120,1,0,85,40000,0,Làm bỏng các mục tiêu từ sự khắc nghiệt và bỏng rát của nham thạch kiến dối thủ không thể phục hồi.,1,0,1,"[[1,350],[10,350],[31,1],[32,250]]","[0,-1,-1]",0,0
477,530,2033,64,1,0,Cột lửa,239,120,120,1,4356,38,16000,1,Nguồn sức mạnh bùng phát mạnh mẽ từ lòng đất tạo thành một cột lửa cao ngất. 660% sát thương của chiêu thức Quả đấm tốc độ,1,0,1,"[[11,200],[13,500],[28,7],[29,350],[30,35]]","[7,350,35]",0,0
478,531,2034,65,1,0,Bão nham thạch,240,120,120,3,1848,45,19000,1,Phá tan hoàn toàn vùng đất ấy bằng liên tiếp những cột nham thạch với cái nóng khủng kiếp. 280% sát thương của chiêu thức Quả đấm tốc độ,1,0,1,"[[1,350],[2,350],[28,1],[29,250],[30,25]]","[1,250,25]",0,0
479,533,2036,67,3,0,Chim săn mồi,0,0,0,0,0,0,0,0,Thân thủ nhanh nhạnh như loài chim ưng tấn công bất ngờ làm đối thủ không kịp trở tay.,1,0,1,"[[1,300],[10,200],[11,150]]","[0,-1,-1]",0,0
480,534,2037,68,2,1,Hóa chim ưng,165,120,120,1,0,120,40000,0,Đổi dạng thành chim ưng cường hóa tấn công lên nhiều lần đồng thời tăng sức chịu đựng bản thân.,1,0,1,"[[2,350],[13,300],[17,150],[31,1],[32,300]]","[0,-1,-1]",0,0
481,535,2038,69,1,0,Cơn lốc - Ưng kích,179,120,120,1,3025,30,12000,1,Tung ra đòn đánh hình cơn lốc lướt qua đối thủ nếu ở dạng chim ưng sẽ công kích đối thủ từ trên không và gây thêm 15% sát thương. 550% sát thương của chiêu thức Quả đấm tốc độ,1,0,1,"[[10,200],[13,300],[28,4],[29,300],[30,25]]","[4,300,25]",0,0
482,536,2039,70,3,0,Tia chớp,0,0,0,0,0,0,0,0,"Tinh hoa của loài báo đốm nhanh nhẹn, bất ngờ và chính xác hạ gục kẻ địch trong thoáng chốc.",1,0,1,"[[1,250],[9,10],[10,50],[11,350]]","[0,-1,-1]",0,0
483,537,2040,71,2,1,Hóa báo đốm,165,120,120,1,0,120,40000,0,Đổi dạng thành báo đốm gây sát thương sốc và nâng cao chịu đòn cho bản thân.,1,0,1,"[[2,350],[13,500],[31,1],[32,300]]","[0,-1,-1]",0,0
484,538,2041,72,1,0,Sóng âm - Xung kích,209,120,120,1,3600,35,12500,1,Vân dụng sức mạnh chưa được khám phá tạo ra luồng sóng cực lớn đánh bật kẻ địch nếu ở dạng báo  sẽ tăng 15% sát thương vào đối phương. 600% sát thương của chiêu thức Quả đấm tốc độ,1,0,1,"[[10,100],[11,250],[13,350],[28,2],[29,400],[30,15]]","[2,400,15]",0,0
485,539,2042,73,2,1,Kình lực,46,120,120,1,0,90,40000,0,Hấp thụ tất cả các chuyển động của trái đất chuyển hóa chúng thành luồng sát thương và giáp khổng lồ.,1,0,1,"[[10,400],[14,300],[31,1],[32,250]]","[0,-1,-1]",0,0
486,540,2043,74,3,0,Địa chấn,0,0,0,0,0,0,0,0,Nâng cao khả năng sát thương bằng khí lực bộc phá toàn bộ đối thủ dám thách thức.,1,0,1,"[[1,350],[2,400],[53,150]]","[0,-1,-1]",0,0
487,541,2044,75,1,0,Vết nứt,211,120,120,3,75,50,20000,1,Vận dụng sức mạnh của thiên nhiên tấn công đối phương từ các đợt khí bốc lên từ lòng đất. 300% sát thương của chiêu Quả đấm tốc độ,1,0,1,"[[1,400],[13,350],[28,4],[29,200],[30,25]]","[4,200,25]",0,0
488,542,2045,76,1,0,Bộc phá,210,120,120,3,75,50,20000,1,Liên tiếp công kích đôi phương bằng từng đợt sóng không khí tích tụ trong lòng đất. 300% sát thương của chiêu thức Quả đấm tốc độ,1,0,1,"[[28,9],[29,500],[30,15]]","[9,500,15]",0,0
489,543,2046,80,1,0,Loạn trảm,245,120,120,1,1600,30,15000,1,Tung ra hàng loạt những đòn chém vào đối phương với tốc độ kinh hoàng. 400% sát thương của chiêu thức Quả đấm tốc độ,1,0,1,"[[10,200],[13,150],[28,2],[29,300],[30,40]]","[2,300,40]",0,0
490,544,2047,81,1,0,Ảo ảnh trảm,249,120,120,3,1120,45,18000,1,Lướt qua tất cả mục tiêu tung chém nhanh đến mức không ai có thể kịp phản ứng. 280% sát thương của chiêu thức Quả đấm tốc độ,1,0,1,"[[1,350],[10,250]]","[0,-1,-1]",0,0
491,545,2048,82,3,0,Thân thể thép,0,0,0,0,0,0,0,0,Sức mạnh từ thép tôi luyện nâng cao khả năng chịu đựng đến không tưởng.,1,0,1,"[[4,200],[53,100],[12,100],[27,150]]","[0,-1,-1]",0,0
492,546,2049,78,1,0,Lao sáp,247,120,120,1,2500,30,15000,1,Tạo ra những mỏ neo từ sức mạnh của bản thân phóng liên tiếp vào đối thủ. 500% sát thương của chiêu thức Quả đấm tốc độ,1,0,1,"[[28,4],[29,250],[30,40]]","[4,250,40]",0,0
493,547,2050,77,1,0,Đao không kích,246,120,120,3,1300,45,18000,1,Tích tụ ngay phía trên đối thủ 1 thanh gươm to sau đó lao xuống với tốc độ kinh hoàng. 260% sát thương của chiêu thức Quả đấm tốc độ,1,0,1,"[[13,300]]","[0,-1,-1]",0,0
494,548,2051,79,3,0,Giáp sáp,0,0,0,0,0,0,0,0,Cường hóa bản thân với sự bảo vệ của lớp giáp sáp với độ cứng còn hơn sắt thép,1,0,1,"[[1,250],[53,100],[14,100],[26,150]]","[0,-1,-1]",0,0
495,549,2052,83,1,0,Sức nặng ngàn cân,248,120,120,1,1600,30,15000,1,Biến hóa cơ thể nhẹ hơn không khí vụt bay lên rồi tăng nhanh trọng lượng đến ngàn cân lao xuống đối thủ. 400% sát thương của chiêu thức Quả đấm tốc độ,1,0,1,"[[1,200],[10,200],[28,1],[29,200],[30,20]]","[1,200,20]",0,0
496,550,2053,84,2,1,Tăng trọng,46,120,120,1,0,60,35000,0,Tăng nhanh trọng lượng cơ thể để tăng sức chịu đựng hoặc giảm trọng lượng để nhanh nhẹn hơn.,1,0,1,"[[1,250],[12,100],[15,20],[31,1],[32,200]]","[0,-1,-1]",0,0
497,551,2054,85,3,0,Thần hộ thể,0,0,0,0,0,0,0,0,Biến ảo cơ thể giúp nó có thể chịu đựng được bền bỉ hơn mọi đối thủ.,1,0,1,"[[3,20],[14,100],[17,100],[27,100]]","[0,-1,-1]",0,0
499,552,1006,86,3,0,Nổ lực không ngừng,0,0,0,0,0,0,0,0,Quá trình luyện tập gian khổ giúp cơ thể tự tạo lớp phòng thủ hóa giải sát thương từ đối thủ,1,0,0,"[[53,50]]","[0,-1,-1]",0,0
502,557,1007,87,3,0,Luyện tập gian khổ,0,0,0,0,0,0,0,0,Chăm chỉ luyện tập mỗi ngày đưa bản thân đến mức miễn nhiểm mọi hiệu ứng.,1,0,0,"[[47,25]]","[0,-1,-1]",0,0
782,302,1000,15,3,0,Bản năng sinh tồn +2,0,0,0,0,0,0,0,0,"Rèn luyện cách sinh tồn trong rừng, tăng sức chịu đựng cơ thể.",3,0,0,"[[17,600],[19,15]]","[0,-1,-1]",0,0
784,303,1000,15,3,0,Bản năng sinh tồn +3,0,0,0,0,0,0,0,0,"Rèn luyện cách sinh tồn trong rừng, tăng sức chịu đựng cơ thể.",4,0,0,"[[17,700],[19,30]]","[0,-1,-1]",0,0
786,304,1000,15,3,0,Bản năng sinh tồn +4,0,0,0,0,0,0,0,0,"Rèn luyện cách sinh tồn trong rừng, tăng sức chịu đựng cơ thể.",5,0,0,"[[17,1000],[19,50]]","[0,-1,-1]",0,0
792,307,1001,16,3,0,Vận động viên Marathon +2,0,0,0,0,0,0,0,0,Chạy bộ quanh đảo để có khả năng chiến đấu không mệt mỏi.,3,0,0,"[[18,300],[20,2]]","[0,-1,-1]",0,0
794,308,1001,16,3,0,Vận động viên Marathon +3,0,0,0,0,0,0,0,0,Chạy bộ quanh đảo để có khả năng chiến đấu không mệt mỏi.,4,0,0,"[[18,350],[20,5]]","[0,-1,-1]",0,0
796,309,1001,16,3,0,Vận động viên Marathon +4,0,0,0,0,0,0,0,0,Chạy bộ quanh đảo để có khả năng chiến đấu không mệt mỏi.,5,0,0,"[[18,400],[20,8]]","[0,-1,-1]",0,0
798,310,1002,17,2,1,Thôi miên,46,120,120,1,0,10,30000,0,Tự thôi miên bản thân hoặc đồng đội để gia tăng giới hạn của đòn tấn công.,1,0,0,"[[1,150],[31,1],[32,120]]","[0,-1,-1]",0,0
800,311,1002,17,2,2,Thôi miên +1,46,120,120,2,0,20,29000,0,Tự thôi miên bản thân hoặc đồng đội để gia tăng giới hạn của đòn tấn công.,2,0,0,"[[1,200],[31,2],[32,140]]","[0,-1,-1]",0,0
802,312,1002,17,2,2,Thôi miên +2,46,120,120,3,0,40,28000,0,Tự thôi miên bản thân hoặc đồng đội để gia tăng giới hạn của đòn tấn công.,3,0,0,"[[1,250],[11,100],[31,2],[32,160]]","[0,-1,-1]",0,0
804,313,1002,17,2,2,Thôi miên +3,46,120,120,4,0,80,27000,0,Tự thôi miên bản thân hoặc đồng đội để gia tăng giới hạn của đòn tấn công.,4,0,0,"[[1,300],[11,150],[31,2],[32,180]]","[0,-1,-1]",0,0
806,314,1002,17,2,2,Thôi miên +4,46,120,120,5,0,120,26000,0,Tự thôi miên bản thân hoặc đồng đội để gia tăng giới hạn của đòn tấn công.,5,0,0,"[[1,350],[11,200],[31,2],[32,200]]","[0,-1,-1]",0,0
808,315,1003,18,2,1,Tekkai,46,120,120,1,0,10,30000,0,"Một trong 6 tuyệt kỹ của Lục Thức, biến các cơ bắp trở nên cứng như sắt thép.",1,0,0,"[[4,200],[31,1],[32,120]]","[0,-1,-1]",0,0
810,316,1003,18,2,1,Tekkai +1,46,120,120,1,0,20,29000,0,"Một trong 6 tuyệt kỹ của Lục Thức, biến các cơ bắp trở nên cứng như sắt thép.",2,0,0,"[[4,250],[31,1],[32,140]]","[0,-1,-1]",0,0
812,317,1003,18,2,1,Tekkai +2,46,120,120,1,0,40,28000,0,"Một trong 6 tuyệt kỹ của Lục Thức, biến các cơ bắp trở nên cứng như sắt thép.",3,0,0,"[[4,300],[14,50],[31,1],[32,160]]","[0,-1,-1]",0,0
814,318,1003,18,2,1,Tekkai +3,46,120,120,1,0,80,27000,0,"Một trong 6 tuyệt kỹ của Lục Thức, biến các cơ bắp trở nên cứng như sắt thép.",4,0,0,"[[4,350],[14,70],[31,1],[32,180]]","[0,-1,-1]",0,0
816,319,1003,18,2,1,Tekkai +4,46,120,120,1,0,120,26000,0,"Một trong 6 tuyệt kỹ của Lục Thức, biến các cơ bắp trở nên cứng như sắt thép.",5,0,0,"[[4,400],[14,100],[31,1],[32,200]]","[0,-1,-1]",0,0
818,320,1004,19,3,0,Ý chí của D,0,0,0,0,0,0,0,0,"Tăng khả năng kháng lại tác dụng phụ của đòn tấn công vật lý như Hoa mắt, choáng, chảy máu, giảm tấn công, giảm phòng thủ.",1,0,0,"[[26,200]]","[0,-1,-1]",0,0
820,321,1004,19,3,0,Ý chí của D +1,0,0,0,0,0,0,0,0,"Tăng khả năng kháng lại tác dụng phụ của đòn tấn công vật lý như Hoa mắt, choáng, chảy máu, giảm tấn công, giảm phòng thủ.",2,0,0,"[[26,250]]","[0,-1,-1]",0,0
822,322,1004,19,3,0,Ý chí của D +2,0,0,0,0,0,0,0,0,"Tăng khả năng kháng lại tác dụng phụ của đòn tấn công vật lý như Hoa mắt, choáng, chảy máu, giảm tấn công, giảm phòng thủ.",3,0,0,"[[26,300]]","[0,-1,-1]",0,0
824,323,1004,19,3,0,Ý chí của D +3,0,0,0,0,0,0,0,0,"Tăng khả năng kháng lại tác dụng phụ của đòn tấn công vật lý như Hoa mắt, choáng, chảy máu, giảm tấn công, giảm phòng thủ.",4,0,0,"[[26,350]]","[0,-1,-1]",0,0
826,324,1004,19,3,0,Ý chí của D +4,0,0,0,0,0,0,0,0,"Tăng khả năng kháng lại tác dụng phụ của đòn tấn công vật lý như Hoa mắt, choáng, chảy máu, giảm tấn công, giảm phòng thủ.",5,0,0,"[[26,400]]","[0,-1,-1]",0,0
828,325,1005,20,3,0,Tinh thần võ sĩ đạo,0,0,0,0,0,0,0,0,"Tăng khả năng kháng lại tác dụng phụ của đòn tấn công thuộc tính như Lửa cháy, Đóng băng, Điện giật và Trúng độc.",1,0,0,"[[27,200]]","[0,-1,-1]",0,0
830,326,1005,20,3,0,Tinh thần võ sĩ đạo +1,0,0,0,0,0,0,0,0,"Tăng khả năng kháng lại tác dụng phụ của đòn tấn công thuộc tính như Lửa cháy, Đóng băng, Điện giật và Trúng độc.",2,0,0,"[[27,250]]","[0,-1,-1]",0,0
832,327,1005,20,3,0,Tinh thần võ sĩ đạo +2,0,0,0,0,0,0,0,0,"Tăng khả năng kháng lại tác dụng phụ của đòn tấn công thuộc tính như Lửa cháy, Đóng băng, Điện giật và Trúng độc.",3,0,0,"[[27,300]]","[0,-1,-1]",0,0
834,328,1005,20,3,0,Tinh thần võ sĩ đạo +3,0,0,0,0,0,0,0,0,"Tăng khả năng kháng lại tác dụng phụ của đòn tấn công thuộc tính như Lửa cháy, Đóng băng, Điện giật và Trúng độc.",4,0,0,"[[27,350]]","[0,-1,-1]",0,0
836,329,1005,20,3,0,Tinh thần võ sĩ đạo +4,0,0,0,0,0,0,0,0,"Tăng khả năng kháng lại tác dụng phụ của đòn tấn công thuộc tính như Lửa cháy, Đóng băng, Điện giật và Trúng độc.",5,0,0,"[[27,400]]","[0,-1,-1]",0,0
946,487,1010,41,2,1,Unstoppable,46,120,120,1,0,50,60000,0,Receive an immortal body with strongest fight skills for a temporary time.,1,0,0,"[[26,1000],[27,1000],[31,1],[32,80]]","[0,-1,-1]",0,0
948,488,1010,41,2,1,Unstoppable +1,46,120,120,1,0,60,59000,0,Receive an immortal body with strongest fight skills for a temporary time.,2,0,0,"[[26,1000],[27,1000],[31,1],[32,85]]","[0,-1,-1]",0,0
950,489,1010,41,2,1,Unstoppable +2,46,120,120,1,0,70,58000,0,Receive an immortal body with strongest fight skills for a temporary time.,3,0,0,"[[26,1000],[27,1000],[31,1],[32,90]]","[0,-1,-1]",0,0
952,490,1010,41,2,1,Unstoppable +3,46,120,120,1,0,80,57000,0,Receive an immortal body with strongest fight skills for a temporary time.,4,0,0,"[[26,1000],[27,1000],[31,1],[32,95]]","[0,-1,-1]",0,0
954,491,1010,41,2,1,Unstoppable +4,46,120,120,1,0,90,56000,0,Receive an immortal body with strongest fight skills for a temporary time.,5,0,0,"[[26,1000],[27,1000],[31,1],[32,100]]","[0,-1,-1]",0,0
956,497,1012,43,2,1,Sức mạnh của tình yêu,46,120,120,1,0,50,60000,0,"Cơ thể như muốn bùng cháy, tăng 50% tốc độ ra đòn, tuyệt kỹ đặc biệt của một người đàn ông.",1,0,0,"[[25,500],[31,1],[32,80]]","[0,-1,-1]",0,0
958,498,1012,43,2,1,Sức mạnh của tình yêu +1,46,120,120,1,0,60,59000,0,"Cơ thể như muốn bùng cháy, tăng 50% tốc độ ra đòn, tuyệt kỹ đặc biệt của một người đàn ông.",2,0,0,"[[25,500],[31,1],[32,85]]","[0,-1,-1]",0,0
960,499,1012,43,2,1,Sức mạnh của tình yêu +2,46,120,120,1,0,70,58000,0,"Cơ thể như muốn bùng cháy, tăng 50% tốc độ ra đòn, tuyệt kỹ đặc biệt của một người đàn ông.",3,0,0,"[[25,500],[31,1],[32,90]]","[0,-1,-1]",0,0
962,500,1012,43,2,1,Sức mạnh của tình yêu +3,46,120,120,1,0,80,57000,0,"Cơ thể như muốn bùng cháy, tăng 50% tốc độ ra đòn, tuyệt kỹ đặc biệt của một người đàn ông.",4,0,0,"[[25,500],[31,1],[32,95]]","[0,-1,-1]",0,0
964,501,1012,43,2,1,Sức mạnh của tình yêu +4,46,120,120,1,0,90,56000,0,"Cơ thể như muốn bùng cháy, tăng 50% tốc độ ra đòn, tuyệt kỹ đặc biệt của một người đàn ông.",5,0,0,"[[25,500],[31,1],[32,100]]","[0,-1,-1]",0,0
966,502,1013,44,2,1,Cơn thịnh nộ của thời tiết,46,120,120,1,0,50,60000,0,"Tạo ra một cơn mưa sấm chớp giáng liên tục xuống đầu kẻ thù, kỹ năng tuyệt vời của một hoa tiêu.",1,0,0,"[[31,1],[32,70]]","[0,-1,-1]",0,0
968,503,1013,44,2,1,Cơn thịnh nộ của thời tiết +1,46,120,120,1,0,60,59000,0,"Tạo ra một cơn mưa sấm chớp giáng liên tục xuống đầu kẻ thù, kỹ năng tuyệt vời của một hoa tiêu.",2,0,0,"[[31,1],[32,70]]","[0,-1,-1]",0,0
970,504,1013,44,2,1,Cơn thịnh nộ của thời tiết +2,46,120,120,1,0,70,58000,0,"Tạo ra một cơn mưa sấm chớp giáng liên tục xuống đầu kẻ thù, kỹ năng tuyệt vời của một hoa tiêu.",3,0,0,"[[31,1],[32,70]]","[0,-1,-1]",0,0
972,505,1013,44,2,1,Cơn thịnh nộ của thời tiết +3,46,120,120,1,0,80,57000,0,"Tạo ra một cơn mưa sấm chớp giáng liên tục xuống đầu kẻ thù, kỹ năng tuyệt vời của một hoa tiêu.",4,0,0,"[[31,1],[32,70]]","[0,-1,-1]",0,0
974,506,1013,44,2,1,Cơn thịnh nộ của thời tiết +4,46,120,120,1,0,90,56000,0,"Tạo ra một cơn mưa sấm chớp giáng liên tục xuống đầu kẻ thù, kỹ năng tuyệt vời của một hoa tiêu.",5,0,0,"[[31,1],[32,70]]","[0,-1,-1]",0,0
976,507,1014,45,2,1,Bomb hẹn giờ,46,120,120,5,0,50,60000,0,"Chiêu thức đặc biệt thả ra những quả mìn hẹn giờ và tự kết dính, khi phát nổ sẽ gây choáng cho đối thủ.",1,0,0,"[[31,1],[32,40]]","[0,-1,-1]",0,0
978,508,1014,45,2,1,Bomb hẹn giờ +1,46,120,120,5,0,60,59000,0,"Chiêu thức đặc biệt thả ra những quả mìn hẹn giờ và tự kết dính, khi phát nổ sẽ gây choáng cho đối thủ.",2,0,0,"[[31,1],[32,40]]","[0,-1,-1]",0,0
980,509,1014,45,2,1,Bomb hẹn giờ +2,46,120,120,5,0,70,58000,0,"Chiêu thức đặc biệt thả ra những quả mìn hẹn giờ và tự kết dính, khi phát nổ sẽ gây choáng cho đối thủ.",3,0,0,"[[31,1],[32,40]]","[0,-1,-1]",0,0
982,510,1014,45,2,1,Bomb hẹn giờ +3,46,120,120,5,0,80,57000,0,"Chiêu thức đặc biệt thả ra những quả mìn hẹn giờ và tự kết dính, khi phát nổ sẽ gây choáng cho đối thủ.",4,0,0,"[[31,1],[32,40]]","[0,-1,-1]",0,0
984,511,1014,45,2,1,Bomb hẹn giờ +4,46,120,120,5,0,90,56000,0,"Chiêu thức đặc biệt thả ra những quả mìn hẹn giờ và tự kết dính, khi phát nổ sẽ gây choáng cho đối thủ.",5,0,0,"[[31,1],[32,40]]","[0,-1,-1]",0,0
987,566,0,0,1,0,Quả đấm tốc độ,212,50,50,1,323,0,1000,5,Kỹ năng tấn công cơ bản của các võ sĩ.,21,0,0,"[[28,5],[29,100],[30,42]]","[5,100,42]",0,0
988,567,0,0,1,0,Quả đấm tốc độ,212,50,50,1,352,0,1000,5,Kỹ năng tấn công cơ bản của các võ sĩ.,22,0,0,"[[28,5],[29,110],[30,44]]","[5,110,44]",0,0
989,569,0,0,1,0,Quả đấm tốc độ,212,50,50,1,413,0,1000,5,Kỹ năng tấn công cơ bản của các võ sĩ.,24,0,0,"[[28,5],[29,120],[30,48]]","[5,120,48]",0,0
990,570,0,0,1,0,Quả đấm tốc độ,271,50,50,1,445,0,1000,5,Kỹ năng tấn công cơ bản của các võ sĩ.,25,0,0,"[[28,5],[29,120],[30,50]]","[5,120,50]",0,0
991,571,0,0,1,0,Quả đấm tốc độ,271,50,50,1,439,0,1000,5,Kỹ năng tấn công cơ bản của các võ sĩ.,26,0,0,"[[28,5],[29,130],[30,52]]","[5,130,52]",0,0
992,572,1,1,1,0,Bazooka,213,120,120,1,1033,9,2000,1,Tung một cú đấm nhanh như viên đạn súng lục.,21,0,0,"[[10,80],[11,210],[28,5],[29,260],[30,40]]","[5,260,40]",0,0
993,573,1,1,1,0,Bazooka,213,120,120,1,1125,9,1900,1,Tung một cú đấm nhanh như viên đạn súng lục.,22,0,0,"[[10,80],[11,220],[28,5],[29,270],[30,41]]","[5,270,41]",0,0
994,575,1,1,1,0,Bazooka,213,120,120,1,1321,9,1700,1,Tung một cú đấm nhanh như viên đạn súng lục.,24,0,0,"[[10,80],[11,240],[28,5],[29,290],[30,43]]","[5,290,43]",0,0
995,576,1,1,1,0,Bazooka,272,120,120,1,1425,9,1600,1,Tung một cú đấm nhanh như viên đạn súng lục.,25,0,0,"[[10,90],[11,250],[28,5],[29,300],[30,44]]","[5,300,44]",0,0
996,578,2,2,1,0,Liên hoàng cú đấm,214,80,80,4,647,15,5000,5,Tấn công liên tiếp vào đối thủ bằng những cú đấm như trời giáng.,21,0,0,"[[28,5],[29,100],[30,32]]","[5,100,32]",0,0
997,579,2,2,1,0,Liên hoàng cú đấm,214,80,80,4,706,15,4800,5,Tấn công liên tiếp vào đối thủ bằng những cú đấm như trời giáng.,22,0,0,"[[28,5],[29,110],[30,34]]","[5,110,34]",0,0
998,582,2,2,1,0,Liên hoàng cú đấm,273,80,80,5,901,17,4200,5,Tấn công liên tiếp vào đối thủ bằng những cú đấm như trời giáng.,25,0,0,"[[28,5],[29,120],[30,40]]","[5,120,40]",0,0
999,583,2,2,1,0,Liên hoàng cú đấm,273,80,80,5,977,17,4200,5,Tấn công liên tiếp vào đối thủ bằng những cú đấm như trời giáng.,26,0,0,"[[28,5],[29,120],[30,40]]","[5,120,40]",0,0
1000,603,0,6,1,0,Hắc cước,218,50,50,1,352,0,1000,5,Cú đá in hằn dấu chân lên đối phương.,22,0,0,"[[28,4],[29,110],[30,44]]","[4,110,44]",0,0
1001,604,0,6,1,0,Hắc cước,218,50,50,1,382,0,1000,5,Cú đá in hằn dấu chân lên đối phương.,23,0,0,"[[28,4],[29,110],[30,46]]","[4,110,46]",0,0
1002,606,0,6,1,0,Hắc cước,291,50,50,1,447,0,1000,6,Cú đá in hằn dấu chân lên đối phương.,25,0,0,"[[28,4],[29,120],[30,50]]","[4,120,50]",0,0
1003,607,0,6,1,0,Hắc cước,291,50,50,1,439,0,1000,6,Cú đá in hằn dấu chân lên đối phương.,26,0,0,"[[28,4],[29,120],[30,50]]","[4,120,50]",0,0
1004,609,1,7,1,0,Knock out,219,120,120,1,1125,12,1900,1,Lao đến đối phương và tung một cú đá khiến đối thủ bật lên cao.,22,0,0,"[[10,80],[11,220],[28,4],[29,270],[30,41]]","[4,270,41]",0,0
1005,610,1,7,1,0,Knock out,219,120,120,1,1221,12,1800,1,Lao đến đối phương và tung một cú đá khiến đối thủ bật lên cao.,23,0,0,"[[10,80],[11,230],[28,4],[29,280],[30,42]]","[4,280,42]",0,0
1006,612,1,7,1,0,Knock out,292,120,120,1,1425,12,1600,1,Lao đến đối phương và tung một cú đá khiến đối thủ bật lên cao.,25,0,0,"[[10,90],[11,250],[28,4],[29,300],[30,44]]","[4,300,44]",0,0
1007,613,1,7,1,0,Knock out,292,120,120,1,1505,9,1500,1,Lao đến đối phương và tung một cú đá khiến đối thủ bật lên cao.,26,0,0,"[[10,90],[11,260],[28,4],[29,310],[30,45]]","[4,310,45]",0,0
1008,614,2,8,1,0,Thịt băm,220,80,80,5,646,15,5000,5,Tung liên hoàn cước nhịp nhàng như một đầu bếp đang băm thịt.,21,0,0,"[[28,3],[29,100],[30,32]]","[3,100,32]",0,0
1009,615,2,8,1,0,Thịt băm,220,80,80,5,704,15,4800,5,Tung liên hoàn cước nhịp nhàng như một đầu bếp đang băm thịt.,22,0,0,"[[28,3],[29,110],[30,34]]","[3,110,34]",0,0
1010,618,2,8,1,0,Thịt băm,293,80,80,5,892,17,4200,5,Tung liên hoàn cước nhịp nhàng như một đầu bếp đang băm thịt.,25,0,0,"[[28,3],[29,120],[30,40]]","[3,120,40]",0,0
1011,619,2,8,1,0,Thịt băm,293,80,80,5,977,17,4200,5,Tung liên hoàn cước nhịp nhàng như một đầu bếp đang băm thịt.,26,0,0,"[[28,3],[29,120],[30,40]]","[3,120,40]",0,0
1012,621,0,9,1,0,Gậy chong chóng,221,60,60,1,352,0,1000,1,Đòn tấn công khéo léo bằng gậy của một hoa tiêu.,22,0,0,"[[28,5],[29,270],[30,31]]","[5,270,31]",0,0
1013,622,0,9,1,0,Gậy chong chóng,221,60,60,1,383,0,1000,1,Đòn tấn công khéo léo bằng gậy của một hoa tiêu.,23,0,0,"[[28,5],[29,280],[30,32]]","[5,280,32]",0,0
1014,624,0,9,1,0,Gậy chong chóng,311,60,60,1,449,0,1000,1,Đòn tấn công khéo léo bằng gậy của một hoa tiêu.,25,0,0,"[[28,5],[29,300],[30,34]]","[5,300,34]",0,0
1015,625,0,9,1,0,Gậy chong chóng,311,60,60,1,439,0,1000,1,Đòn tấn công khéo léo bằng gậy của một hoa tiêu.,26,0,0,"[[28,5],[29,300],[30,34]]","[5,300,34]",0,0
1016,628,1,10,1,0,Bong bóng tích điện,222,120,120,1,1073,13,1800,1,Phóng những quả bóng hơi nước gây sock điện bất cứ ai đến gần nó.,23,0,0,"[[13,80],[28,6],[29,340],[30,100]]","[6,340,100]",0,0
1017,629,1,10,1,0,Bong bóng tích điện,222,120,120,1,1163,13,1700,1,Phóng những quả bóng hơi nước gây sock điện bất cứ ai đến gần nó.,24,0,0,"[[13,80],[28,6],[29,350],[30,100]]","[6,350,100]",0,0
1018,630,1,10,1,0,Bong bóng tích điện,312,120,120,1,1257,13,1600,1,Phóng những quả bóng hơi nước gây sock điện bất cứ ai đến gần nó.,25,0,0,"[[13,90],[28,6],[29,360],[30,100]]","[6,360,100]",0,0
1019,631,1,10,1,0,Bong bóng tích điện,312,120,120,1,1505,11,1500,1,Phóng những quả bóng hơi nước gây sock điện bất cứ ai đến gần nó.,26,0,0,"[[13,90],[28,6],[29,360],[30,100]]","[6,360,100]",0,0
1020,634,2,11,1,0,Bão sấm,223,80,80,6,613,17,4600,1,Tạo ra một trận mây sấm diện rộng trên đầu đối thủ.,23,0,0,"[[28,6],[29,130],[30,60]]","[6,130,60]",0,0
1021,635,2,11,1,0,Bão sấm,223,80,80,6,666,17,4400,1,Tạo ra một trận mây sấm diện rộng trên đầu đối thủ.,24,0,0,"[[28,6],[29,140],[30,60]]","[6,140,60]",0,0
1022,636,2,11,1,0,Bão sấm,313,80,80,6,722,18,4200,1,Tạo ra một trận mây sấm diện rộng trên đầu đối thủ.,25,0,0,"[[28,6],[29,140],[30,60]]","[6,140,60]",0,0
1023,637,2,11,1,0,Bão sấm,313,80,80,5,977,18,4200,5,Tạo ra một trận mây sấm diện rộng trên đầu đối thủ.,26,0,0,"[[28,6],[29,140],[30,60]]","[6,140,60]",0,0
1024,638,0,12,1,0,Double Shot,224,120,120,1,323,0,1000,3,Kỹ năng bắn súng lục đôi của một xạ thủ hải tặc.,21,0,0,"[[28,4],[29,170],[30,42]]","[4,170,42]",0,0
1025,641,0,12,1,0,Double Shot,224,120,120,1,419,0,1000,3,Kỹ năng bắn súng lục đôi của một xạ thủ hải tặc.,24,0,0,"[[28,4],[29,200],[30,48]]","[4,200,48]",0,0
1026,642,0,12,1,0,Double Shot,301,120,120,1,455,0,1000,3,Kỹ năng bắn súng lục đôi của một xạ thủ hải tặc.,25,0,0,"[[28,4],[29,210],[30,50]]","[4,210,50]",0,0
1027,643,0,12,1,0,Double Shot,301,120,120,1,439,0,1000,3,Kỹ năng bắn súng lục đôi của một xạ thủ hải tặc.,26,0,0,"[[28,4],[29,210],[30,50]]","[4,210,50]",0,0
1028,644,1,13,1,0,Quả cầu lửa,225,120,120,1,905,13,2000,1,Sử dụng súng hạng nặng phóng một quả cầu lửa vào đối thủ.,21,0,0,"[[11,210],[13,80],[28,7],[29,320],[30,80]]","[7,320,80]",0,0
1029,647,1,13,1,0,Quả cầu lửa,225,120,120,1,1163,13,1700,1,Sử dụng súng hạng nặng phóng một quả cầu lửa vào đối thủ.,24,0,0,"[[11,240],[13,80],[28,7],[29,350],[30,80]]","[7,350,80]",0,0
1030,648,1,13,1,0,Quả cầu lửa,302,120,120,1,1257,13,1600,1,Sử dụng súng hạng nặng phóng một quả cầu lửa vào đối thủ.,25,0,0,"[[11,250],[13,90],[28,7],[29,360],[30,80]]","[7,360,80]",0,0
1031,649,1,13,1,0,Quả cầu lửa,302,120,120,1,1505,11,1500,1,Sử dụng súng hạng nặng phóng một quả cầu lửa vào đối thủ.,26,0,0,"[[11,250],[13,90],[28,7],[29,360],[30,80]]","[7,360,80]",0,0
1033,553,1006,86,3,0,Nổ lực không ngừng +1,0,0,0,0,0,0,0,0,Quá trình luyện tập gian khổ giúp cơ thể tự tạo lớp phòng thủ hóa giải sát thương từ đối thủ,2,0,0,"[[53,80]]","[0,-1,-1]",0,0
1035,554,1006,86,3,0,Nổ lực không ngừng +2,0,0,0,0,0,0,0,0,Quá trình luyện tập gian khổ giúp cơ thể tự tạo lớp phòng thủ hóa giải sát thương từ đối thủ,3,0,0,"[[53,120]]","[0,-1,-1]",0,0
1037,555,1006,86,3,0,Nổ lực không ngừng +3,0,0,0,0,0,0,0,0,Quá trình luyện tập gian khổ giúp cơ thể tự tạo lớp phòng thủ hóa giải sát thương từ đối thủ,4,0,0,"[[53,160]]","[0,-1,-1]",0,0
1039,556,1006,86,3,0,Nổ lực không ngừng +4,0,0,0,0,0,0,0,0,Quá trình luyện tập gian khổ giúp cơ thể tự tạo lớp phòng thủ hóa giải sát thương từ đối thủ,5,0,0,"[[53,200]]","[0,-1,-1]",0,0
1041,557,1007,87,3,0,Luyện tập gian khổ,0,0,0,0,0,0,0,0,Chăm chỉ luyện tập mỗi ngày đưa bản thân đến mức miễn nhiểm mọi hiệu ứng.,-1,0,0,[],"[0,-1,-1]",0,0
1042,558,1007,87,3,0,Luyện tập gian khổ +1,0,0,0,0,0,0,0,0,Chăm chỉ luyện tập mỗi ngày đưa bản thân đến mức miễn nhiểm mọi hiệu ứng.,2,0,0,"[[47,40]]","[0,-1,-1]",0,0
1044,559,1007,87,3,0,Luyện tập gian khổ +2,0,0,0,0,0,0,0,0,Chăm chỉ luyện tập mỗi ngày đưa bản thân đến mức miễn nhiểm mọi hiệu ứng.,3,0,0,"[[47,60]]","[0,-1,-1]",0,0
1046,560,1007,87,3,0,Luyện tập gian khổ +3,0,0,0,0,0,0,0,0,Chăm chỉ luyện tập mỗi ngày đưa bản thân đến mức miễn nhiểm mọi hiệu ứng.,4,0,0,"[[47,90]]","[0,-1,-1]",0,0
1048,561,1007,87,3,0,Luyện tập gian khổ +4,0,0,0,0,0,0,0,0,Chăm chỉ luyện tập mỗi ngày đưa bản thân đến mức miễn nhiểm mọi hiệu ứng.,5,0,0,"[[47,120]]","[0,-1,-1]",0,0
1054,584,0,3,1,0,Nhất kiếm,215,50,50,1,322,0,1000,5,Nhát chém tạo ra bằng một thanh kiếm sắc bén.,21,0,0,"[[11,260],[28,2],[29,100],[30,42]]","[2,100,42]",0,0
1055,589,0,3,1,0,Nhất kiếm,281,50,50,1,439,0,1000,6,Nhát chém tạo ra bằng một thanh kiếm sắc bén.,26,0,0,"[[11,300],[28,2],[29,120],[30,50]]","[2,120,50]",0,0
1056,590,1,4,1,0,Nhị trảm,216,120,120,1,1033,12,2000,1,Tung ra 2 đường kiếm song song tấn công đối thủ từ khoản cách xa.,21,0,0,"[[13,80],[28,2],[29,260],[30,60]]","[2,260,60]",0,0
1057,595,1,4,1,0,Nhị trảm,282,120,120,1,1505,12,1500,1,Tung ra 2 đường kiếm song song tấn công đối thủ từ khoản cách xa.,26,0,0,"[[13,90],[28,2],[29,300],[30,64]]","[2,300,64]",0,0
1059,596,2,5,1,0,Vòi rồng,217,80,80,5,646,15,5000,1,Thuật sử dụng tam kiếm tạo ra một cơn lốc xoáy cuốn theo mọi thứ xung quanh.,21,0,0,"[[28,2],[29,100],[30,32]]","[2,100,32]",0,0
1060,601,2,5,1,0,Vòi rồng,283,80,80,5,977,17,4200,5,Thuật sử dụng tam kiếm tạo ra một cơn lốc xoáy cuốn theo mọi thứ xung quanh.,26,0,0,"[[28,2],[29,120],[30,40]]","[2,120,40]",0,0
1061,492,1011,42,2,1,Ảo ảnh tam kiếm,46,120,120,1,0,50,60000,0,"Kỹ năng tối thượng, thân pháp phản lại mọi đòn đánh của đối thủ như ảo ảnh.",1,0,0,"[[14,1000],[31,1],[32,80]]","[0,-1,-1]",0,0
1063,493,1011,42,2,1,Ảo ảnh tam kiếm +1,46,120,120,1,0,60,59000,0,"Kỹ năng tối thượng, thân pháp phản lại mọi đòn đánh của đối thủ như ảo ảnh.",2,0,0,"[[14,1000],[31,1],[32,85]]","[0,-1,-1]",0,0
1065,494,1011,42,2,1,Ảo ảnh tam kiếm +2,46,120,120,1,0,70,58000,0,"Kỹ năng tối thượng, thân pháp phản lại mọi đòn đánh của đối thủ như ảo ảnh.",3,0,0,"[[14,1000],[31,1],[32,90]]","[0,-1,-1]",0,0
1067,495,1011,42,2,1,Ảo ảnh tam kiếm +3,46,120,120,1,0,80,57000,0,"Kỹ năng tối thượng, thân pháp phản lại mọi đòn đánh của đối thủ như ảo ảnh.",4,0,0,"[[14,1000],[31,1],[32,95]]","[0,-1,-1]",0,0
1069,496,1011,42,2,1,Ảo ảnh tam kiếm +4,46,120,120,1,0,90,56000,0,"Kỹ năng tối thượng, thân pháp phản lại mọi đòn đánh của đối thủ như ảo ảnh.",5,0,0,"[[14,1000],[31,1],[32,100]]","[0,-1,-1]",0,0
1073,650,2,14,1,0,Pháo hoa,226,80,80,5,646,16,5000,1,Tạo ra một màn trình diễn pháo hoa gây sát thương diện rộng.,21,0,0,"[[28,7],[29,110],[30,60]]","[7,110,60]",0,0
4004,552,1006,86,3,0,Nổ lực không ngừng,0,0,0,0,0,0,0,0,Quá trình luyện tập gian khổ giúp cơ thể tự tạo lớp phòng thủ hóa giải sát thương từ đối thủ,-1,0,0,[],"[0,-1,-1]",0,0
4005,507,1014,45,2,1,Bomb hẹn giờ,46,120,120,5,0,50,60000,0,"Chiêu thức đặc biệt thả ra những quả mìn hẹn giờ và tự kết dính, khi phát nổ sẽ gây choáng cho đối thủ.",-1,0,0,[],"[0,-1,-1]",0,0
4006,502,1013,44,2,1,Cơn thịnh nộ của thời tiết,46,120,120,1,0,50,60000,0,"Tạo ra một cơn mưa sấm chớp giáng liên tục xuống đầu kẻ thù, kỹ năng tuyệt vời của một hoa tiêu.",-1,0,0,[],"[0,-1,-1]",0,0
4007,497,1012,43,2,1,Sức mạnh của tình yêu,46,120,120,1,0,50,60000,0,"Cơ thể như muốn bùng cháy, tăng 50% tốc độ ra đòn, tuyệt kỹ đặc biệt của một người đàn ông.",-1,0,0,[],"[0,-1,-1]",0,0
4008,492,1011,42,2,1,Ảo ảnh tam kiếm,46,120,120,1,0,50,60000,0,"Kỹ năng tối thượng, thân pháp phản lại mọi đòn đánh của đối thủ như ảo ảnh.",-1,0,0,[],"[0,-1,-1]",0,0
4009,487,1010,41,2,1,Unstoppable,46,120,120,1,0,50,60000,0,Receive an immortal body with strongest fight skills for a temporary time.,-1,0,0,[],"[0,-1,-1]",0,0
4010,568,0,0,1,0,Quả đấm tốc độ,212,50,50,1,382,0,1000,5,Kỹ năng tấn công cơ bản của các võ sĩ.,23,0,0,"[[28,5],[29,110],[30,46]]","[5,110,46]",0,0
4011,574,1,1,1,0,Bazooka,213,120,120,1,1221,9,1800,1,Tung một cú đấm nhanh như viên đạn súng lục.,23,0,0,"[[10,80],[11,230],[28,5],[29,280],[30,42]]","[5,280,42]",0,0
4012,577,1,1,1,0,Bazooka,272,120,120,1,1505,9,1500,1,Tung một cú đấm nhanh như viên đạn súng lục.,26,0,0,"[[10,90],[11,260],[28,5],[29,310],[30,45]]","[5,310,45]",0,0
4013,20,1,1,1,0,Bazooka,34,120,120,1,80,2,4000,1,Tung một cú đấm nhanh như viên đạn súng lục.,-1,0,0,"[[28,5],[29,60],[30,20]]","[5,60,20]",0,0
4014,580,2,2,1,0,Liên hoàng cú đấm,214,80,80,4,768,16,4600,5,Tấn công liên tiếp vào đối thủ bằng những cú đấm như trời giáng.,23,0,0,"[[28,5],[29,110],[30,36]]","[5,110,36]",0,0
4015,581,2,2,1,0,Liên hoàng cú đấm,214,80,80,4,833,16,4400,5,Tấn công liên tiếp vào đối thủ bằng những cú đấm như trời giáng.,24,0,0,"[[28,5],[29,120],[30,38]]","[5,120,38]",0,0
4016,585,0,3,1,0,Nhất kiếm,215,50,50,1,350,0,1000,5,Nhát chém tạo ra bằng một thanh kiếm sắc bén.,22,0,0,"[[11,270],[28,2],[29,110],[30,44]]","[2,110,44]",0,0
4017,586,0,3,1,0,Nhất kiếm,215,50,50,1,379,0,1000,5,Nhát chém tạo ra bằng một thanh kiếm sắc bén.,23,0,0,"[[11,280],[28,2],[29,110],[30,46]]","[2,110,46]",0,0
4018,587,0,3,1,0,Nhất kiếm,215,50,50,1,409,0,1000,5,Nhát chém tạo ra bằng một thanh kiếm sắc bén.,24,0,0,"[[11,290],[28,2],[29,120],[30,48]]","[2,120,48]",0,0
4019,588,0,3,1,0,Nhất kiếm,281,50,50,1,440,0,1000,6,Nhát chém tạo ra bằng một thanh kiếm sắc bén.,25,0,0,"[[11,300],[28,2],[29,120],[30,50]]","[2,120,50]",0,0
4021,591,1,4,1,0,Nhị trảm,216,120,120,1,1125,12,1900,1,Tung ra 2 đường kiếm song song tấn công đối thủ từ khoản cách xa.,22,0,0,"[[13,80],[28,2],[29,270],[30,61]]","[2,270,61]",0,0
4022,592,1,4,1,0,Nhị trảm,216,120,120,1,1221,12,1800,1,Tung ra 2 đường kiếm song song tấn công đối thủ từ khoản cách xa.,23,0,0,"[[13,80],[28,2],[29,280],[30,62]]","[2,280,62]",0,0
4023,593,1,4,1,0,Nhị trảm,216,120,120,1,1321,12,1700,1,Tung ra 2 đường kiếm song song tấn công đối thủ từ khoản cách xa.,24,0,0,"[[13,80],[28,2],[29,290],[30,63]]","[2,290,63]",0,0
4024,594,1,4,1,0,Nhị trảm,282,120,120,1,1425,12,1600,1,Tung ra 2 đường kiếm song song tấn công đối thủ từ khoản cách xa.,25,0,0,"[[13,90],[28,2],[29,300],[30,64]]","[2,300,64]",0,0
4025,597,2,5,1,0,Vòi rồng,217,80,80,5,703,15,4800,1,Thuật sử dụng tam kiếm tạo ra một cơn lốc xoáy cuốn theo mọi thứ xung quanh.,22,0,0,"[[28,2],[29,110],[30,34]]","[2,110,34]",0,0
4026,598,2,5,1,0,Vòi rồng,217,80,80,5,763,16,4600,1,Thuật sử dụng tam kiếm tạo ra một cơn lốc xoáy cuốn theo mọi thứ xung quanh.,23,0,0,"[[28,2],[29,110],[30,36]]","[2,110,36]",0,0
4027,599,2,5,1,0,Vòi rồng,217,80,80,5,826,16,4400,1,Thuật sử dụng tam kiếm tạo ra một cơn lốc xoáy cuốn theo mọi thứ xung quanh.,24,0,0,"[[28,2],[29,120],[30,38]]","[2,120,38]",0,0
4028,600,2,5,1,0,Vòi rồng,283,80,80,5,891,17,4200,1,Thuật sử dụng tam kiếm tạo ra một cơn lốc xoáy cuốn theo mọi thứ xung quanh.,25,0,0,"[[28,2],[29,120],[30,40]]","[2,120,40]",0,0
4029,602,0,6,1,0,Hắc cước,218,50,50,1,323,0,1000,5,Cú đá in hằn dấu chân lên đối phương.,21,0,0,"[[28,4],[29,100],[30,42]]","[4,100,42]",0,0
4030,605,0,6,1,0,Hắc cước,218,50,50,1,414,0,1000,5,Cú đá in hằn dấu chân lên đối phương.,24,0,0,"[[28,4],[29,120],[30,48]]","[4,120,48]",0,0
4031,611,1,7,1,0,Knock out,219,120,120,1,1321,12,1700,1,Lao đến đối phương và tung một cú đá khiến đối thủ bật lên cao.,24,0,0,"[[10,80],[11,240],[28,4],[29,290],[30,43]]","[4,290,43]",0,0
4032,608,1,7,1,0,Knock out,219,120,120,1,1033,12,2000,1,Lao đến đối phương và tung một cú đá khiến đối thủ bật lên cao.,21,0,0,"[[10,80],[11,210],[28,4],[29,260],[30,40]]","[4,260,40]",0,0
4033,616,2,8,1,0,Thịt băm,220,80,80,5,764,16,4600,5,Tung liên hoàn cước nhịp nhàng như một đầu bếp đang băm thịt.,23,0,0,"[[28,3],[29,110],[30,36]]","[3,110,36]",0,0
4034,617,2,8,1,0,Thịt băm,220,80,80,5,827,16,4400,5,Tung liên hoàn cước nhịp nhàng như một đầu bếp đang băm thịt.,24,0,0,"[[28,3],[29,120],[30,38]]","[3,120,38]",0,0
4035,620,0,9,1,0,Gậy chong chóng,221,60,60,1,323,0,1000,1,Đòn tấn công khéo léo bằng gậy của một hoa tiêu.,21,0,0,"[[28,5],[29,260],[30,30]]","[5,260,30]",0,0
4036,623,0,9,1,0,Gậy chong chóng,221,60,60,1,415,0,1000,1,Đòn tấn công khéo léo bằng gậy của một hoa tiêu.,24,0,0,"[[28,5],[29,290],[30,33]]","[5,290,33]",0,0
4037,626,1,10,1,0,Bong bóng tích điện,222,120,120,1,905,13,2000,1,Phóng những quả bóng hơi nước gây sock điện bất cứ ai đến gần nó.,21,0,0,"[[13,80],[28,6],[29,320],[30,100]]","[6,320,100]",0,0
4038,627,1,10,1,0,Bong bóng tích điện,222,120,120,1,987,13,1900,1,Phóng những quả bóng hơi nước gây sock điện bất cứ ai đến gần nó.,22,0,0,"[[13,80],[28,6],[29,330],[30,100]]","[6,330,100]",0,0
4039,632,2,11,1,0,Bão sấm,223,80,80,6,516,16,5000,1,Tạo ra một trận mây sấm diện rộng trên đầu đối thủ.,21,0,0,"[[28,6],[29,120],[30,60]]","[6,120,60]",0,0
4040,633,2,11,1,0,Bão sấm,223,80,80,6,563,16,4800,1,Tạo ra một trận mây sấm diện rộng trên đầu đối thủ.,22,0,0,"[[28,6],[29,130],[30,60]]","[6,130,60]",0,0
4041,639,0,12,1,0,Double Shot,224,120,120,1,353,0,1000,3,Kỹ năng bắn súng lục đôi của một xạ thủ hải tặc.,22,0,0,"[[28,4],[29,180],[30,44]]","[4,180,44]",0,0
4042,640,0,12,1,0,Double Shot,224,120,120,1,385,0,1000,3,Kỹ năng bắn súng lục đôi của một xạ thủ hải tặc.,23,0,0,"[[28,4],[29,190],[30,46]]","[4,190,46]",0,0
4043,645,1,13,1,0,Quả cầu lửa,225,120,120,1,987,13,1900,1,Sử dụng súng hạng nặng phóng một quả cầu lửa vào đối thủ.,22,0,0,"[[11,220],[13,80],[28,7],[29,330],[30,80]]","[7,330,80]",0,0
4044,646,1,13,1,0,Quả cầu lửa,225,120,120,1,1073,13,1800,1,Sử dụng súng hạng nặng phóng một quả cầu lửa vào đối thủ.,23,0,0,"[[11,230],[13,80],[28,7],[29,340],[30,80]]","[7,340,80]",0,0
4045,651,2,14,1,0,Pháo hoa,226,80,80,5,703,16,4800,1,Tạo ra một màn trình diễn pháo hoa gây sát thương diện rộng.,22,0,0,"[[28,7],[29,120],[30,60]]","[7,120,60]",0,0
4046,652,2,14,1,0,Pháo hoa,226,80,80,5,763,17,4600,1,Tạo ra một màn trình diễn pháo hoa gây sát thương diện rộng.,23,0,0,"[[28,7],[29,120],[30,60]]","[7,120,60]",0,0
4047,653,2,14,1,0,Pháo hoa,226,80,80,5,826,17,4400,1,Tạo ra một màn trình diễn pháo hoa gây sát thương diện rộng.,24,0,0,"[[28,7],[29,130],[30,60]]","[7,130,60]",0,0
4048,654,2,14,1,0,Pháo hoa,303,80,80,5,891,18,4200,1,Tạo ra một màn trình diễn pháo hoa gây sát thương diện rộng.,25,0,0,"[[28,7],[29,130],[30,60]]","[7,130,60]",0,0
4049,655,2,14,1,0,Pháo hoa,303,80,80,5,977,18,4200,5,Tạo ra một màn trình diễn pháo hoa gây sát thương diện rộng.,26,0,0,"[[28,7],[29,130],[30,60]]","[7,130,60]",0,0
4050,375,3,24,4,0,Bazooka Thủy Chiến,133,120,120,1,80,2,1500,1,Tung một cú đấm nhanh như viên đạn súng lục.,-1,0,0,"[[28,5],[29,60],[30,20]]","[5,60,20]",0,0
4051,656,2055,91,3,0,Dòng chảy ma pháp,0,0,0,0,0,0,0,0,Các tia sét bao bọc xung quanh giúp cường hóa sức mạnh cơ thể.,1,0,1,"[[13,350],[58,250],[59,250],[53,200]]","[0,-1,-1]",0,0
4052,657,2056,88,2,1,Vòng xoáy ma pháp,165,120,120,1,0,100,50000,0,Tạo một vòng tròn ma pháp dưới chân bảo vệ cơ thể khỏi các chiêu thức của đối thủ.,1,0,1,"[[10,600],[13,600],[12,400],[31,1],[32,250]]","[0,-1,-1]",0,0
4053,658,2057,90,1,0,Giải phóng,400,120,120,4,1600,50,17000,4,Giải phóng sức mạnh tích tụ từ hố đen từ trên đầu đối thủ giáng xuống một đòn cực mạnh 450% sát thương của chiêu thức Quả đấm tốc độ,1,0,1,"[[10,350],[11,300]]","[0,-1,-1]",0,0
4054,659,2058,89,1,0,Xoáy đen,401,120,120,1,1600,75,15000,1,Tung ra một cơn lốc đen có thể cuốn bay tất cả trong phạm vi của nó 800% sát thương của chiêu thức Quả đấm tốc độ,1,0,1,"[[1,350],[13,400],[28,16],[29,300],[30,40]]","[16,300,40]",0,0
4055,660,2059,93,2,1,Bộc phá,46,120,120,1,0,70,40000,1,"Bộc phá cơ thể, thúc đẩy 50% sức mạnh khi tấn công của bản thân",1,0,0,"[[31,1],[32,200],[65,30],[64,500]]","[0,-1,-1]",0,0
4056,661,5000,92,6,0,Chế tạo DIAL,0,120,120,0,0,0,0,0,"Kỹ năng chế tạo DIAL, cấp độ kỹ năng càng cao càng dễ dàng chế tạo được DIAL quý hiếm",1,0,0,[],"[0,-1,-1]",0,0
4057,662,5000,92,6,0,Chế tạo DIAL,0,120,120,0,0,0,0,0,"Kỹ năng chế tạo DIAL, cấp độ kỹ năng càng cao càng dễ dàng chế tạo được DIAL quý hiếm",2,0,0,[],"[0,-1,-1]",0,0
4058,663,5000,92,6,0,Chế tạo DIAL,0,120,120,0,0,0,0,0,"Kỹ năng chế tạo DIAL, cấp độ kỹ năng càng cao càng dễ dàng chế tạo được DIAL quý hiếm",3,0,0,[],"[0,-1,-1]",0,0
4059,664,5000,92,6,0,Chế tạo DIAL,0,120,120,0,0,0,0,0,"Kỹ năng chế tạo DIAL, cấp độ kỹ năng càng cao càng dễ dàng chế tạo được DIAL quý hiếm",4,0,0,[],"[0,-1,-1]",0,0
4060,665,5000,92,6,0,Chế tạo DIAL,0,120,120,0,0,0,0,0,"Kỹ năng chế tạo DIAL, cấp độ kỹ năng càng cao càng dễ dàng chế tạo được DIAL quý hiếm",5,0,0,[],"[0,-1,-1]",0,0
4061,666,5000,92,6,0,Chế tạo DIAL,0,120,120,0,0,0,0,0,"Kỹ năng chế tạo DIAL, cấp độ kỹ năng càng cao càng dễ dàng chế tạo được DIAL quý hiếm",6,0,0,[],"[0,-1,-1]",0,0
